{"type": "FeatureCollection", "features": [{"id": "0", "type": "Feature", "properties": {"bbox_west": 101.1810138, "bbox_south": 14.1203894, "bbox_east": 103.0125606, "bbox_north": 15.808174, "place_id": 236551841, "osm_type": "relation", "osm_id": 1908790, "lat": 15.2241917, "lon": 101.9313754, "class": "boundary", "type": "administrative", "place_rank": 8, "importance": 0.5181276333388423, "addresstype": "province", "name": "Nakhon Ratchasima Province", "display_name": "Nakhon Ratchasima Province, Thailand"}, "geometry": {"type": "Polygon", "coordinates": [[[101.1810138, 14.5440957], [101.1810366, 14.5438905], [101.1810675, 14.54375], [101.1811029, 14.543642], [101.181107, 14.5436296], [101.1811388, 14.543563], [101.1837192, 14.5397255], [101.1839063, 14.5393441], [101.1839372, 14.5392811], [101.183995, 14.5390856], [101.1840426, 14.5388123], [101.1841067, 14.5377751], [101.1841365, 14.5373045], [101.1841616, 14.5370894], [101.1841818, 14.5369829], [101.1842139, 14.5368616], [101.1842391, 14.5367763], [101.1843137, 14.5366192], [101.1845962, 14.5360241], [101.1846196, 14.5359747], [101.1846381, 14.5359307], [101.1846496, 14.5358686], [101.1846581, 14.5357712], [101.1846355, 14.5356665], [101.1846026, 14.535609], [101.1845342, 14.5355272], [101.1844548, 14.5354718], [101.1843566, 14.5354215], [101.1835372, 14.5351991], [101.1834884, 14.5351628], [101.1834451, 14.5351063], [101.1834265, 14.5350652], [101.1833952, 14.535001], [101.1833781, 14.5349067], [101.1833855, 14.5348382], [101.183418, 14.5347409], [101.1834657, 14.5346811], [101.1845442, 14.5335806], [101.1854686, 14.5324879], [101.1858617, 14.5320232], [101.1862624, 14.5316836], [101.1872713, 14.5307441], [101.187496, 14.5305699], [101.1876633, 14.5304699], [101.1880004, 14.5303297], [101.1880537, 14.5303076], [101.1881392, 14.5302617], [101.1882457, 14.5301754], [101.1883049, 14.5301005], [101.1884063, 14.5299457], [101.1885914, 14.529663], [101.1886553, 14.5296047], [101.1887335, 14.5295479], [101.1887968, 14.5295149], [101.1888644, 14.5294948], [101.188929, 14.5294891], [101.189092, 14.529475], [101.1891721, 14.5294499], [101.1892263, 14.529414], [101.1892615, 14.5293747], [101.1892693, 14.529366], [101.1898525, 14.5285903], [101.1899048, 14.5285178], [101.1901261, 14.5282603], [101.1902062, 14.5281887], [101.1903108, 14.5281445], [101.1904198, 14.5281356], [101.190524, 14.5281333], [101.1907028, 14.5281487], [101.1907959, 14.5281737], [101.191046, 14.5283378], [101.1913956, 14.5286328], [101.1914507, 14.5287001], [101.191488, 14.5287792], [101.1916804, 14.5294997], [101.1917056, 14.529551], [101.1917325, 14.529587], [101.1917401, 14.5295972], [101.1917772, 14.52963], [101.1918505, 14.5296693], [101.1919319, 14.5296884], [101.192016, 14.5296854], [101.1925328, 14.5295366], [101.1926643, 14.5295044], [101.1927301, 14.5294994], [101.1927824, 14.5295011], [101.1928529, 14.5295049], [101.1929486, 14.5295283], [101.1929988, 14.5295478], [101.1930583, 14.5295849], [101.1933875, 14.5298488], [101.1937535, 14.5301763], [101.1941158, 14.5305902], [101.1944456, 14.5309669], [101.1946101, 14.5311577], [101.1946888, 14.5312104], [101.1947334, 14.5312296], [101.1948218, 14.5312453], [101.1949034, 14.5312516], [101.1949932, 14.5312437], [101.1951493, 14.5311942], [101.1952769, 14.5311341], [101.1953558, 14.5310881], [101.1955817, 14.5308974], [101.1956801, 14.5307821], [101.1957793, 14.5305662], [101.1961401, 14.5289855], [101.1962579, 14.5284695], [101.1968856, 14.5257199], [101.196913, 14.5256181], [101.1969648, 14.5255028], [101.1970237, 14.525377], [101.1971201, 14.5252215], [101.1971591, 14.525175], [101.1972273, 14.5251271], [101.1972983, 14.5250868], [101.1974199, 14.5250367], [101.1976965, 14.5249395], [101.1985241, 14.5246977], [101.1987895, 14.5246], [101.1988552, 14.5245694], [101.2006509, 14.5237331], [101.2009019, 14.523564], [101.2031281, 14.5220649], [101.2033467, 14.5219162], [101.2035565, 14.5217735], [101.2040124, 14.5215561], [101.2043462, 14.5214223], [101.2046616, 14.521354], [101.2050364, 14.5213492], [101.2057486, 14.5213561], [101.2060625, 14.5213119], [101.2062318, 14.5212504], [101.2073654, 14.5206848], [101.2078521, 14.5205123], [101.2081196, 14.5204445], [101.2085599, 14.5204123], [101.2096521, 14.5204487], [101.2099104, 14.5204183], [101.21018, 14.5203113], [101.2103013, 14.5202478], [101.2104646, 14.5201092], [101.2105888, 14.5199448], [101.2108027, 14.519576], [101.2108862, 14.5193669], [101.2109368, 14.5191432], [101.2109941, 14.5187212], [101.2108984, 14.5172125], [101.2107723, 14.5152219], [101.2107726, 14.5149046], [101.210847, 14.51468], [101.2110397, 14.5144074], [101.211634, 14.5137481], [101.2124603, 14.5129442], [101.2128836, 14.5125412], [101.2132698, 14.5121736], [101.2141774, 14.5112421], [101.2145244, 14.5107666], [101.2153383, 14.509238], [101.2155631, 14.5088157], [101.2164988, 14.507319], [101.2166135, 14.5071356], [101.2170202, 14.5065903], [101.2173775, 14.5062353], [101.2175549, 14.5060968], [101.2177417, 14.5060014], [101.2182793, 14.5057265], [101.2184992, 14.505635], [101.2185556, 14.5056115], [101.2188555, 14.505533], [101.2194045, 14.5054125], [101.2212248, 14.5050129], [101.2219342, 14.5048572], [101.2222667, 14.5047622], [101.2225133, 14.5046249], [101.2228432, 14.5043767], [101.2230984, 14.5041107], [101.2231772, 14.5037933], [101.224465, 14.498608], [101.2244961, 14.4984832], [101.2247357, 14.4975181], [101.226007, 14.4944984], [101.2277393, 14.4921819], [101.2293857, 14.4903676], [101.2301617, 14.4894559], [101.2308031, 14.4887023], [101.2343926, 14.484485], [101.2385693, 14.4787795], [101.240981, 14.4748581], [101.2428317, 14.4711043], [101.2432774, 14.4718099], [101.2434545, 14.4723822], [101.2433603, 14.4731299], [101.2429869, 14.4738164], [101.2423174, 14.4754092], [101.24217, 14.4759367], [101.2420279, 14.4764451], [101.2420356, 14.4772069], [101.2421988, 14.4785229], [101.2422451, 14.4788763], [101.2422043, 14.4790744], [101.2420685, 14.4793671], [101.2419256, 14.4795036], [101.2417934, 14.4796298], [101.2414865, 14.4799137], [101.2413499, 14.4801336], [101.2412774, 14.4803528], [101.241258, 14.4805507], [101.2412816, 14.4807794], [101.2413496, 14.4811638], [101.2413949, 14.4814235], [101.2414834, 14.4817244], [101.2416144, 14.4820145], [101.2417665, 14.4822628], [101.2418967, 14.4824697], [101.2419626, 14.482646], [101.241954, 14.4828542], [101.2419031, 14.4831044], [101.2418297, 14.4832404], [101.2418002, 14.4834904], [101.2418793, 14.4839267], [101.2421662, 14.4848397], [101.2422536, 14.4850366], [101.2424924, 14.4854194], [101.2427857, 14.4859057], [101.242926, 14.48605], [101.2429817, 14.4862784], [101.243027, 14.4865381], [101.2440929, 14.4886952], [101.2447089, 14.489349], [101.2449495, 14.4897096], [101.2454925, 14.4898363], [101.246234, 14.4893699], [101.2463934, 14.4891691], [101.2465735, 14.4890386], [101.246765, 14.4890018], [101.2472284, 14.489029], [101.2472659, 14.4890367], [101.247858, 14.4891579], [101.2480305, 14.4891647], [101.2485873, 14.489305], [101.2490388, 14.4895921], [101.249056, 14.4896212], [101.2495242, 14.4898925], [101.2497676, 14.4900562], [101.2501401, 14.4903847], [101.2503634, 14.4906875], [101.2505076, 14.4910746], [101.2505655, 14.4914118], [101.2505665, 14.491798], [101.2504508, 14.4922238], [101.2502826, 14.4926185], [101.2502004, 14.4930292], [101.2502431, 14.4935269], [101.2503623, 14.4938499], [101.250648, 14.4942481], [101.2510848, 14.4946279], [101.2514201, 14.4948556], [101.2518639, 14.4951569], [101.2549898, 14.4970965], [101.2556874, 14.4975293], [101.2561575, 14.4977112], [101.2564043, 14.4977551], [101.2568185, 14.4974156], [101.2569884, 14.4973099], [101.2573718, 14.4972022], [101.2578521, 14.4971767], [101.2580155, 14.497195], [101.2580511, 14.4971859], [101.258289, 14.4972095], [101.2585638, 14.4973289], [101.2587441, 14.4974525], [101.2600248, 14.4986848], [101.2601878, 14.4988086], [101.2603282, 14.4988818], [101.2606983, 14.4989652], [101.2608374, 14.4990158], [101.2609905, 14.4990833], [101.2615807, 14.4994412], [101.2616452, 14.4994828], [101.2622423, 14.4998674], [101.262544, 14.5000644], [101.2627851, 14.5002937], [101.2629207, 14.5004595], [101.2630565, 14.5007078], [101.263152, 14.500865], [101.2632748, 14.5010253], [101.2633795, 14.5011214], [101.2634903, 14.501187], [101.2635875, 14.5012256], [101.2638016, 14.5012756], [101.2646825, 14.5014668], [101.2647924, 14.5014907], [101.2653371, 14.5017644], [101.266141, 14.5023869], [101.2666686, 14.502907], [101.2670368, 14.5035539], [101.2670564, 14.5036195], [101.2673165, 14.5044943], [101.2673866, 14.5056271], [101.2673977, 14.5058071], [101.2676194, 14.5068541], [101.2679517, 14.507445], [101.2682902, 14.5077828], [101.2693098, 14.5083478], [101.2705941, 14.5087296], [101.2712709, 14.5090506], [101.2716874, 14.5094712], [101.2720229, 14.5100936], [101.2722956, 14.5116543], [101.2723092, 14.5117319], [101.2724525, 14.5122568], [101.2726084, 14.5124823], [101.2729921, 14.5126446], [101.2735171, 14.5127528], [101.2735997, 14.5127698], [101.2749761, 14.5127993], [101.2759833, 14.5126224], [101.276024, 14.5126153], [101.2771679, 14.5124731], [101.2777057, 14.5121709], [101.2781042, 14.5118067], [101.2785304, 14.5111708], [101.2785111, 14.5110043], [101.2783977, 14.5103602], [101.2782754, 14.5098827], [101.2782728, 14.509633], [101.2783544, 14.5092576], [101.278533, 14.5089645], [101.2787119, 14.5087026], [101.2787945, 14.5084209], [101.2788238, 14.5081604], [101.2788211, 14.5078899], [101.2787976, 14.507682], [101.2787524, 14.5074431], [101.2784901, 14.5068629], [101.2783013, 14.5061572], [101.2783001, 14.5060323], [101.2783522, 14.5059069], [101.2784582, 14.5058331], [101.2787351, 14.5057471], [101.2789158, 14.5056621], [101.2794883, 14.5052507], [101.2799228, 14.5049135], [101.280805, 14.5044887], [101.2810015, 14.5044268], [101.2811457, 14.5043814], [101.2817858, 14.5043127], [101.2821056, 14.5042471], [101.2823824, 14.5041612], [101.282573, 14.5040033], [101.2827417, 14.5037831], [101.2830786, 14.5033116], [101.2833312, 14.5029449], [101.2835316, 14.5026932], [101.283688, 14.5025877], [101.2840631, 14.5022947], [101.28423, 14.50207], [101.2842879, 14.5018314], [101.2842866, 14.5017137], [101.2842701, 14.5014113], [101.284214, 14.5012145], [101.2841571, 14.5009257], [101.283827, 14.5003369], [101.2834422, 14.4996829], [101.2833181, 14.4994842], [101.282787, 14.4989921], [101.2827503, 14.4989493], [101.282664, 14.4988486], [101.2825674, 14.4986391], [101.2825648, 14.4983893], [101.2825628, 14.4981919], [101.2826388, 14.4977044], [101.2826892, 14.4973487], [101.2829493, 14.4963859], [101.2835651, 14.4945514], [101.2836664, 14.4938927], [101.2838739, 14.4922348], [101.2838415, 14.4900646], [101.2838339, 14.4899158], [101.2838289, 14.4898181], [101.2837875, 14.4897297], [101.2837259, 14.4896513], [101.2836132, 14.4895242], [101.2836119, 14.4893959], [101.2837514, 14.4891775], [101.2840542, 14.4890759], [101.2844183, 14.4890329], [101.2846313, 14.4890703], [101.2851995, 14.4891832], [101.2865806, 14.4895644], [101.288335, 14.4898137], [101.2890957, 14.4899345], [101.2894105, 14.4900202], [101.2900718, 14.4903196], [101.2903659, 14.4903661], [101.2905076, 14.4903549], [101.2906386, 14.4902944], [101.2908701, 14.4901639], [101.2913148, 14.4900806], [101.2915683, 14.4901077], [101.2920653, 14.4901917], [101.292431, 14.4903065], [101.2930627, 14.4906752], [101.29392, 14.4913279], [101.2947808, 14.4923258], [101.2948952, 14.4926108], [101.2949281, 14.4928571], [101.2949329, 14.4929055], [101.2949507, 14.4930838], [101.295127, 14.4934866], [101.2954037, 14.4938095], [101.2954547, 14.4938514], [101.2956999, 14.4940532], [101.2959853, 14.4942379], [101.2964431, 14.4944406], [101.2973991, 14.4948456], [101.2978589, 14.4952358], [101.2981007, 14.4954733], [101.2982169, 14.4955874], [101.2985877, 14.4961955], [101.2988759, 14.4966465], [101.2990627, 14.4970887], [101.2993635, 14.4977763], [101.2999762, 14.4982735], [101.3001997, 14.4983404], [101.3004631, 14.4983477], [101.3007991, 14.4982734], [101.3008369, 14.4982651], [101.3011397, 14.4981733], [101.3017445, 14.497901], [101.3023305, 14.497767], [101.3025735, 14.4977646], [101.3028577, 14.4978309], [101.3032753, 14.4980636], [101.3037545, 14.4983746], [101.3043039, 14.4986257], [101.3046696, 14.4987405], [101.3048521, 14.4987584], [101.3051657, 14.4987258], [101.3054087, 14.4987234], [101.3057725, 14.4986507], [101.3063414, 14.4983799], [101.3064073, 14.4983485], [101.306759, 14.4980787], [101.3068588, 14.4979396], [101.3069282, 14.4978008], [101.3068958, 14.4976038], [101.3067524, 14.4974473], [101.3066941, 14.4974032], [101.3064564, 14.4972233], [101.3058535, 14.4966965], [101.3054023, 14.4961484], [101.3052149, 14.495657], [101.3050466, 14.4950469], [101.3050117, 14.4946132], [101.3051488, 14.494158], [101.3054691, 14.4937997], [101.3061695, 14.4929838], [101.306776, 14.4920949], [101.3071196, 14.4913042], [101.3072238, 14.4910643], [101.3072359, 14.4905575], [101.3071694, 14.4902956], [101.3069387, 14.4898004], [101.3066884, 14.4895832], [101.3066087, 14.48948], [101.3058977, 14.4885606], [101.3055962, 14.4879048], [101.3054695, 14.4873824], [101.3054642, 14.4868757], [101.3056143, 14.4863], [101.3060128, 14.4857269], [101.3060755, 14.4856367], [101.3065828, 14.4851693], [101.3066138, 14.485037], [101.3070859, 14.4839459], [101.3078661, 14.4824395], [101.3082413, 14.4818325], [101.308598, 14.4812555], [101.3090223, 14.4804222], [101.3092245, 14.4800251], [101.3094747, 14.4793861], [101.3099809, 14.4778989], [101.3101225, 14.4770821], [101.3101938, 14.4762434], [101.3102353, 14.4757156], [101.3101822, 14.4751164], [101.3102972, 14.4745822], [101.3107252, 14.4733864], [101.3110267, 14.4729419], [101.3118241, 14.4718747], [101.3123316, 14.4713569], [101.3129563, 14.4710176], [101.3137441, 14.4707569], [101.3137594, 14.4707571], [101.3139077, 14.4706996], [101.3142625, 14.4707356], [101.3146477, 14.4707811], [101.3148099, 14.4707992], [101.3150433, 14.4708463], [101.3151552, 14.4709044], [101.315267, 14.4709427], [101.3153878, 14.4708725], [101.3156295, 14.4707517], [101.3157914, 14.4707402], [101.3159131, 14.4707588], [101.3164622, 14.4709803], [101.3165634, 14.4709793], [101.3166641, 14.4709191], [101.3167139, 14.4708397], [101.3166926, 14.4707412], [101.3164167, 14.4704973], [101.3163221, 14.4701628], [101.3164011, 14.4699746], [101.3165418, 14.4698745], [101.3165915, 14.4697852], [101.3167623, 14.4696553], [101.316832, 14.4695362], [101.3171867, 14.4695722], [101.3173498, 14.4696791], [101.3177699, 14.4699253], [101.3178619, 14.4699793], [101.3181444, 14.4701448], [101.3186106, 14.4701896], [101.3189752, 14.4701958], [101.3192074, 14.4701344], [101.3198316, 14.4697928], [101.3199828, 14.4697222], [101.3202738, 14.4694727], [101.3206766, 14.4692615], [101.320789, 14.4692291], [101.3209593, 14.4691798], [101.3213845, 14.4691756], [101.3219317, 14.4692196], [101.3223178, 14.4693539], [101.3229468, 14.469466], [101.3232773, 14.4694817], [101.3236356, 14.4694987], [101.3240503, 14.4694551], [101.3245358, 14.4694109], [101.3253722, 14.4690277], [101.3263187, 14.4685251], [101.3264286, 14.4683858], [101.326458, 14.4682869], [101.3264261, 14.4681392], [101.3263633, 14.4679425], [101.3263007, 14.4677656], [101.3260955, 14.4675111], [101.3260632, 14.467324], [101.3261026, 14.467215], [101.3262029, 14.4671253], [101.3264151, 14.4670837], [101.3268688, 14.4670556], [101.327174, 14.4670367], [101.3273862, 14.4669952], [101.3275373, 14.4669246], [101.3279603, 14.466386], [101.3287164, 14.4654232], [101.328816, 14.4652644], [101.3288862, 14.4652045], [101.3289877, 14.4652232], [101.3290692, 14.4652717], [101.3293234, 14.4653777], [101.3300232, 14.4654892], [101.3301549, 14.4654978], [101.3303264, 14.4654369], [101.3304276, 14.4654359], [101.3305291, 14.4654546], [101.3305707, 14.4655627], [101.3308168, 14.4658661], [101.3309798, 14.4659977], [101.3310823, 14.4660805], [101.3313463, 14.466147], [101.3316298, 14.466154], [101.3316677, 14.4661536], [101.3318121, 14.4661522], [101.3320943, 14.466031], [101.3324559, 14.4657512], [101.332565, 14.4655331], [101.3325832, 14.4653454], [101.3325612, 14.4651779], [101.3324994, 14.46507], [101.3324578, 14.4649718], [101.3324773, 14.4648927], [101.3326884, 14.4647524], [101.3332416, 14.4644017], [101.3333722, 14.4643017], [101.3334218, 14.4642026], [101.3334209, 14.4641138], [101.3334403, 14.4640347], [101.3335503, 14.4639053], [101.3338014, 14.4637154], [101.3340527, 14.4635353], [101.3344349, 14.4632947], [101.3346455, 14.4631052], [101.3347742, 14.4628178], [101.3349439, 14.4625892], [101.3350929, 14.4623705], [101.3351333, 14.4623111], [101.3353134, 14.4621021], [101.3356121, 14.4619127], [101.3356453, 14.4618916], [101.3361699, 14.4617088], [101.3362574, 14.4616895], [101.3365436, 14.4616262], [101.3367159, 14.4616005], [101.3369682, 14.4615628], [101.3372814, 14.4615005], [101.3374425, 14.4614101], [101.3375107, 14.4613805], [101.3377448, 14.4612788], [101.3379055, 14.461149], [101.3381869, 14.4609489], [101.3384144, 14.4607316], [101.3384375, 14.4607096], [101.3386069, 14.4604514], [101.3388562, 14.4600839], [101.3389459, 14.4599548], [101.3390762, 14.4598252], [101.3394289, 14.4596639], [101.3398452, 14.4594891], [101.3398623, 14.459482], [101.3401744, 14.4593111], [101.3407965, 14.4587821], [101.3411483, 14.4585319], [101.3414498, 14.4583217], [101.3418404, 14.4579134], [101.3422318, 14.4575839], [101.3423419, 14.4574644], [101.3423742, 14.4573889], [101.3424012, 14.4573257], [101.3424004, 14.4572468], [101.3423983, 14.4570495], [101.342366, 14.4568624], [101.3423031, 14.4566558], [101.3423323, 14.456547], [101.3424123, 14.4564574], [101.342523, 14.4563873], [101.342581, 14.4563573], [101.3439629, 14.4556429], [101.3443255, 14.4554617], [101.3444482, 14.4553848], [101.3462356, 14.4548366], [101.3479288, 14.4539016], [101.3487581, 14.4535049], [101.3496281, 14.4535315], [101.3507223, 14.4543324], [101.3508647, 14.4544], [101.3510677, 14.4544473], [101.3513925, 14.454523], [101.3518383, 14.454558], [101.3521526, 14.4545943], [101.352582, 14.4545702], [101.3525932, 14.4545696], [101.3526733, 14.4545688], [101.352734, 14.4545557], [101.3527882, 14.4545271], [101.3528082, 14.4545121], [101.352839, 14.4544891], [101.3528928, 14.4544261], [101.3529689, 14.4543536], [101.3534473, 14.4540437], [101.3536689, 14.4539002], [101.3538826, 14.4538106], [101.3542971, 14.4536286], [101.354364, 14.4535894], [101.3544436, 14.4535428], [101.3545388, 14.4534638], [101.3546574, 14.4533401], [101.3546687, 14.4533283], [101.3547731, 14.4531993], [101.3548737, 14.4530203], [101.354914, 14.4528919], [101.3549766, 14.4524512], [101.3549885, 14.4523605], [101.3550008, 14.4523154], [101.3550039, 14.4523042], [101.355048, 14.4522438], [101.3550544, 14.452235], [101.355082, 14.4521989], [101.355105, 14.452169], [101.3551652, 14.4521122], [101.3552797, 14.4520299], [101.3564163, 14.4511863], [101.3564792, 14.4511396], [101.3568657, 14.4508528], [101.3569579, 14.4507801], [101.3569957, 14.4507172], [101.3570302, 14.4506514], [101.357096, 14.4503384], [101.3571127, 14.4502759], [101.3571442, 14.4502257], [101.3571854, 14.4501784], [101.3572523, 14.4501434], [101.3573224, 14.4501146], [101.3575206, 14.4500752], [101.3576713, 14.4500622], [101.3581767, 14.4500187], [101.3582567, 14.4500085], [101.3582981, 14.4499831], [101.3583137, 14.4499455], [101.3583195, 14.4498924], [101.3583127, 14.4498519], [101.3582899, 14.4498146], [101.358264, 14.4497899], [101.3582092, 14.4497593], [101.3578295, 14.4495914], [101.3577907, 14.4495637], [101.3577582, 14.4495172], [101.3577481, 14.4494673], [101.3577539, 14.4494142], [101.3577662, 14.449361], [101.3578138, 14.44932], [101.3578711, 14.4492851], [101.357951, 14.4492687], [101.358178, 14.4492258], [101.3585107, 14.4491913], [101.358648, 14.4491912], [101.3591482, 14.4491911], [101.3592567, 14.4491526], [101.359333, 14.4491019], [101.3594412, 14.449029], [101.3595143, 14.4489814], [101.3596164, 14.4489429], [101.3597314, 14.4489137], [101.3598978, 14.4488933], [101.3601122, 14.4488693], [101.3604968, 14.4487826], [101.3605879, 14.448762], [101.3613404, 14.4485924], [101.3613872, 14.4485818], [101.3614928, 14.4485683], [101.3616019, 14.4485859], [101.3616856, 14.4486257], [101.3617537, 14.448703], [101.3618777, 14.448984], [101.3619147, 14.449068], [101.3619375, 14.4491195], [101.3619871, 14.4491871], [101.3620285, 14.4492434], [101.3620546, 14.4492695], [101.3620997, 14.4493145], [101.3622321, 14.449413], [101.3623384, 14.4494744], [101.3624992, 14.449529], [101.3627497, 14.449592], [101.3628685, 14.4496189], [101.3629393, 14.4496525], [101.3629956, 14.4496851], [101.3632842, 14.449852], [101.3634387, 14.4499285], [101.3635354, 14.4499504], [101.3635575, 14.4499554], [101.3636164, 14.4499633], [101.3636441, 14.449967], [101.3637516, 14.4499736], [101.3637756, 14.449975], [101.3639133, 14.4499737], [101.3641374, 14.4499652], [101.3643005, 14.4499417], [101.3643792, 14.4499249], [101.364454, 14.4499089], [101.3646008, 14.4498637], [101.3647891, 14.4497932], [101.3653984, 14.4495561], [101.3656247, 14.4494539], [101.3657399, 14.4493948], [101.3660393, 14.4492413], [101.3660662, 14.4492275], [101.3661166, 14.4491951], [101.3661733, 14.4491486], [101.3662198, 14.4490967], [101.3662555, 14.4490488], [101.3662629, 14.4490335], [101.366273, 14.448996], [101.3662809, 14.4489333], [101.3662758, 14.4488596], [101.3662595, 14.4487999], [101.3662202, 14.4487252], [101.3661721, 14.4486352], [101.3661546, 14.4485951], [101.3661427, 14.448559], [101.3661324, 14.4485216], [101.3661259, 14.4484833], [101.3661232, 14.4484674], [101.3661031, 14.4483187], [101.3660855, 14.4481374], [101.36608, 14.4480254], [101.3660779, 14.4479628], [101.3660702, 14.4479114], [101.3660696, 14.4478991], [101.3660464, 14.4478265], [101.3660103, 14.4477599], [101.3659908, 14.447724], [101.3659158, 14.4475968], [101.3656812, 14.4472214], [101.365665, 14.4472024], [101.3655839, 14.4471069], [101.3654834, 14.4469924], [101.3651243, 14.4466476], [101.3649993, 14.4465275], [101.3649397, 14.4464703], [101.3644547, 14.4460413], [101.3644059, 14.4459731], [101.364383, 14.4459265], [101.3643664, 14.4458705], [101.3643687, 14.4457862], [101.3643937, 14.4457235], [101.3644442, 14.4456512], [101.3645141, 14.4455943], [101.3645843, 14.4455687], [101.3645984, 14.4455688], [101.364754, 14.4455701], [101.3652313, 14.4455715], [101.3653402, 14.4455642], [101.3654264, 14.4455415], [101.3655093, 14.4455032], [101.3656628, 14.4454259], [101.3659263, 14.4452932], [101.3663887, 14.4450605], [101.366452, 14.4449943], [101.3664867, 14.4449409], [101.3665052, 14.4448689], [101.3665103, 14.4447471], [101.3665224, 14.4446845], [101.3665381, 14.4446605], [101.3665571, 14.4446311], [101.3665776, 14.4446123], [101.3665984, 14.4445933], [101.3666492, 14.4445584], [101.3667418, 14.4445263], [101.3668748, 14.4444852], [101.3670451, 14.4444327], [101.3672365, 14.444359], [101.3674544, 14.4442682], [101.3679049, 14.4440807], [101.3679509, 14.4440615], [101.3681256, 14.4440117], [101.3681553, 14.4440033], [101.3682126, 14.4439777], [101.3682208, 14.4439695], [101.368257, 14.4439336], [101.3682917, 14.4438833], [101.3684196, 14.4435542], [101.3684636, 14.4434789], [101.3685047, 14.4434223], [101.368581, 14.4433715], [101.368613, 14.4433567], [101.3686279, 14.4433499], [101.3687053, 14.4433141], [101.369304, 14.4430575], [101.3700254, 14.4427483], [101.3700731, 14.4427104], [101.3701206, 14.44266], [101.3701582, 14.4425815], [101.3701733, 14.4424971], [101.370166, 14.4424129], [101.3701461, 14.4423475], [101.3699536, 14.4420186], [101.3699273, 14.4419471], [101.3699202, 14.4418847], [101.3699255, 14.4417848], [101.3699283, 14.4411417], [101.369924, 14.4401273], [101.3698861, 14.4395689], [101.3698559, 14.4390483], [101.3698544, 14.4390236], [101.3698508, 14.4389605], [101.3698592, 14.438845], [101.3698707, 14.4387262], [101.3698921, 14.438623], [101.369923, 14.4385228], [101.3701609, 14.4380022], [101.3702209, 14.4379174], [101.370281, 14.4378449], [101.3703762, 14.4377628], [101.3704336, 14.4377342], [101.3704783, 14.4377244], [101.3705039, 14.4377241], [101.3705521, 14.4377361], [101.3705972, 14.4377606], [101.3709848, 14.4382553], [101.37126, 14.4386063], [101.371318, 14.4386805], [101.37138, 14.4387828], [101.3714057, 14.438876], [101.3714117, 14.4388979], [101.3714136, 14.4389332], [101.3714224, 14.4391017], [101.3713938, 14.4392227], [101.3713524, 14.4393438], [101.3713313, 14.4393989], [101.3713108, 14.4394525], [101.3711391, 14.4397663], [101.3710975, 14.439875], [101.3710812, 14.43995], [101.3710821, 14.4400291], [101.3710997, 14.440083], [101.3711301, 14.4401285], [101.3711776, 14.4401648], [101.3711947, 14.4401778], [101.3712073, 14.44018], [101.3712631, 14.4401896], [101.3713357, 14.4401847], [101.3713996, 14.4401674], [101.371476, 14.4401292], [101.3716134, 14.4399517], [101.371674, 14.4398733], [101.3717248, 14.4398229], [101.3717715, 14.4397974], [101.3718395, 14.4397718], [101.3719205, 14.4397585], [101.3723898, 14.439708], [101.3731692, 14.439692], [101.3731925, 14.4396916], [101.3732907, 14.4396864], [101.3733801, 14.4396564], [101.3734822, 14.4396179], [101.3735924, 14.439546], [101.3736771, 14.4394744], [101.3740949, 14.4386045], [101.3741582, 14.4385248], [101.3742132, 14.4384785], [101.3742895, 14.4384236], [101.3743576, 14.4384062], [101.3743827, 14.4384031], [101.3745046, 14.438388], [101.374942, 14.4383338], [101.3750723, 14.4383211], [101.3751339, 14.4383152], [101.3752873, 14.4382803], [101.3754362, 14.4382206], [101.375473, 14.4382022], [101.3755381, 14.4381696], [101.3756484, 14.4380936], [101.3757497, 14.4379843], [101.3760426, 14.4375775], [101.3761852, 14.4373794], [101.3762699, 14.4372147], [101.3762885, 14.4371607], [101.3763092, 14.4370692], [101.3763081, 14.4369638], [101.376305, 14.4369006], [101.3762976, 14.4368506], [101.3762946, 14.4368305], [101.3762679, 14.4366597], [101.3762302, 14.4364191], [101.3762317, 14.4363348], [101.3762498, 14.436227], [101.3762849, 14.4361353], [101.3763457, 14.4359848], [101.376414, 14.4358507], [101.3765272, 14.4356506], [101.3766338, 14.4355114], [101.3767526, 14.4353884], [101.3768716, 14.4352889], [101.3769244, 14.4352497], [101.3769932, 14.4351987], [101.3770721, 14.4351675], [101.3773763, 14.4350825], [101.3775249, 14.4350459], [101.3777096, 14.4350206], [101.3785352, 14.4349444], [101.3785905, 14.4349485], [101.378641, 14.4349597], [101.3787341, 14.4349966], [101.3788654, 14.4350487], [101.3793599, 14.4352427], [101.3794055, 14.4352423], [101.3794391, 14.4352372], [101.3794749, 14.4352158], [101.3795202, 14.4351849], [101.3797346, 14.4350072], [101.3798467, 14.4349381], [101.3799518, 14.4348809], [101.3800236, 14.4348568], [101.3801699, 14.4348272], [101.3802685, 14.4347977], [101.3803902, 14.4347618], [101.3804369, 14.4347433], [101.3804553, 14.434736], [101.380615, 14.4346729], [101.3813594, 14.4344125], [101.3818818, 14.4342949], [101.3820683, 14.4342157], [101.3820833, 14.4342058], [101.3821113, 14.4341872], [101.3821493, 14.434147], [101.3821705, 14.4341047], [101.3821796, 14.4340577], [101.3821669, 14.4339993], [101.3821251, 14.4339085], [101.3819362, 14.4335405], [101.3817849, 14.4332724], [101.3816155, 14.4329725], [101.3815739, 14.4329003], [101.3815492, 14.4328374], [101.3815388, 14.4327625], [101.3815094, 14.4320301], [101.381495, 14.4319939], [101.3814872, 14.4319741], [101.3814626, 14.4319205], [101.3814334, 14.4318857], [101.3813631, 14.4318232], [101.3813341, 14.4317994], [101.3810625, 14.4315757], [101.3810454, 14.4315408], [101.3810378, 14.4315057], [101.3810299, 14.4314473], [101.3810437, 14.4313839], [101.3810623, 14.4313276], [101.3813816, 14.4308538], [101.3814457, 14.4307852], [101.38151, 14.4307284], [101.3816124, 14.4306478], [101.3817173, 14.4305765], [101.3818532, 14.4304791], [101.3819411, 14.4303869], [101.3820023, 14.4302692], [101.3820373, 14.4301729], [101.3820624, 14.4300415], [101.3820818, 14.42984], [101.3820843, 14.4295093], [101.3820868, 14.4291798], [101.3820791, 14.4291307], [101.3820571, 14.4290911], [101.3820205, 14.4290376], [101.3820072, 14.4290266], [101.3819817, 14.4290052], [101.3819309, 14.4289777], [101.3818708, 14.4289666], [101.3817843, 14.4289651], [101.3816787, 14.4289755], [101.3815684, 14.4289977], [101.3814463, 14.4290341], [101.3808445, 14.4292884], [101.3807668, 14.4292938], [101.3807236, 14.4292942], [101.3806826, 14.4292806], [101.3806415, 14.4292576], [101.3806149, 14.4292344], [101.3805976, 14.4291948], [101.3805824, 14.4291177], [101.3805941, 14.4288647], [101.3805919, 14.4286517], [101.3805813, 14.4285629], [101.380566, 14.4284787], [101.3805486, 14.4284204], [101.3805096, 14.4283669], [101.3804609, 14.4283136], [101.3803958, 14.4282838], [101.3803211, 14.4282658], [101.3801937, 14.4282601], [101.3800617, 14.4282661], [101.3800017, 14.4282761], [101.3799514, 14.4282906], [101.379894, 14.4283123], [101.3798463, 14.4283455], [101.3798083, 14.4283857], [101.3797775, 14.4284258], [101.3796764, 14.4286128], [101.379476, 14.4289837], [101.379426, 14.4290334], [101.3793998, 14.4290524], [101.3793759, 14.4290643], [101.37934, 14.4290717], [101.3793063, 14.4290721], [101.3792725, 14.4290537], [101.3792289, 14.429019], [101.3791731, 14.4289657], [101.378967, 14.4287247], [101.3787523, 14.4284736], [101.3787155, 14.4284014], [101.3786957, 14.4283431], [101.3786805, 14.428273], [101.3786594, 14.4280749], [101.3786538, 14.4280228], [101.3786509, 14.427976], [101.3786286, 14.427906], [101.3785872, 14.4278619], [101.3785315, 14.4278133], [101.3783495, 14.4276466], [101.3782863, 14.4275723], [101.378096, 14.4272933], [101.3780786, 14.4272443], [101.3780711, 14.4272163], [101.3780658, 14.4271648], [101.3780701, 14.427118], [101.378084, 14.4270733], [101.3781051, 14.4270263], [101.3781476, 14.4269556], [101.3782994, 14.4267629], [101.3783112, 14.426748], [101.3783755, 14.4266982], [101.3784232, 14.4266649], [101.3785594, 14.4266003], [101.3786765, 14.4265359], [101.3787264, 14.426491], [101.3787689, 14.4264226], [101.3787994, 14.4263521], [101.3788132, 14.4262887], [101.3788125, 14.4262302], [101.3787995, 14.4260754], [101.3787905, 14.4259682], [101.3787995, 14.4259119], [101.3788254, 14.4258578], [101.3791065, 14.4254376], [101.3791139, 14.4254265], [101.3791469, 14.4253753], [101.3791777, 14.4253275], [101.3792228, 14.4252779], [101.3792633, 14.4252424], [101.3795376, 14.4250664], [101.3796663, 14.4249644], [101.3797112, 14.4249007], [101.3797225, 14.4248793], [101.3797371, 14.4248513], [101.3797435, 14.4248048], [101.379746, 14.4247857], [101.3797431, 14.4247342], [101.3797323, 14.4246219], [101.3797316, 14.4245517], [101.3797502, 14.4244977], [101.37984, 14.4243563], [101.3800788, 14.4240027], [101.3802803, 14.4237625], [101.3804926, 14.4235095], [101.380525, 14.4234902], [101.380555, 14.4234815], [101.3805897, 14.4234802], [101.3806283, 14.4234938], [101.3814323, 14.4238621], [101.3814635, 14.4238764], [101.3817344, 14.4240445], [101.3818068, 14.4240766], [101.381879, 14.4240969], [101.3818931, 14.4240986], [101.3819512, 14.4241056], [101.3820497, 14.4241022], [101.3822343, 14.4240769], [101.3826063, 14.4240381], [101.3826583, 14.4240386], [101.3827216, 14.4240392], [101.3828202, 14.42405], [101.3829021, 14.4240702], [101.3829745, 14.4240999], [101.3830301, 14.4241345], [101.3830786, 14.4241761], [101.3832119, 14.4242871], [101.3833183, 14.424361], [101.3833762, 14.4243768], [101.3834413, 14.4244019], [101.383528, 14.4244244], [101.383629, 14.4244398], [101.3840499, 14.424487], [101.3842517, 14.4244873], [101.3844295, 14.4244902], [101.3845375, 14.4244798], [101.3846407, 14.424474], [101.3847127, 14.4244589], [101.3847462, 14.4244519], [101.3847721, 14.4244444], [101.3847965, 14.4244373], [101.384887, 14.4243685], [101.3849846, 14.424288], [101.3850559, 14.4242123], [101.3851108, 14.4241766], [101.3852208, 14.4241287], [101.3853176, 14.4240861], [101.3854721, 14.4240489], [101.3855417, 14.4240435], [101.3855946, 14.424043], [101.3856451, 14.4240518], [101.3856646, 14.4240576], [101.3856837, 14.4240632], [101.3857023, 14.4240748], [101.3857217, 14.4240869], [101.3860343, 14.424282], [101.3860801, 14.4242956], [101.3861378, 14.4242974], [101.3861953, 14.4242874], [101.3862574, 14.424254], [101.3863003, 14.4242161], [101.3863726, 14.4241441], [101.3864025, 14.4241144], [101.3864643, 14.4240553], [101.3865238, 14.4240078], [101.3868462, 14.4238185], [101.3868604, 14.4238101], [101.3871137, 14.4236811], [101.3872166, 14.423645], [101.387322, 14.4236182], [101.3874012, 14.4236127], [101.387495, 14.4236187], [101.3875795, 14.423638], [101.3876129, 14.4236456], [101.3876949, 14.4236682], [101.3877841, 14.4237001], [101.3878565, 14.4237321], [101.3879953, 14.4238047], [101.3880906, 14.4238398], [101.3881435, 14.4238463], [101.3881939, 14.4238411], [101.3882515, 14.4238312], [101.3883065, 14.4238095], [101.3883876, 14.4237572], [101.3884971, 14.4236648], [101.3886589, 14.423456], [101.3886654, 14.4234477], [101.3887713, 14.4232476], [101.3888347, 14.4231065], [101.3888832, 14.4229447], [101.3889994, 14.422557], [101.3890474, 14.4223714], [101.3890801, 14.4222448], [101.3890773, 14.422213], [101.3890747, 14.422184], [101.3890673, 14.4219477], [101.3890668, 14.4218938], [101.3890854, 14.4218374], [101.3891205, 14.4217552], [101.3891438, 14.42168], [101.3891858, 14.4213448], [101.3892092, 14.421286], [101.389235, 14.4212296], [101.3892449, 14.421216], [101.3892658, 14.4211871], [101.3892808, 14.4211729], [101.3893, 14.421145], [101.3893616, 14.4210556], [101.3895208, 14.4209895], [101.3896215, 14.4209477], [101.3896679, 14.4209425], [101.3901972, 14.4204163], [101.3902308, 14.4203829], [101.3903068, 14.420291], [101.390414, 14.4201614], [101.3904953, 14.4200631], [101.3915324, 14.4195091], [101.3940974, 14.418982], [101.3959963, 14.418662], [101.3957853, 14.4181631], [101.3957258, 14.4174121], [101.3964343, 14.4163526], [101.3970464, 14.4158954], [101.3971427, 14.4152931], [101.3966222, 14.4146971], [101.3961001, 14.4139508], [101.3961398, 14.412848], [101.3966892, 14.4113392], [101.3969269, 14.4095329], [101.3972214, 14.4082271], [101.3979834, 14.4073675], [101.3992134, 14.4070042], [101.4006489, 14.4066389], [101.4011608, 14.4064332], [101.4015834, 14.4060127], [101.4020765, 14.405522], [101.40222, 14.4054289], [101.4030976, 14.4048602], [101.4044346, 14.4048967], [101.4061288, 14.404679], [101.4066889, 14.4041722], [101.406888, 14.4035689], [101.4073394, 14.402512], [101.4085634, 14.4015976], [101.4091705, 14.4006894], [101.4100298, 14.3993278], [101.4115579, 14.3980094], [101.4129848, 14.3968423], [101.413257, 14.3962975], [101.4139913, 14.3948277], [101.414674, 14.3935562], [101.4165615, 14.3900412], [101.4194498, 14.3861534], [101.420929, 14.385086], [101.4221666, 14.3837513], [101.4222089, 14.3837057], [101.42235, 14.3838088], [101.4225858, 14.3839818], [101.4228967, 14.3844522], [101.4236339, 14.3860757], [101.4247383, 14.3883794], [101.4249209, 14.3886165], [101.4251415, 14.388821], [101.4257154, 14.3893531], [101.426141, 14.3897477], [101.4265032, 14.3899372], [101.4276135, 14.3903534], [101.4278546, 14.3903818], [101.4283765, 14.390394], [101.4288265, 14.3904069], [101.4293119, 14.3903669], [101.4296619, 14.3903144], [101.4300123, 14.3902436], [101.4305685, 14.3901084], [101.4323043, 14.3894911], [101.4323181, 14.3895511], [101.4323562, 14.3897159], [101.4325186, 14.390418], [101.4325532, 14.3905571], [101.4330405, 14.3925142], [101.4331489, 14.3930587], [101.4332215, 14.3934071], [101.433391, 14.3937947], [101.4336301, 14.3942488], [101.4338689, 14.394676], [101.4341479, 14.3949954], [101.4344827, 14.3953813], [101.4348863, 14.3957665], [101.4352754, 14.3961618], [101.4353181, 14.3962052], [101.4353313, 14.3962203], [101.4355971, 14.3965246], [101.4359455, 14.3968969], [101.4361968, 14.3972032], [101.436406, 14.3974427], [101.4366013, 14.3976689], [101.4369927, 14.3981885], [101.4373012, 14.3986956], [101.4375821, 14.3991895], [101.4378899, 14.3996294], [101.4381979, 14.4000827], [101.4384505, 14.4005098], [101.4388278, 14.4010027], [101.4391374, 14.4016037], [101.4394174, 14.4020171], [101.4395727, 14.4023646], [101.4396584, 14.4026456], [101.4396622, 14.4029947], [101.4396527, 14.4033842], [101.4395604, 14.403859], [101.4394558, 14.4042858], [101.4392976, 14.4049319], [101.4391674, 14.4056315], [101.4391048, 14.4062095], [101.4390973, 14.4067869], [101.4391024, 14.4072568], [101.4391745, 14.4075515], [101.4392892, 14.4079665], [101.439446, 14.4084483], [101.4396712, 14.408889], [101.4399244, 14.4093698], [101.4401343, 14.409663], [101.4404147, 14.4101166], [101.4406404, 14.4105977], [101.4407111, 14.4107903], [101.4407681, 14.4109455], [101.4408827, 14.4113471], [101.4409042, 14.4116556], [101.4409154, 14.4118167], [101.440947, 14.4121923], [101.4410357, 14.4127419], [101.441124, 14.4132646], [101.4412672, 14.41376], [101.4414549, 14.4145502], [101.4415987, 14.4151126], [101.4417709, 14.4157419], [101.441899, 14.4161166], [101.4420827, 14.4165443], [101.4422795, 14.4169048], [101.4425039, 14.417265], [101.4427137, 14.4175582], [101.4430348, 14.4179443], [101.4433129, 14.4181831], [101.4437294, 14.4184742], [101.4443387, 14.4187633], [101.4449199, 14.4189989], [101.4455697, 14.419207], [101.445971, 14.4193774], [101.4464429, 14.4196948], [101.4467348, 14.4199334], [101.4470128, 14.4201588], [101.44718, 14.4203316], [101.4473062, 14.4205317], [101.4474057, 14.4208126], [101.4474511, 14.4211881], [101.4474274, 14.4215375], [101.4473367, 14.422062], [101.447203, 14.4224394], [101.4470688, 14.422763], [101.4468676, 14.4232619], [101.4466816, 14.4238949], [101.4465096, 14.4245412], [101.4462146, 14.4252827], [101.445852, 14.4261458], [101.4456775, 14.4265638], [101.445488, 14.4268746], [101.4452154, 14.427146], [101.4451622, 14.4271831], [101.444942, 14.4273368], [101.4447365, 14.4274463], [101.4443382, 14.4275579], [101.4443003, 14.4275616], [101.4441297, 14.4275785], [101.4440354, 14.4275879], [101.4437047, 14.4275779], [101.4433458, 14.4275145], [101.4429306, 14.4273442], [101.4426262, 14.4272265], [101.4423783, 14.4272291], [101.4422859, 14.4272526], [101.4421585, 14.4272851], [101.4419672, 14.4274348], [101.4418598, 14.427691], [101.4417656, 14.4278934], [101.4417275, 14.4281891], [101.4416914, 14.4286729], [101.4415988, 14.4290229], [101.4415188, 14.4292655], [101.4413575, 14.4296431], [101.4412513, 14.4300067], [101.4411445, 14.4303166], [101.4410278, 14.43058], [101.4409831, 14.4306808], [101.4407259, 14.4310997], [101.440633, 14.4312205], [101.4404134, 14.4315058], [101.4400872, 14.431912], [101.4398125, 14.4323104], [101.4397888, 14.4323447], [101.4395853, 14.4326288], [101.4393412, 14.4329938], [101.4390829, 14.4333053], [101.4387436, 14.4337788], [101.4385133, 14.4341437], [101.4382332, 14.4345117], [101.4382145, 14.4345362], [101.4379843, 14.4349011], [101.4377272, 14.4353334], [101.4375522, 14.4357112], [101.4372954, 14.4361703], [101.4370671, 14.4367098], [101.4368261, 14.4373568], [101.436645, 14.4378119], [101.4366369, 14.4378319], [101.436221, 14.4387191], [101.4359931, 14.4392989], [101.4359363, 14.439567], [101.4359275, 14.4396084], [101.4359519, 14.4397699], [101.4359721, 14.4399033], [101.4361547, 14.4402236], [101.4364211, 14.4406505], [101.4367274, 14.4409428], [101.437075, 14.4412346], [101.4374646, 14.4415796], [101.4376141, 14.4417223], [101.4376873, 14.4417922], [101.4377246, 14.4418745], [101.4378144, 14.4420728], [101.4378332, 14.4421639], [101.4378726, 14.4423542], [101.4378751, 14.4425824], [101.4378685, 14.4426545], [101.4378621, 14.4427238], [101.4378504, 14.4428512], [101.4377439, 14.443188], [101.4375679, 14.4434718], [101.4373783, 14.4437826], [101.4370789, 14.4441213], [101.436779, 14.4444198], [101.4364663, 14.4446803], [101.4363389, 14.4447864], [101.4362284, 14.4451867], [101.4362117, 14.4454596], [101.436234, 14.445702], [101.4363779, 14.4459582], [101.4366185, 14.4461267], [101.4369102, 14.4462791], [101.4387679, 14.4468784], [101.4401645, 14.4472419], [101.4423412, 14.4479924], [101.4433853, 14.4483595], [101.4441296, 14.4487126], [101.4448919, 14.4490998], [101.4456724, 14.4495384], [101.4464527, 14.4499598], [101.4472505, 14.4503638], [101.4479599, 14.4507515], [101.4486856, 14.4510189], [101.4492006, 14.4513571], [101.4499102, 14.451762], [101.450389, 14.4520148], [101.4510452, 14.4523687], [101.4516832, 14.4526713], [101.4524093, 14.452973], [101.453205, 14.453188], [101.4537399, 14.4533395], [101.4539654, 14.4534034], [101.4540979, 14.4534836], [101.4545511, 14.4537581], [101.4551901, 14.4541466], [101.4557936, 14.4545182], [101.4563083, 14.4548393], [101.4568408, 14.4551601], [101.4574608, 14.4554285], [101.4580995, 14.4557998], [101.4589686, 14.4562718], [101.4596072, 14.4566259], [101.4599972, 14.4568279], [101.4605734, 14.4569953], [101.4614979, 14.4570184], [101.4628035, 14.4571078], [101.4634216, 14.4572044], [101.4639345, 14.4573537], [101.4646959, 14.4576549], [101.4653671, 14.4577682], [101.4660569, 14.4579671], [101.4667123, 14.4582523], [101.4675088, 14.458536], [101.4679692, 14.4587201], [101.4684657, 14.4589726], [101.4689627, 14.4592766], [101.4695127, 14.4595973], [101.4698837, 14.4596621], [101.4703591, 14.4596056], [101.4708858, 14.4594111], [101.4710966, 14.4593056], [101.4716923, 14.4590075], [101.4723929, 14.4585878], [101.4730246, 14.4583235], [101.4732688, 14.4582202], [101.4733581, 14.4581825], [101.473816, 14.4581434], [101.4741687, 14.4581568], [101.4744171, 14.4582917], [101.4748085, 14.4586139], [101.4752361, 14.4590218], [101.4758249, 14.4596512], [101.4762885, 14.4601273], [101.476662, 14.4604155], [101.4770887, 14.4607374], [101.4777093, 14.4610573], [101.4787545, 14.4615101], [101.4795513, 14.4618281], [101.4795774, 14.4618366], [101.4800645, 14.4619945], [101.4807362, 14.4621592], [101.4816021, 14.4623391], [101.48222, 14.4624184], [101.4829083, 14.4624799], [101.4837725, 14.4625051], [101.485095, 14.4625255], [101.485641, 14.4624854], [101.4860984, 14.4623947], [101.4862356, 14.4623778], [101.4865562, 14.4623383], [101.4868723, 14.4622319], [101.4872232, 14.4620736], [101.487555, 14.4617952], [101.4877466, 14.461587], [101.487849, 14.4612767], [101.4878982, 14.4609498], [101.4878388, 14.4603663], [101.4877988, 14.4599372], [101.4878107, 14.4594217], [101.4878937, 14.458957], [101.4881338, 14.4583532], [101.4883928, 14.4578694], [101.4887061, 14.4575054], [101.4890906, 14.4572092], [101.4893514, 14.4570333], [101.4896856, 14.4568078], [101.4899644, 14.4565128], [101.4902604, 14.4561833], [101.4905551, 14.4557335], [101.490608, 14.4556106], [101.4908301, 14.455095], [101.4909287, 14.4544583], [101.4910085, 14.4537016], [101.4910916, 14.453254], [101.4912805, 14.4528054], [101.4916455, 14.4523377], [101.4922895, 14.4515921], [101.4932134, 14.4506547], [101.4937022, 14.45022], [101.4941723, 14.4496997], [101.49466, 14.4491619], [101.4953752, 14.4484844], [101.4960893, 14.4477037], [101.4967332, 14.4469582], [101.4967636, 14.4469321], [101.4971173, 14.4466277], [101.4975348, 14.4461251], [101.4979866, 14.4455362], [101.4985085, 14.4449122], [101.4989957, 14.4443402], [101.49943, 14.4437686], [101.4998058, 14.4432827], [101.500073, 14.4429372], [101.5005418, 14.4422966], [101.5009765, 14.4417594], [101.5014104, 14.4411536], [101.5018796, 14.4405473], [101.5022978, 14.4401134], [101.5027343, 14.4397308], [101.5031645, 14.4394768], [101.5035048, 14.439276], [101.5042397, 14.4387871], [101.5047646, 14.438438], [101.5051313, 14.4381249], [101.5056729, 14.4376896], [101.5062329, 14.4373229], [101.506828, 14.4369386], [101.5073172, 14.4365555], [101.5078945, 14.4361542], [101.508524, 14.4357009], [101.5091543, 14.4353162], [101.5101872, 14.4346868], [101.5111953, 14.4341062], [101.5112206, 14.4340917], [101.5120614, 14.4336189], [101.5127442, 14.4331993], [101.5134275, 14.4328313], [101.5140415, 14.432567], [101.5150247, 14.432213], [101.5162891, 14.4317872], [101.5180096, 14.4311675], [101.5192906, 14.4306557], [101.52008, 14.4303208], [101.5210793, 14.4298291], [101.5220237, 14.4294326], [101.5222547, 14.4293356], [101.5227662, 14.4290487], [101.5229729, 14.4289328], [101.5237619, 14.4285635], [101.5249186, 14.4279671], [101.5256718, 14.4275467], [101.5269524, 14.4270005], [101.5290036, 14.4264054], [101.5294121, 14.4262869], [101.5305021, 14.4260347], [101.5314233, 14.4258678], [101.5316103, 14.4258339], [101.5320549, 14.4257995], [101.5323852, 14.425774], [101.5325956, 14.4257527], [101.5331423, 14.4256972], [101.5339695, 14.4255852], [101.5350608, 14.4254532], [101.5363803, 14.4252329], [101.5370499, 14.4252085], [101.5376485, 14.4251505], [101.5384412, 14.4251077], [101.5390759, 14.425118], [101.5397462, 14.4251623], [101.5404175, 14.4252925], [101.5406974, 14.4254444], [101.54079, 14.4254947], [101.5409869, 14.4257674], [101.5410976, 14.4261957], [101.5411588, 14.4269337], [101.5411149, 14.4277244], [101.541139, 14.428291], [101.5412337, 14.4288741], [101.5413612, 14.4292335], [101.5415952, 14.4296604], [101.5421325, 14.4304105], [101.5427542, 14.4308332], [101.5433233, 14.4312737], [101.5436979, 14.4316648], [101.5441093, 14.4321929], [101.5445211, 14.4327554], [101.5448109, 14.4331468], [101.5450761, 14.4335052], [101.5458831, 14.4347162], [101.5464034, 14.435518], [101.5466817, 14.4358529], [101.546743, 14.4359266], [101.5469923, 14.4361472], [101.5473101, 14.4361953], [101.5487546, 14.436111], [101.5496354, 14.4360671], [101.5504985, 14.4360062], [101.5515554, 14.4359433], [101.5527713, 14.4359129], [101.5536696, 14.4358516], [101.5545334, 14.4358595], [101.55538, 14.4359018], [101.5566332, 14.4360428], [101.5579394, 14.4362004], [101.5594409, 14.4363435], [101.5605033, 14.4361231], [101.561606, 14.4357282], [101.5623894, 14.4355108], [101.5632437, 14.4352579], [101.5636797, 14.4351185], [101.5639199, 14.4350417], [101.5644345, 14.4349924], [101.5647405, 14.4349631], [101.5654199, 14.4350253], [101.5663143, 14.4351548], [101.5676743, 14.4353837], [101.5689612, 14.4354741], [101.5699985, 14.435602], [101.5706482, 14.4357092], [101.5712712, 14.4357219], [101.5720335, 14.4356157], [101.5728172, 14.4356267], [101.5736018, 14.4357161], [101.5744063, 14.4357856], [101.5751902, 14.4358162], [101.5758148, 14.435966], [101.5763192, 14.4361563], [101.5768427, 14.4362485], [101.5776474, 14.4363376], [101.578192, 14.4365274], [101.578799, 14.4368928], [101.5793861, 14.437278], [101.579912, 14.4375855], [101.580619, 14.4379107], [101.5811458, 14.4382965], [101.5817112, 14.4385448], [101.5822187, 14.4389896], [101.5840318, 14.4403499], [101.5849191, 14.4405355], [101.5855221, 14.4406916], [101.5862584, 14.4408137], [101.5872468, 14.4410796], [101.5878332, 14.4412359], [101.5884867, 14.441424], [101.5889222, 14.4415332], [101.5892403, 14.4415948], [101.5896917, 14.4416386], [101.5902597, 14.4416487], [101.5909942, 14.4416243], [101.5914791, 14.4416678], [101.5921311, 14.4417257], [101.5933674, 14.441761], [101.5942528, 14.4417838], [101.5949383, 14.4418413], [101.5955891, 14.4418016], [101.596574, 14.4417582], [101.5973748, 14.4416843], [101.59869, 14.4415603], [101.6000543, 14.4414296], [101.6010616, 14.4412448], [101.6023648, 14.44097], [101.6037554, 14.4405496], [101.6049402, 14.440305], [101.6060636, 14.4398875], [101.6071279, 14.4394996], [101.6081919, 14.4390827], [101.6091361, 14.4385804], [101.6103469, 14.4380172], [101.611733, 14.4372206], [101.6128824, 14.4364845], [101.6137075, 14.4359546], [101.6145012, 14.4352803], [101.6158853, 14.4343101], [101.6166794, 14.4336647], [101.6175328, 14.4330187], [101.6187968, 14.4319341], [101.6195882, 14.4310573], [101.6202918, 14.4302971], [101.6210845, 14.429536], [101.6220232, 14.4285708], [101.6227852, 14.4277232], [101.6220136, 14.4255947], [101.6194434, 14.4212894], [101.6187621, 14.4200691], [101.6183368, 14.418557], [101.6184719, 14.4174359], [101.6189439, 14.4166], [101.6198596, 14.4156869], [101.6217761, 14.4147989], [101.6266369, 14.4137246], [101.626906, 14.4135814], [101.6271746, 14.4134052], [101.627377, 14.4132009], [101.6276332, 14.4128312], [101.6278807, 14.4123653], [101.6280356, 14.4117959], [101.6280593, 14.4116427], [101.6281648, 14.4109583], [101.6282842, 14.4104565], [101.6284047, 14.4100524], [101.6285494, 14.4095747], [101.6288069, 14.409108], [101.6290641, 14.4086169], [101.6292471, 14.4081998], [101.6294298, 14.4077584], [101.6295507, 14.4073908], [101.6297099, 14.4070839], [101.6298977, 14.4068112], [101.6302409, 14.4064432], [101.6306261, 14.4061826], [101.6308654, 14.4060976], [101.6310876, 14.4060188], [101.6317256, 14.4059628], [101.6322514, 14.4059448], [101.6331151, 14.4059107], [101.634168, 14.4059844], [101.6352604, 14.4062286], [101.6365069, 14.4068006], [101.6373999, 14.4071202], [101.6374758, 14.4071394], [101.6382289, 14.4073306], [101.6384121, 14.4073659], [101.6390071, 14.4074806], [101.6399355, 14.4076167], [101.6408751, 14.4076428], [101.6417132, 14.4075602], [101.642695, 14.4074242], [101.6428635, 14.4074008], [101.6440381, 14.4071802], [101.6449601, 14.4067792], [101.6457429, 14.4062578], [101.6468476, 14.4054154], [101.6476545, 14.4048082], [101.6488213, 14.4039285], [101.6489397, 14.4038195], [101.6491182, 14.40362], [101.6494352, 14.4028963], [101.6494568, 14.4028333], [101.6496411, 14.4022958], [101.6497984, 14.4018302], [101.649809, 14.4014927], [101.6497165, 14.4012575], [101.6495564, 14.401067], [101.6494624, 14.4009551], [101.6490934, 14.4004588], [101.6487988, 14.3999006], [101.6485427, 14.3994275], [101.6483501, 14.3990268], [101.6481534, 14.3982722], [101.6480347, 14.3977609], [101.6479804, 14.3974075], [101.6479551, 14.396929], [101.647932, 14.3964926], [101.6478733, 14.3957608], [101.6479041, 14.3951868], [101.6478978, 14.3946498], [101.6479156, 14.3940393], [101.6479991, 14.3936843], [101.6481649, 14.3933324], [101.6483794, 14.3930545], [101.648561, 14.3928906], [101.6487652, 14.3927064], [101.6489671, 14.3925242], [101.6492081, 14.3923842], [101.6494903, 14.3922673], [101.6496919, 14.3922169], [101.6498313, 14.3921821], [101.6501728, 14.3921458], [101.6505153, 14.3921907], [101.6509923, 14.3923236], [101.6511657, 14.3923756], [101.6522478, 14.3926997], [101.6529088, 14.3928793], [101.653377, 14.3929797], [101.6537358, 14.392992], [101.6540853, 14.392923], [101.6544175, 14.3927973], [101.6547484, 14.3925741], [101.6552697, 14.3922187], [101.6552809, 14.392211], [101.6556922, 14.3919303], [101.6561053, 14.3916483], [101.6567922, 14.3911934], [101.6572478, 14.3909282], [101.6577122, 14.3907035], [101.6581599, 14.3904789], [101.6583748, 14.3903139], [101.6584892, 14.3901175], [101.6585863, 14.3898644], [101.6587631, 14.3893014], [101.6589409, 14.3888198], [101.6591198, 14.3884275], [101.6593241, 14.3880757], [101.659686, 14.3876489], [101.6602381, 14.3870817], [101.660725, 14.3866453], [101.6610793, 14.3862836], [101.6613343, 14.38598], [101.6617449, 14.3854388], [101.6622966, 14.3848391], [101.6629149, 14.3842305], [101.6631539, 14.3839057], [101.6633582, 14.3835477], [101.6636544, 14.3830363], [101.6638434, 14.3827112], [101.6638857, 14.3826383], [101.6639814, 14.3824737], [101.6642575, 14.3820234], [101.6646168, 14.3815519], [101.6651527, 14.3810276], [101.6657295, 14.3804419], [101.6662765, 14.3799784], [101.666966, 14.3794181], [101.6669763, 14.3794097], [101.6669993, 14.379391], [101.6678355, 14.3787007], [101.6691066, 14.3777616], [101.669892, 14.3771837], [101.6703359, 14.3768128], [101.6707272, 14.3764019], [101.671292, 14.3756842], [101.6717345, 14.3752016], [101.6723723, 14.374483], [101.6733078, 14.373375], [101.6735143, 14.3731402], [101.6741203, 14.3724512], [101.6747272, 14.3717635], [101.6756015, 14.370778], [101.6758343, 14.3705468], [101.6778166, 14.3685783], [101.6791865, 14.3671909], [101.6799293, 14.3665423], [101.6801741, 14.3663759], [101.6804463, 14.3661909], [101.6806459, 14.366094], [101.6807676, 14.3660349], [101.6811415, 14.3659189], [101.6817239, 14.3658106], [101.6823579, 14.365651], [101.6827518, 14.3654636], [101.6832063, 14.365113], [101.684435, 14.3641337], [101.6858283, 14.3629594], [101.6870142, 14.3618891], [101.6882406, 14.3607065], [101.6887963, 14.3601108], [101.68928, 14.3595871], [101.6895048, 14.3592085], [101.6896357, 14.3588209], [101.6897453, 14.358403], [101.6898767, 14.358056], [101.6900403, 14.3577899], [101.6903287, 14.3575021], [101.69068, 14.3572441], [101.6913628, 14.3568095], [101.6917139, 14.3565312], [101.6921575, 14.3561501], [101.6926615, 14.3555855], [101.6930199, 14.3550428], [101.6933658, 14.3543377], [101.6935869, 14.3536442], [101.6939014, 14.3529293], [101.6943308, 14.3522232], [101.6948326, 14.3514757], [101.6953568, 14.35086], [101.6958113, 14.3505195], [101.6964117, 14.3501672], [101.6968764, 14.3498062], [101.6971639, 14.3494473], [101.6975324, 14.3488842], [101.6980332, 14.3480553], [101.6988504, 14.346664], [101.6996091, 14.3456087], [101.7008329, 14.3442331], [101.7019661, 14.3431227], [101.7035118, 14.3416417], [101.7040173, 14.3411058], [101.7050041, 14.3400598], [101.706064, 14.3389197], [101.7064126, 14.3385177], [101.7066602, 14.3382321], [101.7072758, 14.3374121], [101.7076855, 14.336818], [101.7079694, 14.3361543], [101.7081918, 14.3355827], [101.7084466, 14.3351021], [101.7088578, 14.33463], [101.7093327, 14.3342486], [101.7101927, 14.3338323], [101.7106643, 14.3336428], [101.7108726, 14.3335591], [101.7115204, 14.3332989], [101.7127767, 14.3328983], [101.7133368, 14.3326785], [101.7137713, 14.3324094], [101.7141534, 14.3321103], [101.7146173, 14.3316883], [101.7147453, 14.3315747], [101.7152896, 14.3311975], [101.7154338, 14.3311201], [101.7163347, 14.3306322], [101.7169347, 14.3302595], [101.7177417, 14.3297423], [101.7182169, 14.3293914], [101.7191759, 14.3286601], [101.7199622, 14.3280605], [101.7202241, 14.3278547], [101.7206635, 14.3274428], [101.7212196, 14.3268876], [101.7218056, 14.3262204], [101.7227592, 14.3249291], [101.7228926, 14.3247497], [101.7244987, 14.3225889], [101.7251854, 14.3217313], [101.7254917, 14.3214052], [101.7259004, 14.3209908], [101.726761, 14.3201501], [101.7273491, 14.3196746], [101.7281654, 14.3191558], [101.72927, 14.3185686], [101.7303652, 14.3181333], [101.7310278, 14.317768], [101.7318332, 14.3172709], [101.7325055, 14.3167863], [101.7331979, 14.3161388], [101.7339015, 14.3154912], [101.7346062, 14.3149303], [101.7352661, 14.3143482], [101.7362784, 14.3134911], [101.7373237, 14.3126119], [101.7381365, 14.3118005], [101.7390902, 14.3106947], [101.7399353, 14.309807], [101.7405837, 14.3091925], [101.7415468, 14.3083902], [101.7425711, 14.3089433], [101.7431366, 14.3092803], [101.7435588, 14.3096081], [101.7439376, 14.3099794], [101.7445988, 14.3109485], [101.7449669, 14.3113521], [101.745356, 14.3116696], [101.7460342, 14.3122198], [101.7466469, 14.3128245], [101.7472718, 14.3135257], [101.7478313, 14.3142705], [101.7481474, 14.3149216], [101.7482632, 14.3153925], [101.7483121, 14.3157891], [101.7483178, 14.3162612], [101.7482688, 14.3166747], [101.748198, 14.3172715], [101.7481798, 14.3174148], [101.7480774, 14.3182174], [101.7479869, 14.3189161], [101.7479728, 14.319571], [101.7480353, 14.3201821], [101.7482745, 14.3208448], [101.748869, 14.3217502], [101.7497192, 14.3228673], [101.7501801, 14.3236562], [101.7503732, 14.3241477], [101.7504889, 14.3246079], [101.7505498, 14.3250901], [101.7505114, 14.3255521], [101.750374, 14.3260152], [101.7499056, 14.3268212], [101.7498025, 14.3269985], [101.7494245, 14.3275932], [101.7491929, 14.3279734], [101.749036, 14.328231], [101.7484302, 14.3291074], [101.747815, 14.3301127], [101.7471673, 14.3311613], [101.7468889, 14.3317977], [101.7467414, 14.3323468], [101.7467144, 14.3328409], [101.746801, 14.3336234], [101.7469457, 14.3346521], [101.7472818, 14.3360435], [101.7474381, 14.3368701], [101.7474701, 14.3370395], [101.7474709, 14.3371039], [101.7474769, 14.3375975], [101.747416, 14.3380168], [101.7472895, 14.3384798], [101.7469694, 14.3393099], [101.7467893, 14.3398916], [101.7467496, 14.3402586], [101.74673, 14.3404397], [101.7467811, 14.3410187], [101.7469209, 14.3416503], [101.7469696, 14.3420361], [101.746975, 14.3424761], [101.7469374, 14.3428104], [101.7468856, 14.3432714], [101.7467734, 14.3440025], [101.7466954, 14.3448299], [101.7467038, 14.3455167], [101.746822, 14.3461808], [101.7470276, 14.3467902], [101.7473997, 14.3475157], [101.7478147, 14.3481441], [101.7481941, 14.3485583], [101.7485718, 14.3488437], [101.7489587, 14.348968], [101.7491424, 14.3489822], [101.7493223, 14.348996], [101.7495964, 14.348907], [101.7498034, 14.3487221], [101.7502168, 14.3483202], [101.7508797, 14.3476149], [101.7515961, 14.3467801], [101.7522151, 14.346086], [101.7528141, 14.3455531], [101.7533269, 14.3451715], [101.7538513, 14.3448434], [101.7548469, 14.3443381], [101.7555584, 14.3440321], [101.7558982, 14.3438859], [101.7566771, 14.3436622], [101.7582259, 14.3433866], [101.7596441, 14.3432305], [101.760337, 14.3431795], [101.7607375, 14.3432024], [101.7610313, 14.3432192], [101.7612734, 14.343233], [101.7618802, 14.343344], [101.7623202, 14.3434978], [101.7623556, 14.3435102], [101.7626775, 14.3437211], [101.7632783, 14.34424], [101.7636456, 14.3445684], [101.7639011, 14.3447587], [101.7641779, 14.3448842], [101.7644537, 14.3449347], [101.7648495, 14.3448871], [101.7660681, 14.3446153], [101.7667492, 14.3445], [101.7672444, 14.3444835], [101.7677405, 14.3445421], [101.7687895, 14.3447982], [101.7692975, 14.3449318], [101.769739, 14.3450232], [101.7702233, 14.3450176], [101.7707398, 14.3449471], [101.7711249, 14.3449319], [101.7715106, 14.3449596], [101.771842, 14.3450523], [101.7724187, 14.3453997], [101.7728302, 14.3457384], [101.7731321, 14.3461212], [101.7733129, 14.3464948], [101.7734392, 14.3469636], [101.7734509, 14.3470406], [101.7735117, 14.3474476], [101.7734934, 14.3477484], [101.7733874, 14.3480823], [101.7731186, 14.3486007], [101.7728504, 14.3491726], [101.772756, 14.3495494], [101.7727492, 14.3498929], [101.7728298, 14.3501818], [101.773031, 14.3504263], [101.7732647, 14.3506274], [101.7735084, 14.3507534], [101.7739942, 14.3508658], [101.7755496, 14.3511266], [101.7777337, 14.3514766], [101.7792233, 14.351749], [101.7800999, 14.3519544], [101.7805952, 14.3521203], [101.7808245, 14.3522796], [101.7809427, 14.3524511], [101.7810075, 14.3527079], [101.7810455, 14.3529307], [101.7810308, 14.3531627], [101.7810124, 14.3532357], [101.7808965, 14.3536966], [101.7805307, 14.3547484], [101.7803253, 14.3552317], [101.7801342, 14.3556584], [101.7800588, 14.355827], [101.780036, 14.3558779], [101.7800075, 14.3559414], [101.7799311, 14.3561121], [101.7798339, 14.3562776], [101.7797693, 14.3563877], [101.7796019, 14.3567374], [101.7795979, 14.3567738], [101.779586, 14.3568816], [101.7795841, 14.3568986], [101.7795891, 14.3569133], [101.7796321, 14.3570397], [101.7797393, 14.3571672], [101.7798857, 14.3572557], [101.7801378, 14.3573429], [101.7801707, 14.3573486], [101.7802197, 14.3573571], [101.7804159, 14.3573911], [101.7806796, 14.3573558], [101.7811924, 14.3571566], [101.7815276, 14.3570239], [101.7818502, 14.3569364], [101.7822325, 14.3568675], [101.7826152, 14.3568308], [101.7831503, 14.3568374], [101.7835865, 14.356858], [101.7837749, 14.3568785], [101.7839901, 14.356902], [101.7843339, 14.3569394], [101.7850485, 14.357034], [101.7855253, 14.3571315], [101.785963, 14.3572744], [101.7863288, 14.3574762], [101.7866951, 14.357723], [101.7869292, 14.3579521], [101.7873328, 14.3585398], [101.7877114, 14.3592437], [101.787913, 14.3595182], [101.788073, 14.3596387], [101.7882523, 14.3597138], [101.7884574, 14.3597436], [101.7887015, 14.3597214], [101.7889779, 14.3596345], [101.7896472, 14.3592724], [101.7908528, 14.3584854], [101.7917235, 14.357857], [101.7918135, 14.3577881], [101.7924499, 14.357301], [101.7927251, 14.3571239], [101.7929419, 14.3570312], [101.7931398, 14.3570096], [101.793201, 14.3570146], [101.7933448, 14.3570265], [101.7933678, 14.3570378], [101.7933849, 14.3570462], [101.7935109, 14.3571082], [101.7938253, 14.3574265], [101.7944751, 14.3581529], [101.7947092, 14.3583884], [101.7948891, 14.3584944], [101.7949022, 14.3585021], [101.7949733, 14.3585206], [101.7950678, 14.3585452], [101.7952235, 14.3585555], [101.795255, 14.35855], [101.7953779, 14.3585158], [101.7955484, 14.3584172], [101.7959533, 14.3580389], [101.7962375, 14.3577658], [101.7964689, 14.3575434], [101.7970052, 14.3571121], [101.7974246, 14.3568431], [101.7978318, 14.3566515], [101.7983316, 14.3564782], [101.7990286, 14.356218], [101.7997107, 14.3559604], [101.7997884, 14.3559221], [101.8000423, 14.355797], [101.8001292, 14.3557542], [101.8006124, 14.3554346], [101.8013977, 14.3548457], [101.8026241, 14.3538734], [101.8032285, 14.3534005], [101.8035644, 14.3531378], [101.8038491, 14.3529348], [101.8041924, 14.35269], [101.804391, 14.3525484], [101.8045699, 14.3523921], [101.804783, 14.3522057], [101.8049362, 14.3520186], [101.8050758, 14.3518481], [101.8055136, 14.3511989], [101.8059512, 14.3505418], [101.806707, 14.3495749], [101.8071874, 14.349038], [101.807538, 14.3486796], [101.8077808, 14.3484801], [101.8079058, 14.3483775], [101.8080706, 14.3482697], [101.8083071, 14.3481151], [101.8083562, 14.3480919], [101.8087257, 14.347917], [101.8093177, 14.3477248], [101.8097934, 14.3476588], [101.8101419, 14.3476104], [101.8109012, 14.3475853], [101.8115458, 14.347634], [101.8115668, 14.3476371], [101.8118101, 14.3476727], [101.8122075, 14.3477308], [101.8124607, 14.3477958], [101.812837, 14.3478924], [101.813451, 14.3481346], [101.8138334, 14.3483474], [101.814052, 14.3485296], [101.8146427, 14.349022], [101.8151443, 14.3495151], [101.8155774, 14.3498158], [101.816142, 14.3500747], [101.8169131, 14.3503312], [101.8172785, 14.3503954], [101.8173847, 14.3504141], [101.8178058, 14.3504172], [101.8182426, 14.3503556], [101.8192961, 14.3500855], [101.8195183, 14.3500302], [101.8198393, 14.3499503], [101.8203002, 14.3498321], [101.8209341, 14.3496877], [101.8213955, 14.3496098], [101.8217501, 14.3495814], [101.8220395, 14.3496101], [101.8222466, 14.349664], [101.8224128, 14.3497441], [101.8226045, 14.3498209], [101.8229173, 14.3499348], [101.8233403, 14.3500985], [101.8235543, 14.3501987], [101.8236978, 14.3502739], [101.823857, 14.3503789], [101.8239654, 14.3504524], [101.8240694, 14.3505324], [101.8242135, 14.3506589], [101.8243044, 14.3507369], [101.8245271, 14.3510185], [101.8250397, 14.3516731], [101.8254855, 14.3522491], [101.8262668, 14.3531847], [101.8268429, 14.3538384], [101.8271922, 14.3542382], [101.8276037, 14.3547079], [101.8279664, 14.3551183], [101.8282155, 14.355406], [101.8283537, 14.3555797], [101.828452, 14.3557282], [101.828564, 14.3559128], [101.8286584, 14.3560998], [101.8287551, 14.3562931], [101.8288142, 14.3564485], [101.8288549, 14.3565484], [101.828903, 14.3567146], [101.8289426, 14.3569065], [101.8289849, 14.3571305], [101.8290071, 14.3573248], [101.8290151, 14.3579617], [101.8290026, 14.3588832], [101.828988, 14.3596444], [101.8289781, 14.359901], [101.828987, 14.3600848], [101.8289952, 14.3602172], [101.8290311, 14.3604562], [101.829127, 14.3607564], [101.8292581, 14.3610692], [101.8294264, 14.3613728], [101.8295982, 14.3616123], [101.829863, 14.361917], [101.8301867, 14.3621953], [101.8305271, 14.3624157], [101.8308582, 14.3625849], [101.8312788, 14.3627273], [101.8315528, 14.3627914], [101.8319248, 14.3628329], [101.8323542, 14.3628313], [101.8329547, 14.3627411], [101.8333349, 14.3626728], [101.8337793, 14.3625836], [101.8341227, 14.3625158], [101.8344563, 14.3624617], [101.8346913, 14.3624396], [101.8348752, 14.3624317], [101.8350968, 14.3624348], [101.8353581, 14.3624567], [101.8355622, 14.3624813], [101.8357598, 14.3625181], [101.8359706, 14.3625671], [101.8361474, 14.3626227], [101.8363104, 14.3626844], [101.8365193, 14.3627822], [101.8366844, 14.3628696], [101.8368979, 14.3630033], [101.8371231, 14.3631805], [101.8373444, 14.3633652], [101.837533, 14.3635295], [101.8379755, 14.3639159], [101.8385836, 14.3644543], [101.8389615, 14.3647814], [101.8391209, 14.3648957], [101.839286, 14.3649916], [101.8394678, 14.3650747], [101.8397518, 14.3651748], [101.8399123, 14.3652057], [101.8401223, 14.3652283], [101.8403242, 14.3652413], [101.8405001, 14.3652315], [101.8406699, 14.3652082], [101.8407927, 14.3651787], [101.8409574, 14.3651298], [101.8413097, 14.3649942], [101.8418761, 14.3647339], [101.8420577, 14.3646449], [101.842076, 14.3646279], [101.842099, 14.3646065], [101.8421193, 14.3645587], [101.8421221, 14.3645044], [101.8420967, 14.3644266], [101.8419357, 14.3640889], [101.8418495, 14.3638734], [101.8417343, 14.3635854], [101.8415264, 14.3631227], [101.8414865, 14.3629941], [101.8414429, 14.362852], [101.8413777, 14.3626558], [101.84132, 14.3625003], [101.8412556, 14.3623653], [101.8411918, 14.3622777], [101.8411386, 14.3622003], [101.8411062, 14.3621158], [101.841091, 14.3620175], [101.8410742, 14.3617936], [101.8410458, 14.3614747], [101.8410267, 14.3613391], [101.8409979, 14.3612647], [101.8409518, 14.3612008], [101.840885, 14.3611506], [101.8407763, 14.3610942], [101.8403639, 14.3609905], [101.8402834, 14.3609575], [101.8402202, 14.3609141], [101.840174, 14.3608434], [101.8400827, 14.3605117], [101.8400139, 14.3603054], [101.8399633, 14.3601532], [101.8399378, 14.3600686], [101.8399124, 14.3599908], [101.8398804, 14.3599402], [101.839831, 14.3598899], [101.8397816, 14.3598361], [101.8397286, 14.3597756], [101.8397036, 14.3597284], [101.8396927, 14.3596912], [101.8396849, 14.3596234], [101.8396634, 14.3593044], [101.8396514, 14.3591755], [101.8396396, 14.3590704], [101.8396248, 14.3589993], [101.8395923, 14.3589114], [101.8395564, 14.3588303], [101.8395167, 14.3587187], [101.8395089, 14.3586509], [101.8394942, 14.3585899], [101.8394726, 14.3585359], [101.8394443, 14.3584989], [101.8393423, 14.3584254], [101.8392578, 14.3583517], [101.8391767, 14.3582711], [101.8391234, 14.3581903], [101.8390662, 14.3580721], [101.8390123, 14.3579403], [101.8389792, 14.3578015], [101.8389635, 14.3576625], [101.8389617, 14.3575199], [101.8389713, 14.3574552], [101.8390089, 14.3573937], [101.8390813, 14.3573385], [101.8391259, 14.3572836], [101.8391425, 14.3572223], [101.8391416, 14.3571476], [101.8391231, 14.3570629], [101.8390792, 14.3568936], [101.8390494, 14.3567412], [101.8390298, 14.3565716], [101.8390306, 14.3563577], [101.839041, 14.3560723], [101.8390713, 14.3557154], [101.8390715, 14.3552711], [101.8390581, 14.3549453], [101.839023, 14.354742], [101.8389939, 14.3546382], [101.8389555, 14.3545436], [101.8389128, 14.3544716], [101.8387854, 14.3543102], [101.8387264, 14.354239], [101.8387014, 14.354185], [101.8386937, 14.3541307], [101.8387139, 14.3540728], [101.8387306, 14.3540182], [101.8387264, 14.3539639], [101.8387084, 14.3539166], [101.8386766, 14.353883], [101.8385541, 14.3538336], [101.8385403, 14.3538275], [101.8385089, 14.3538137], [101.8383054, 14.3537245], [101.838193, 14.3536511], [101.8381398, 14.3535737], [101.8381213, 14.3534856], [101.8381168, 14.3534075], [101.8381223, 14.3532886], [101.838138, 14.3531492], [101.8381882, 14.3529924], [101.8382458, 14.3528593], [101.8383515, 14.3526814], [101.838523, 14.3524688], [101.8387748, 14.3522757], [101.8392002, 14.3520329], [101.8396567, 14.3517761], [101.8400892, 14.3515434], [101.8402653, 14.3514258], [101.8403408, 14.3513366], [101.8403917, 14.3512274], [101.8404321, 14.3511216], [101.8405006, 14.3510291], [101.8405696, 14.3509706], [101.8409608, 14.3507825], [101.8414354, 14.3505799], [101.8416734, 14.3504881], [101.8418449, 14.3504589], [101.8419796, 14.3504618], [101.8421569, 14.3505276], [101.8423061, 14.3505756], [101.8424687, 14.3505782], [101.8426168, 14.3505357], [101.8427549, 14.3504435], [101.8429062, 14.3502877], [101.8430803, 14.3500955], [101.8432091, 14.3499988], [101.8433107, 14.3499569], [101.8434265, 14.3499328], [101.8436215, 14.349926], [101.8438538, 14.3499368], [101.8440301, 14.3499211], [101.8441596, 14.3498742], [101.8442331, 14.3498145], [101.8442922, 14.3497097], [101.8443233, 14.3496006], [101.8443356, 14.3494737], [101.8443528, 14.3493648], [101.8443891, 14.3492965], [101.8444811, 14.3492229], [101.8446337, 14.3491758], [101.8448052, 14.3491466], [101.8449346, 14.3490998], [101.8450451, 14.349026], [101.8451834, 14.3489383], [101.8453312, 14.3488777], [101.8454563, 14.3488581], [101.8455958, 14.3488654], [101.8457311, 14.3489181], [101.8459182, 14.3490246], [101.8460581, 14.3490682], [101.8462209, 14.3490888], [101.8463738, 14.3490644], [101.846591, 14.3489803], [101.8469456, 14.3487406], [101.8470886, 14.3486619], [101.8474252, 14.3484722], [101.84754, 14.3483667], [101.8476637, 14.3482339], [101.8478199, 14.3481052], [101.8480409, 14.3479532], [101.8482205, 14.3478288], [101.8483822, 14.3477634], [101.8485765, 14.3477068], [101.8487245, 14.3476552], [101.8487987, 14.3476032], [101.8488166, 14.3475907], [101.848862, 14.3475132], [101.8489293, 14.3473222], [101.8490004, 14.3471227], [101.8490055, 14.3471085], [101.8491141, 14.3468808], [101.8492551, 14.3466482], [101.8494016, 14.3464789], [101.8496081, 14.3462863], [101.849861, 14.3460885], [101.8500778, 14.3459727], [101.8503323, 14.3459018], [101.8506755, 14.3458614], [101.8509395, 14.3458084], [101.8511245, 14.3457428], [101.8512726, 14.3457048], [101.851384, 14.3457035], [101.8514958, 14.3457248], [101.851696, 14.3457676], [101.8518587, 14.3457793], [101.8520487, 14.3457498], [101.8522196, 14.3456753], [101.8523573, 14.3455514], [101.8524715, 14.3453961], [101.8525772, 14.3453133], [101.8527294, 14.34523], [101.8531451, 14.3450484], [101.8534444, 14.3448456], [101.8535949, 14.3447539], [101.8536794, 14.3447024], [101.8537564, 14.3446402], [101.8537989, 14.3446059], [101.8538811, 14.3444962], [101.8540507, 14.3443176], [101.854161, 14.3442303], [101.8543228, 14.3441695], [101.8544805, 14.344154], [101.8545454, 14.3441519], [101.8547126, 14.3441467], [101.8548884, 14.3440947], [101.8551147, 14.3439969], [101.8554322, 14.3437667], [101.8557173, 14.3435414], [101.8559101, 14.3433671], [101.8559214, 14.3433527], [101.8560107, 14.3432391], [101.8560923, 14.3430796], [101.8562016, 14.3429108], [101.8563072, 14.342819], [101.856464, 14.342731], [101.8566862, 14.3426786], [101.8570111, 14.3426611], [101.8571448, 14.3426529], [101.8573823, 14.3426385], [101.8576047, 14.3425951], [101.8577616, 14.3425162], [101.8578714, 14.3423881], [101.8578959, 14.342329], [101.8579525, 14.3421924], [101.8580255, 14.3420874], [101.8581221, 14.3420138], [101.8582748, 14.3419712], [101.8584371, 14.3419557], [101.8586179, 14.341965], [101.8586693, 14.3419676], [101.8588646, 14.3419777], [101.8591759, 14.3419875], [101.8593195, 14.3419586], [101.8594301, 14.3418939], [101.8595168, 14.3417751], [101.8596742, 14.3413703], [101.8597456, 14.341143], [101.8598315, 14.3409518], [101.8599507, 14.3408372], [101.8600797, 14.3407496], [101.8602081, 14.3406213], [101.8602808, 14.3404982], [101.8603027, 14.3403983], [101.8603068, 14.3403301], [101.8603219, 14.3400766], [101.8603476, 14.3399043], [101.860402, 14.3397995], [101.8605168, 14.339703], [101.8606554, 14.339647], [101.8608168, 14.3395545], [101.860913, 14.3394492], [101.8610551, 14.3393026], [101.8611701, 14.3392152], [101.8613271, 14.3391499], [101.8614887, 14.3390755], [101.8616176, 14.3389879], [101.8617734, 14.3388231], [101.8618965, 14.3386699], [101.8619791, 14.338567], [101.8621029, 14.3384388], [101.8622356, 14.3382878], [101.8624153, 14.3381724], [101.86254, 14.3381211], [101.8627571, 14.3380324], [101.8628155, 14.338001], [101.8628863, 14.337963], [101.8629782, 14.3378849], [101.863074, 14.3377524], [101.8631778, 14.337576], [101.8632831, 14.3373968], [101.8635855, 14.3370717], [101.8637001, 14.336963], [101.8638516, 14.3368194], [101.8641409, 14.3365624], [101.8644854, 14.3362684], [101.8646759, 14.3361128], [101.8648117, 14.3360019], [101.8649863, 14.3358504], [101.8652614, 14.3355754], [101.8655224, 14.3352825], [101.8657239, 14.3350582], [101.8658325, 14.3349261], [101.8659571, 14.3347747], [101.8661495, 14.3345686], [101.8663382, 14.3344396], [101.8664888, 14.3343706], [101.8665922, 14.3343233], [101.866879, 14.3342383], [101.8671053, 14.3341405], [101.8672894, 14.3340115], [101.8674266, 14.3338423], [101.8675032, 14.3336648], [101.8675925, 14.3333785], [101.8676517, 14.3332516], [101.8677688, 14.3330006], [101.8679501, 14.3326543], [101.8680624, 14.3324363], [101.868145, 14.3322762], [101.8683141, 14.3320613], [101.8684524, 14.3319659], [101.8685212, 14.3319185], [101.8687008, 14.3317986], [101.8687785, 14.3317026], [101.8688193, 14.3316251], [101.8688319, 14.3315208], [101.8688056, 14.3312766], [101.8688031, 14.331082], [101.8688353, 14.3309534], [101.8688429, 14.330923], [101.8689063, 14.3307955], [101.868968, 14.33072], [101.8690297, 14.3306446], [101.8692507, 14.3304925], [101.8696008, 14.330271], [101.8698539, 14.3300913], [101.8701157, 14.3298663], [101.8701279, 14.3298534], [101.870331, 14.3296373], [101.8704696, 14.3294467], [101.8705136, 14.3293861], [101.8706996, 14.3290397], [101.8708121, 14.3287622], [101.8708477, 14.3286398], [101.8708967, 14.3284714], [101.8709623, 14.3281582], [101.8709971, 14.3279722], [101.8710423, 14.327872], [101.8710881, 14.3278262], [101.8711805, 14.3277843], [101.8714122, 14.3277498], [101.8715648, 14.3277027], [101.8717904, 14.327546], [101.8719518, 14.327458], [101.8721091, 14.3274109], [101.872327, 14.3273901], [101.8725409, 14.3274102], [101.8727639, 14.3274483], [101.8729365, 14.3274778], [101.873127, 14.3274936], [101.8732338, 14.3274878], [101.8732983, 14.3274508], [101.8734035, 14.3273273], [101.8735595, 14.3270618], [101.873658, 14.3268941], [101.8738316, 14.3266656], [101.8739918, 14.3264871], [101.8741335, 14.3263043], [101.8743983, 14.3259679], [101.874421, 14.3259391], [101.8745668, 14.3256923], [101.8746756, 14.3254827], [101.8747748, 14.3252506], [101.8748746, 14.3250683], [101.8750162, 14.3248855], [101.8752131, 14.3246703], [101.8754239, 14.3244459], [101.8756812, 14.32423], [101.8759106, 14.3240144], [101.8760751, 14.3238087], [101.8761249, 14.3237279], [101.8762071, 14.3235943], [101.8763342, 14.3233664], [101.8764256, 14.3232521], [101.8766097, 14.3231276], [101.8767947, 14.323071], [101.8770354, 14.3230047], [101.8772247, 14.3229255], [101.8773445, 14.322847], [101.8775053, 14.3227183], [101.8777174, 14.322598], [101.8779669, 14.3225045], [101.8782589, 14.3224602], [101.8785748, 14.3224745], [101.8789664, 14.3225919], [101.8794517, 14.3227807], [101.8798766, 14.3229612], [101.8801328, 14.323026], [101.880505, 14.3230849], [101.8808775, 14.3231619], [101.8812784, 14.3232883], [101.8817119, 14.3234143], [101.8818354, 14.3234283], [101.8818932, 14.3234348], [101.8819644, 14.3234339], [101.8820511, 14.3234329], [101.8821668, 14.3234088], [101.8822867, 14.3233394], [101.8823223, 14.3233066], [101.8824611, 14.3231789], [101.8824864, 14.3231486], [101.8826715, 14.3229273], [101.8828182, 14.3227806], [101.8830064, 14.3226153], [101.8831443, 14.322505], [101.8834069, 14.3223434], [101.8835407, 14.3222693], [101.8836885, 14.3222132], [101.883786, 14.3222075], [101.8838884, 14.3222288], [101.8839728, 14.3222912], [101.8842867, 14.3225138], [101.8844204, 14.3225682], [101.8844594, 14.3225841], [101.8845758, 14.3226053], [101.8846639, 14.3225997], [101.884712, 14.3225554], [101.8847236, 14.3225447], [101.8848097, 14.3223806], [101.8848782, 14.3222893], [101.884961, 14.3222294], [101.8851138, 14.3221913], [101.8852622, 14.3221759], [101.8854065, 14.3222059], [101.8855276, 14.3222361], [101.8857012, 14.3223743], [101.8859217, 14.3225528], [101.8860626, 14.3226823], [101.8861798, 14.3227624], [101.8862452, 14.3227948], [101.8862779, 14.322811], [101.8863626, 14.3228338], [101.8864549, 14.3228587], [101.8866501, 14.3228653], [101.8868589, 14.3228537], [101.8872206, 14.3228222], [101.8873968, 14.3227974], [101.8874844, 14.3227511], [101.8874923, 14.3227434], [101.8876174, 14.3226227], [101.8876613, 14.3225478], [101.8877537, 14.3223901], [101.8878076, 14.3222446], [101.8878981, 14.3220578], [101.8880215, 14.3219069], [101.8882506, 14.3216687], [101.888521, 14.3213847], [101.8886627, 14.321211], [101.8888198, 14.3209997], [101.8889033, 14.3208875], [101.8891283, 14.320585], [101.8893705, 14.3202833], [101.8895453, 14.3200644], [101.8896178, 14.320016], [101.8896871, 14.3199879], [101.8897158, 14.3199836], [101.8897601, 14.3199769], [101.8897703, 14.319979], [101.8898369, 14.3199929], [101.8899632, 14.3200627], [101.8902376, 14.3202801], [101.8904345, 14.3204237], [101.8905654, 14.3204973], [101.8907011, 14.3205772], [101.8908647, 14.3206612], [101.8910001, 14.320723], [101.8911585, 14.3207572], [101.8913726, 14.3207999], [101.8914891, 14.3208347], [101.8915686, 14.3208745], [101.891611, 14.3209238], [101.8916911, 14.3210133], [101.8917938, 14.3210574], [101.89191, 14.3210695], [101.8921098, 14.3210807], [101.8922497, 14.3211243], [101.8923202, 14.3211913], [101.8923865, 14.3212946], [101.8924208, 14.3214346], [101.8924286, 14.3216744], [101.892408, 14.3218829], [101.8923778, 14.3220292], [101.8923555, 14.3221371], [101.8922296, 14.3224511], [101.8922142, 14.3224885], [101.8920765, 14.3228242], [101.8919968, 14.323133], [101.8919722, 14.3233869], [101.8919931, 14.3235677], [101.892066, 14.3238204], [101.892105, 14.3239648], [101.8921399, 14.32415], [101.892142, 14.3243129], [101.8921228, 14.3246301], [101.8921035, 14.3249337], [101.8921239, 14.3250738], [101.892177, 14.3252361], [101.8922355, 14.3254482], [101.8922704, 14.3256379], [101.8922788, 14.3257351], [101.8922922, 14.3258912], [101.8923008, 14.326199], [101.8923561, 14.3265288], [101.8924184, 14.3266774], [101.8924853, 14.326826], [101.8925392, 14.3269125], [101.892656, 14.3271001], [101.8928032, 14.3273519], [101.8928656, 14.3275141], [101.8929144, 14.3276946], [101.8929256, 14.3278484], [101.8929349, 14.3282105], [101.8929509, 14.3283733], [101.8930039, 14.3285175], [101.8930801, 14.328666], [101.8932132, 14.3289089], [101.8933036, 14.3290753], [101.8933766, 14.3292608], [101.8933852, 14.3292825], [101.8934335, 14.3294314], [101.8935499, 14.3298193], [101.8936076, 14.3299725], [101.893653, 14.3300662], [101.8936839, 14.3301301], [101.8937977, 14.3303143], [101.8938781, 14.3304265], [101.8940143, 14.3305471], [101.8941359, 14.3306135], [101.8943035, 14.3306432], [101.8945445, 14.3306131], [101.8951374, 14.3304926], [101.8955629, 14.3303607], [101.895668, 14.3303194], [101.8962051, 14.3301084], [101.89665, 14.3298629], [101.8969514, 14.3296465], [101.8973115, 14.3293982], [101.8976341, 14.3292075], [101.8980665, 14.3289758], [101.8983722, 14.3288306], [101.8984923, 14.3287779], [101.8989552, 14.3285745], [101.8995669, 14.328301], [101.9000172, 14.3281097], [101.9009329, 14.3276986], [101.9014822, 14.3274154], [101.9015325, 14.3273894], [101.9020407, 14.327187], [101.9025496, 14.3270374], [101.9031519, 14.3269319], [101.9038475, 14.3268631], [101.9047138, 14.3268298], [101.9054652, 14.326881], [101.9063569, 14.327021], [101.9071945, 14.3271541], [101.9075506, 14.3271648], [101.9077977, 14.3271241], [101.9079902, 14.3270462], [101.9082433, 14.3268696], [101.9084426, 14.3267238], [101.9086505, 14.3266382], [101.9088512, 14.326598], [101.9091831, 14.3265336], [101.9093984, 14.3264253], [101.9096435, 14.3262261], [101.909804, 14.3260732], [101.9099421, 14.3259735], [101.9100957, 14.3258886], [101.9102269, 14.3258568], [101.9103324, 14.3258512], [101.9104125, 14.325847], [101.9105599, 14.3258753], [101.9107079, 14.325949], [101.9109662, 14.3261722], [101.9112002, 14.3263202], [101.9115591, 14.3265422], [101.9118718, 14.3267874], [101.9122871, 14.3271822], [101.9125853, 14.327503], [101.9128446, 14.3278092], [101.9130966, 14.3281456], [101.9133554, 14.3284066], [101.9138633, 14.3287852], [101.9142699, 14.3291046], [101.9144267, 14.3292659], [101.9145554, 14.3293882], [101.91465, 14.3294782], [101.9149741, 14.3298534], [101.9153003, 14.330387], [101.9157151, 14.331044], [101.9160768, 14.3316395], [101.9162718, 14.3319087], [101.9164304, 14.3320539], [101.9166291, 14.3321533], [101.9168677, 14.332207], [101.9171636, 14.3321977], [101.9173951, 14.3321382], [101.9177123, 14.3319815], [101.9180809, 14.331762], [101.9184373, 14.3314916], [101.9185974, 14.3313085], [101.9186826, 14.3311603], [101.918716, 14.3310559], [101.9187279, 14.3309667], [101.9187254, 14.3308744], [101.9187212, 14.3307251], [101.9187198, 14.3306739], [101.9187033, 14.3304109], [101.9186792, 14.3302245], [101.9186635, 14.3300252], [101.9186665, 14.329919], [101.9186956, 14.3298168], [101.9187556, 14.3297439], [101.9188466, 14.3297088], [101.9189683, 14.3296946], [101.9191562, 14.3297475], [101.919331, 14.3298005], [101.9194923, 14.3298155], [101.9196096, 14.3298013], [101.9197349, 14.3297234], [101.9198761, 14.3295349], [101.9199491, 14.3294618], [101.9200532, 14.3294308], [101.9201577, 14.3294296], [101.9202234, 14.3294627], [101.9202678, 14.3295343], [101.9202775, 14.3296106], [101.9202711, 14.3297847], [101.920286, 14.3299246], [101.9203266, 14.3300387], [101.9203893, 14.330141], [101.9204067, 14.3301693], [101.9205123, 14.3302571], [101.920635, 14.3303193], [101.9207594, 14.330332], [101.9207832, 14.3303344], [101.9209397, 14.3303197], [101.9211524, 14.3302747], [101.9213783, 14.3302337], [101.921548, 14.3302274], [101.9216614, 14.3302472], [101.9218407, 14.3303086], [101.9220763, 14.3303524], [101.9222942, 14.330371], [101.9225333, 14.3303468], [101.9227458, 14.3302848], [101.9229103, 14.3302106], [101.9230765, 14.3301089], [101.9230874, 14.3301023], [101.9232378, 14.3299561], [101.9232646, 14.3299172], [101.9233703, 14.3297635], [101.9234317, 14.3296255], [101.9235014, 14.329469], [101.9235976, 14.3292063], [101.9236107, 14.3291706], [101.9236393, 14.3290259], [101.9236295, 14.3289369], [101.923598, 14.3288609], [101.9235537, 14.3287977], [101.9233337, 14.3286179], [101.9230258, 14.3283756], [101.9229374, 14.3282705], [101.9229016, 14.3281946], [101.9229006, 14.3281224], [101.9229419, 14.3279479], [101.9230552, 14.3276197], [101.9231826, 14.327372], [101.9232898, 14.3272475], [101.9233891, 14.3271827], [101.9234932, 14.3271559], [101.9235717, 14.3271677], [101.9236374, 14.3272008], [101.9238139, 14.3273854], [101.923915, 14.3274605], [101.9239894, 14.3274893], [101.9240591, 14.3274885], [101.9241193, 14.3274368], [101.9241489, 14.3273643], [101.9241689, 14.3272282], [101.924189, 14.3271049], [101.9242226, 14.3270068], [101.9242826, 14.326934], [101.9243909, 14.3268944], [101.9245388, 14.3268883], [101.9246526, 14.3269336], [101.9248638, 14.3271051], [101.9249606, 14.3271845], [101.9250703, 14.3272511], [101.925175, 14.327271], [101.92534, 14.3272392], [101.9254704, 14.3272249], [101.9255926, 14.3272446], [101.9256802, 14.327286], [101.9257684, 14.327374], [101.9259762, 14.3276261], [101.926197, 14.3278653], [101.9263725, 14.3279693], [101.9265339, 14.3280013], [101.92666, 14.327987], [101.9267767, 14.3279261], [101.9268836, 14.327772], [101.9269329, 14.3275464], [101.9270201, 14.327227], [101.9270961, 14.3270436], [101.9271942, 14.3268853], [101.9273106, 14.326799], [101.9274407, 14.3267592], [101.92758, 14.3267575], [101.9276719, 14.3267945], [101.9277425, 14.3268701], [101.9278617, 14.3270002], [101.9279493, 14.3270415], [101.9280452, 14.3270488], [101.9281795, 14.3270047], [101.9282967, 14.3269778], [101.9284142, 14.3269764], [101.9285277, 14.3269962], [101.9287947, 14.3271075], [101.9289304, 14.3271652], [101.9290394, 14.3271809], [101.9291347, 14.3271457], [101.929229, 14.3270342], [101.9292922, 14.3268679], [101.9293414, 14.3266339], [101.9293827, 14.3264678], [101.9294382, 14.326378], [101.92952, 14.3263091], [101.9296067, 14.3262868], [101.9297287, 14.3262895], [101.9298867, 14.326328], [101.9299776, 14.3263501], [101.9300036, 14.3263525], [101.9301824, 14.3263688], [101.9303171, 14.3263502], [101.9304253, 14.3263021], [101.930498, 14.3261994], [101.9305224, 14.3260717], [101.9305205, 14.3259232], [101.930506, 14.325813], [101.9304741, 14.3256988], [101.9303579, 14.3254668], [101.930206, 14.3251673], [101.9301338, 14.324973], [101.93011, 14.324812], [101.9301126, 14.3246804], [101.9301347, 14.324602], [101.9301667, 14.3244887], [101.9303148, 14.3241643], [101.9303741, 14.324032], [101.9303987, 14.3239214], [101.9303798, 14.323807], [101.9302979, 14.3235321], [101.9302741, 14.3233754], [101.9302765, 14.3232268], [101.9303272, 14.3231031], [101.9304215, 14.3229916], [101.9305338, 14.3229265], [101.9307249, 14.3228944], [101.9309951, 14.3229166], [101.9311257, 14.3229192], [101.9312168, 14.3228884], [101.9312814, 14.3228366], [101.9313196, 14.322764], [101.9313272, 14.322679], [101.9312998, 14.3225817], [101.9311915, 14.322286], [101.9311766, 14.3221461], [101.9312144, 14.3220353], [101.9313003, 14.3219451], [101.9314257, 14.3218841], [101.931595, 14.3218438], [101.9318341, 14.3218239], [101.9321346, 14.3218329], [101.9323393, 14.3218389], [101.9324919, 14.3218582], [101.9326142, 14.3218906], [101.9327694, 14.3219503], [101.9328067, 14.3219647], [101.9329376, 14.3219885], [101.9330374, 14.3219703], [101.9331371, 14.3219351], [101.9332066, 14.3219258], [101.9332765, 14.3219461], [101.9333769, 14.3219661], [101.9334684, 14.3219735], [101.9335334, 14.3219514], [101.9335765, 14.3219127], [101.9336062, 14.3218529], [101.9336009, 14.3217851], [101.9335738, 14.321709], [101.9335599, 14.3216413], [101.9335678, 14.3215817], [101.9336694, 14.321364], [101.9337203, 14.3212573], [101.9337324, 14.321185], [101.9337268, 14.3211197], [101.9336966, 14.321015], [101.9336908, 14.3209945], [101.9336853, 14.3209097], [101.9337062, 14.3208458], [101.9337705, 14.3207643], [101.9338734, 14.3206442], [101.9339415, 14.3205288], [101.9339876, 14.3203881], [101.9340117, 14.320235], [101.9340434, 14.3199927], [101.9341015, 14.3197755], [101.9341903, 14.3195749], [101.9342793, 14.3193871], [101.9343226, 14.3193284], [101.9344247, 14.3191901], [101.9344924, 14.3190364], [101.9344989, 14.3189232], [101.934493, 14.318752], [101.9345077, 14.3185396], [101.9345277, 14.3184078], [101.9345826, 14.3182756], [101.9345988, 14.318182], [101.9345933, 14.3180972], [101.9345874, 14.3179784], [101.9345861, 14.3178723], [101.9346111, 14.3177871], [101.9346533, 14.317689], [101.9348164, 14.3175087], [101.935027, 14.3173023], [101.9351409, 14.3171333], [101.9351963, 14.3169345], [101.9352167, 14.3167136], [101.9351954, 14.3164139], [101.93514, 14.3157242], [101.9351119, 14.315351], [101.9351067, 14.3149493], [101.935119, 14.3145586], [101.9352003, 14.3141162], [101.9353559, 14.3135823], [101.9354561, 14.3132528], [101.9354757, 14.312981], [101.9354642, 14.3125397], [101.9354335, 14.3119628], [101.9354396, 14.311544], [101.9354767, 14.3112662], [101.9355492, 14.3110446], [101.9356913, 14.3108108], [101.9360403, 14.3104273], [101.9365406, 14.3100703], [101.936817, 14.3099028], [101.9371801, 14.3097059], [101.9373811, 14.3095449], [101.9375122, 14.3093622], [101.9375796, 14.3091859], [101.9376305, 14.3090834], [101.9376992, 14.3090147], [101.9378088, 14.3089624], [101.9379766, 14.3089207], [101.9383302, 14.3088937], [101.9387999, 14.3088596], [101.938997, 14.3088375], [101.9390838, 14.3088278], [101.9392573, 14.3087747], [101.9393018, 14.3087402], [101.9393837, 14.3086769], [101.9394457, 14.3085403], [101.9395163, 14.308166], [101.9395767, 14.3079049], [101.9396498, 14.3077229], [101.9398145, 14.3074436], [101.9401164, 14.3070041], [101.940572, 14.306342], [101.9409595, 14.3057882], [101.9413124, 14.3052632], [101.9415503, 14.3048132], [101.9418589, 14.3039945], [101.9420126, 14.3036736], [101.9422226, 14.3034071], [101.9424703, 14.3031722], [101.942671, 14.303024], [101.9428597, 14.3028862], [101.9430131, 14.3027612], [101.9432137, 14.3026121], [101.9433314, 14.3024864], [101.9433407, 14.3024682], [101.9433788, 14.3023944], [101.9433567, 14.3022499], [101.9433091, 14.3021525], [101.9426544, 14.301403], [101.9422301, 14.3008575], [101.9416081, 14.3000352], [101.9409472, 14.2991983], [101.940479, 14.298656], [101.9402992, 14.2984478], [101.940193, 14.2983248], [101.9397852, 14.2979073], [101.939315, 14.2974528], [101.9388921, 14.2970581], [101.9384538, 14.2966787], [101.938032, 14.2963746], [101.9370871, 14.2957071], [101.9369148, 14.2955508], [101.9367886, 14.2953637], [101.9367249, 14.2952296], [101.9366843, 14.2950783], [101.9365932, 14.2946191], [101.9365169, 14.294406], [101.9364182, 14.2942516], [101.9362616, 14.2941101], [101.9360503, 14.2939241], [101.9356829, 14.2936344], [101.9352068, 14.2933233], [101.9344805, 14.2928041], [101.9335368, 14.2922347], [101.933132, 14.2920435], [101.9327362, 14.2919503], [101.9321471, 14.2918746], [101.9315716, 14.2918508], [101.9313033, 14.2918397], [101.9303905, 14.2918585], [101.930042, 14.2918402], [101.929809, 14.2917676], [101.9296136, 14.2916191], [101.9294717, 14.2914171], [101.9293836, 14.2911843], [101.9293333, 14.2908831], [101.9293255, 14.2906414], [101.9293202, 14.2904758], [101.9293442, 14.2899322], [101.9293552, 14.2895925], [101.9293362, 14.2893211], [101.9293019, 14.2890574], [101.9291893, 14.2887268], [101.929087, 14.2885998], [101.9289221, 14.2884132], [101.9286327, 14.2881677], [101.9285275, 14.2880625], [101.9284837, 14.2880186], [101.9283967, 14.2878688], [101.9283641, 14.2877409], [101.9283852, 14.2875822], [101.9284449, 14.2874079], [101.9285034, 14.2873], [101.9285809, 14.2871572], [101.9287389, 14.2868082], [101.9287818, 14.286536], [101.9288165, 14.2862338], [101.9288365, 14.2859845], [101.9288404, 14.2856826], [101.9288209, 14.2853735], [101.9287851, 14.2850042], [101.9287334, 14.2846854], [101.9287179, 14.28459], [101.9286441, 14.2842665], [101.9285706, 14.2839731], [101.9285523, 14.2837545], [101.9285653, 14.2835582], [101.9286021, 14.2834143], [101.9286927, 14.2832397], [101.9288378, 14.2830945], [101.9290221, 14.2829866], [101.9296376, 14.2827149], [101.9299506, 14.2825806], [101.9302531, 14.2824508], [101.9304835, 14.2823122], [101.9305748, 14.2821978], [101.9305929, 14.2821232], [101.9306116, 14.2820465], [101.9306012, 14.2818429], [101.9306294, 14.2816313], [101.9306659, 14.2814648], [101.9307722, 14.281305], [101.9310023, 14.2811513], [101.9316552, 14.2807811], [101.9319233, 14.280574], [101.9321371, 14.2803526], [101.9323185, 14.2800259], [101.9324918, 14.2796606], [101.9326778, 14.2790924], [101.932875, 14.2786372], [101.933037, 14.2784466], [101.9332192, 14.2783312], [101.9334687, 14.2781772], [101.9337071, 14.2779196], [101.9338278, 14.2776932], [101.9338488, 14.2776537], [101.9340357, 14.2771515], [101.9342667, 14.2763187], [101.9343825, 14.2758978], [101.9344699, 14.2755805], [101.9345625, 14.2752681], [101.9346469, 14.2750595], [101.9347608, 14.2748978], [101.9348673, 14.2748046], [101.9349138, 14.2747638], [101.9351925, 14.2746283], [101.9356623, 14.2743113], [101.9359583, 14.2740153], [101.9361579, 14.2737487], [101.93628, 14.2734642], [101.9363535, 14.2731709], [101.9364018, 14.2724158], [101.9364536, 14.2718549], [101.9364612, 14.2717737], [101.9365334, 14.2713766], [101.9366462, 14.27113], [101.9368549, 14.2708162], [101.9370295, 14.2705449], [101.9370445, 14.2705215], [101.9371677, 14.2703219], [101.9372418, 14.2700757], [101.9372486, 14.2698493], [101.9372191, 14.2697478], [101.9371777, 14.2696049], [101.9369898, 14.2692865], [101.9368407, 14.2689771], [101.9367689, 14.2686573], [101.9367654, 14.2683838], [101.9368102, 14.2681098], [101.9369699, 14.2677494], [101.9372071, 14.2673975], [101.9375129, 14.2671107], [101.9380863, 14.2665849], [101.9384121, 14.2661978], [101.9385435, 14.2660416], [101.9388745, 14.2654716], [101.9391367, 14.2648082], [101.9392842, 14.2642499], [101.939531, 14.2632933], [101.9396065, 14.2630009], [101.9398611, 14.2617527], [101.9399308, 14.2611671], [101.9399348, 14.2607237], [101.939911, 14.2603844], [101.9398588, 14.2600833], [101.9397387, 14.2597735], [101.9396299, 14.2595862], [101.9393944, 14.259325], [101.9391004, 14.2590268], [101.9388738, 14.2586995], [101.9387341, 14.2583711], [101.9387012, 14.2580697], [101.9387262, 14.2577581], [101.9388292, 14.2575022], [101.9390388, 14.2572544], [101.9394507, 14.2569569], [101.9405654, 14.2564055], [101.9412468, 14.2560104], [101.9416016, 14.2557796], [101.9416625, 14.255724], [101.9419361, 14.2554737], [101.9421643, 14.2551691], [101.9423238, 14.2547898], [101.9424236, 14.2542887], [101.9424516, 14.2541453], [101.9425234, 14.2537781], [101.942664, 14.2534368], [101.9429395, 14.2530562], [101.9431858, 14.252657], [101.9433543, 14.2522305], [101.9434292, 14.2518117], [101.9434354, 14.2517767], [101.9434595, 14.2513991], [101.9434234, 14.2510797], [101.9434158, 14.251013], [101.9433621, 14.2505986], [101.9433576, 14.2502497], [101.9434119, 14.2499661], [101.9436181, 14.2494636], [101.9438898, 14.2487906], [101.9441719, 14.2481741], [101.9444048, 14.2477561], [101.9444192, 14.2477304], [101.9444365, 14.2476992], [101.9447875, 14.2471761], [101.9448705, 14.2470932], [101.9451885, 14.246775], [101.9455233, 14.2464973], [101.9459844, 14.2462559], [101.9463214, 14.2461479], [101.9466879, 14.2460774], [101.947075, 14.2460106], [101.9478071, 14.2458843], [101.949516, 14.2456746], [101.9503947, 14.2455788], [101.9510423, 14.2455519], [101.9517582, 14.2455808], [101.9526586, 14.245664], [101.9536362, 14.2457368], [101.954264, 14.2456818], [101.9548134, 14.245543], [101.9555254, 14.2452701], [101.9559248, 14.2451235], [101.9559777, 14.2451041], [101.956402, 14.245014], [101.9567498, 14.2449908], [101.95705, 14.2450248], [101.9575559, 14.2451144], [101.9577963, 14.245157], [101.9581642, 14.2451902], [101.958541, 14.2451667], [101.9589548, 14.2450106], [101.9602236, 14.244429], [101.9613862, 14.2438581], [101.9622035, 14.2434989], [101.9632128, 14.2430431], [101.9642614, 14.2426245], [101.965426, 14.2422139], [101.9665234, 14.2418324], [101.9675536, 14.2414895], [101.9686415, 14.241127], [101.9694779, 14.2407582], [101.9703906, 14.2403035], [101.9710346, 14.2400125], [101.9716789, 14.2397404], [101.9722853, 14.2395254], [101.9730655, 14.2392987], [101.9739044, 14.2391185], [101.9748982, 14.2389552], [101.9758151, 14.2388211], [101.9768681, 14.2387514], [101.9785884, 14.2386828], [101.9801838, 14.2386817], [101.9810247, 14.2386524], [101.9814976, 14.2385899], [101.9817954, 14.2384352], [101.9820156, 14.2382721], [101.9821294, 14.238101], [101.982175, 14.2378929], [101.9821435, 14.2377046], [101.9820241, 14.2374631], [101.9819993, 14.2374131], [101.9819349, 14.2372828], [101.9815397, 14.236637], [101.9810577, 14.2360111], [101.980577, 14.2353653], [101.980536, 14.2353102], [101.9800845, 14.2347971], [101.979644, 14.2343876], [101.9791175, 14.2340547], [101.9786256, 14.2338092], [101.9784167, 14.233705], [101.9776666, 14.2332805], [101.9769958, 14.2330059], [101.9763734, 14.2327307], [101.975974, 14.2324999], [101.9756321, 14.2322401], [101.9751736, 14.2319251], [101.9747062, 14.2316763], [101.9741238, 14.2315043], [101.973532, 14.2313514], [101.9731972, 14.2311848], [101.9729466, 14.2309541], [101.9725318, 14.2305819], [101.9721492, 14.2303075], [101.9717909, 14.2301234], [101.9713629, 14.229925], [101.9705939, 14.229678], [101.9697706, 14.2294241], [101.9688082, 14.2291796], [101.9682813, 14.2291107], [101.9675295, 14.2289917], [101.967095, 14.2288915], [101.9670336, 14.2288575], [101.9667755, 14.2287144], [101.9666105, 14.2285127], [101.9665303, 14.2282949], [101.9665197, 14.2280762], [101.966555, 14.2278192], [101.9666294, 14.2275919], [101.9666778, 14.2275295], [101.9667626, 14.2274204], [101.9667891, 14.2273862], [101.966835, 14.2273559], [101.9671036, 14.2271786], [101.9674427, 14.2270838], [101.9677826, 14.2270494], [101.9683933, 14.2270192], [101.9688338, 14.2269911], [101.9690881, 14.22692], [101.9692564, 14.2267745], [101.9692803, 14.2267305], [101.9694189, 14.226475], [101.969483, 14.2263567], [101.9697398, 14.2258857], [101.9699997, 14.2256486], [101.970276, 14.2254791], [101.9706224, 14.2253541], [101.9709699, 14.2253121], [101.9715117, 14.2253355], [101.9720302, 14.2253517], [101.9723542, 14.2252873], [101.9726841, 14.2250795], [101.9731882, 14.2245903], [101.9735553, 14.2242688], [101.9738701, 14.2240913], [101.9743091, 14.22395], [101.9747803, 14.2238989], [101.975593, 14.2239341], [101.9759111, 14.2239172], [101.9761495, 14.2239045], [101.976512, 14.2238245], [101.9767502, 14.2237008], [101.9768777, 14.2235465], [101.9769329, 14.2234797], [101.9771587, 14.2230016], [101.9773865, 14.2226743], [101.9776007, 14.2224981], [101.9779003, 14.2223359], [101.9783318, 14.2222098], [101.9787479, 14.2220914], [101.9790013, 14.2219524], [101.9791613, 14.2217618], [101.9793578, 14.2214122], [101.9795027, 14.221252], [101.9796948, 14.221159], [101.9799414, 14.2210881], [101.9806437, 14.2209661], [101.9810835, 14.2208852], [101.9814531, 14.2207598], [101.9818212, 14.2205138], [101.982173, 14.2202076], [101.9825028, 14.2199997], [101.9828721, 14.2198442], [101.9833272, 14.219748], [101.9837162, 14.2197105], [101.9839397, 14.2196889], [101.9840456, 14.2196787], [101.9845011, 14.2196126], [101.9849094, 14.2194868], [101.9852316, 14.2192866], [101.9856321, 14.2189644], [101.9856974, 14.2189119], [101.9861271, 14.2185661], [101.986793, 14.2180296], [101.9873988, 14.2176297], [101.9882889, 14.2170904], [101.9894252, 14.2164499], [101.9902477, 14.2160548], [101.9909635, 14.2157893], [101.9921023, 14.2153374], [101.9929253, 14.2149876], [101.9929714, 14.2149631], [101.9934783, 14.214694], [101.994076, 14.2142715], [101.9945877, 14.2137746], [101.9950522, 14.213218], [101.9957972, 14.2122353], [101.9961037, 14.211763], [101.9964153, 14.2113143], [101.9965195, 14.2110555], [101.9966531, 14.2108266], [101.9966679, 14.2108062], [101.9967793, 14.2106527], [101.9968428, 14.210594], [101.9969856, 14.210462], [101.9972403, 14.2102865], [101.99752, 14.2101732], [101.9980403, 14.2100413], [101.9985438, 14.209847], [101.9990304, 14.209598], [101.9991014, 14.2095433], [101.9994439, 14.2092794], [101.9996147, 14.2090583], [101.9999572, 14.2086147], [102.000744, 14.2073668], [102.0010836, 14.2069316], [102.0013694, 14.2066773], [102.0017286, 14.2065082], [102.002073, 14.2064334], [102.0024581, 14.2063972], [102.0028278, 14.206416], [102.0035444, 14.2065481], [102.0039149, 14.2066296], [102.0041508, 14.2066343], [102.004372, 14.2065769], [102.0045073, 14.2064811], [102.0045666, 14.206398], [102.004665, 14.2062598], [102.0050211, 14.2052445], [102.0051857, 14.2049368], [102.0053751, 14.2046837], [102.0056925, 14.2043898], [102.006067, 14.2041657], [102.0064896, 14.2039253], [102.0068473, 14.2036466], [102.0071088, 14.2033769], [102.0072835, 14.2032258], [102.0074587, 14.2031139], [102.0076186, 14.2030571], [102.007827, 14.2030231], [102.0080685, 14.2030671], [102.0085199, 14.2031868], [102.0088176, 14.20323], [102.0091062, 14.2031872], [102.0095378, 14.2030251], [102.0097862, 14.2029828], [102.0100192, 14.2029877], [102.0103897, 14.2030692], [102.0106548, 14.2030737], [102.0109193, 14.2030312], [102.0114554, 14.2028756], [102.012014, 14.2026021], [102.0123556, 14.2023157], [102.0126485, 14.2019986], [102.0128925, 14.2016194], [102.0131542, 14.2013654], [102.0133448, 14.2012063], [102.0136953, 14.2009825], [102.0141097, 14.2007422], [102.0144527, 14.2005577], [102.0148123, 14.2004199], [102.0152046, 14.2003288], [102.0155175, 14.2003013], [102.0158313, 14.2003444], [102.0160973, 14.2004194], [102.0163549, 14.2004632], [102.0166118, 14.2004521], [102.0170846, 14.2003756], [102.0173417, 14.2003802], [102.017535, 14.2004248], [102.0177452, 14.200524], [102.0180547, 14.2008492], [102.0183218, 14.2010025], [102.0186609, 14.2011393], [102.0190154, 14.201221], [102.0193773, 14.2012556], [102.0197701, 14.2012036], [102.0201942, 14.2010807], [102.0206411, 14.2008635], [102.0212789, 14.2005107], [102.0216941, 14.2003252], [102.0220863, 14.2002263], [102.0224312, 14.2001906], [102.0228732, 14.2002085], [102.0230241, 14.2002167], [102.0234655, 14.2002408], [102.0238055, 14.2002594], [102.0244644, 14.2002824], [102.0251469, 14.2002659], [102.0258205, 14.2001869], [102.0263249, 14.2000708], [102.0267649, 14.1999399], [102.0272309, 14.1998081], [102.0275996, 14.1996528], [102.0280755, 14.1994358], [102.0285128, 14.1992193], [102.0288344, 14.19907], [102.029052, 14.1990024], [102.0293738, 14.1989221], [102.0300135, 14.1988236], [102.0304611, 14.1988029], [102.0309325, 14.198827], [102.0314814, 14.1988653], [102.0317988, 14.1988777], [102.0320835, 14.1988501], [102.0323145, 14.1987944], [102.0325519, 14.1986483], [102.0328049, 14.1985095], [102.0330892, 14.1984004], [102.033305, 14.1983675], [102.0335752, 14.1983565], [102.0339232, 14.1983973], [102.0341627, 14.1984018], [102.0343632, 14.1983767], [102.0345627, 14.1982837], [102.0348446, 14.1979939], [102.0351405, 14.1975983], [102.0353765, 14.1973392], [102.0355367, 14.197194], [102.0357818, 14.1970402], [102.0361121, 14.1969079], [102.0363037, 14.1968], [102.0364254, 14.1966628], [102.0365077, 14.1964584], [102.0365735, 14.1961863], [102.0366462, 14.1958175], [102.0366748, 14.1956727], [102.0367258, 14.195446], [102.0368158, 14.1952415], [102.0369829, 14.1950359], [102.037462, 14.1944798], [102.0377051, 14.1941754], [102.0378325, 14.1939492], [102.0379304, 14.1936979], [102.0379348, 14.1936677], [102.0379587, 14.1935016], [102.0379622, 14.1931851], [102.0379265, 14.1928239], [102.0379211, 14.1927317], [102.0379164, 14.1926508], [102.0379299, 14.1924999], [102.037982, 14.1923561], [102.0380502, 14.1922573], [102.0381181, 14.1921513], [102.0382545, 14.1919383], [102.0385873, 14.1914142], [102.0390483, 14.1906624], [102.039093, 14.1905926], [102.0395249, 14.189918], [102.0399257, 14.1892801], [102.0399855, 14.1891963], [102.0402516, 14.1888239], [102.0406851, 14.1883211], [102.0409122, 14.1881103], [102.0413106, 14.1877406], [102.0413686, 14.1876867], [102.0417225, 14.1873586], [102.0421193, 14.1870248], [102.0422952, 14.1868767], [102.0428155, 14.186516], [102.0435743, 14.1860844], [102.0443109, 14.185736], [102.0452861, 14.1853168], [102.0456981, 14.185094], [102.0460888, 14.1848573], [102.0463879, 14.184701], [102.0466185, 14.1846246], [102.0468326, 14.1846049], [102.047024, 14.1846307], [102.0471224, 14.1846621], [102.0474835, 14.1847774], [102.0477507, 14.1848362], [102.0478279, 14.1848368], [102.048023, 14.1848384], [102.0482424, 14.1847904], [102.0484784, 14.18468], [102.0487011, 14.1844455], [102.0489513, 14.1840869], [102.0490194, 14.1839894], [102.0491448, 14.1838409], [102.0492932, 14.1836808], [102.0494509, 14.1835347], [102.0495221, 14.1834688], [102.0497953, 14.1832188], [102.050082, 14.1830032], [102.0503623, 14.1828513], [102.0507439, 14.1826982], [102.0509952, 14.1826511], [102.0510068, 14.1826489], [102.0513505, 14.1825845], [102.0518559, 14.1824862], [102.0521726, 14.182348], [102.0524163, 14.1821612], [102.0525583, 14.1819546], [102.0526558, 14.1816708], [102.0526916, 14.1814838], [102.0526955, 14.1814632], [102.0527438, 14.1812106], [102.0527721, 14.180624], [102.0527981, 14.1803976], [102.0528538, 14.1802344], [102.0529602, 14.1800706], [102.0531752, 14.1799125], [102.0534342, 14.1797891], [102.0537232, 14.1797431], [102.0540561, 14.1797388], [102.0545121, 14.179733], [102.0547433, 14.1796947], [102.0549085, 14.1796008], [102.0552225, 14.1792648], [102.055401, 14.1790789], [102.0556736, 14.1788918], [102.0560614, 14.1786608], [102.0564355, 14.1784795], [102.0568665, 14.1782338], [102.0573682, 14.1778531], [102.0580914, 14.1772646], [102.0584695, 14.1769776], [102.0593025, 14.1763451], [102.059912, 14.1759064], [102.0599646, 14.1758677], [102.0604783, 14.1754895], [102.0608367, 14.1752236], [102.0608558, 14.1752077], [102.0612161, 14.174908], [102.0615661, 14.1745574], [102.0618296, 14.1742362], [102.0621487, 14.1737377], [102.0625099, 14.1731398], [102.0629776, 14.1723922], [102.0631438, 14.1721511], [102.063567, 14.1715371], [102.0639717, 14.1709456], [102.0644348, 14.1703959], [102.0649518, 14.1698724], [102.0650919, 14.1697306], [102.0657578, 14.1691853], [102.0665723, 14.1683908], [102.0672714, 14.1676261], [102.0678069, 14.1670683], [102.0683481, 14.1665331], [102.0683641, 14.1665173], [102.0686645, 14.1662451], [102.0689364, 14.1660085], [102.0692948, 14.1657497], [102.0695711, 14.1655746], [102.0703643, 14.165072], [102.0710393, 14.1646679], [102.0716352, 14.1643071], [102.0720082, 14.1640975], [102.0721884, 14.1639963], [102.0727207, 14.1637422], [102.0734624, 14.1634573], [102.0741111, 14.1632512], [102.0749332, 14.1630146], [102.0758351, 14.1627982], [102.0765567, 14.1626265], [102.076599, 14.162615], [102.07735, 14.1624115], [102.0778553, 14.1623061], [102.0782891, 14.1622652], [102.0787521, 14.1622522], [102.0791795, 14.162275], [102.0794885, 14.1623155], [102.0797385, 14.1623483], [102.0800135, 14.1623843], [102.0810519, 14.1626323], [102.0820827, 14.1628451], [102.0828223, 14.1629415], [102.0833947, 14.1629766], [102.0837779, 14.1629434], [102.0841386, 14.162854], [102.0847936, 14.1625772], [102.0856483, 14.1620859], [102.0867029, 14.1613872], [102.0872489, 14.1610764], [102.087831, 14.1607652], [102.0887884, 14.1603715], [102.0895659, 14.1600578], [102.0904144, 14.1596442], [102.0916075, 14.1590144], [102.0922286, 14.1586916], [102.0922903, 14.1586595], [102.0928913, 14.1583751], [102.0929808, 14.1583328], [102.0933842, 14.1581863], [102.0937949, 14.1580468], [102.0943, 14.1579343], [102.0948273, 14.1578498], [102.0951267, 14.157816], [102.0954725, 14.1577768], [102.0966331, 14.1577542], [102.098335, 14.1576357], [102.0990475, 14.1574978], [102.1000114, 14.1572602], [102.1007554, 14.1570146], [102.1017057, 14.1565841], [102.1025222, 14.1560159], [102.1030101, 14.155527], [102.1033761, 14.1549646], [102.1035632, 14.1544945], [102.1037579, 14.1540052], [102.1038842, 14.153714], [102.1039864, 14.1535532], [102.1040472, 14.1534576], [102.1042179, 14.1532364], [102.1044614, 14.1530426], [102.1049002, 14.1526764], [102.1053272, 14.152311], [102.1056866, 14.1520786], [102.1057629, 14.1520293], [102.1062059, 14.1517591], [102.1171474, 14.1489769], [102.1219539, 14.1472291], [102.1296358, 14.1394055], [102.1325588, 14.1380967], [102.1427574, 14.1371635], [102.1509514, 14.1371367], [102.1597442, 14.1389255], [102.1630707, 14.139759], [102.1665268, 14.1417044], [102.1680069, 14.1431645], [102.1681338, 14.1473706], [102.1691551, 14.1526469], [102.171629, 14.158338], [102.17138, 14.1608877], [102.1675558, 14.1630964], [102.1662855, 14.1656216], [102.1668482, 14.1723853], [102.1698474, 14.1755247], [102.1708785, 14.1799661], [102.1740102, 14.1830973], [102.1739378, 14.1869729], [102.176547, 14.1913934], [102.1817264, 14.1955696], [102.1909419, 14.1957918], [102.1950845, 14.1927348], [102.1968698, 14.1846274], [102.2012529, 14.1787386], [102.206337, 14.1740578], [102.2101031, 14.1732492], [102.2115612, 14.1722376], [102.2135363, 14.1652557], [102.2134181, 14.1631784], [102.210681, 14.1543518], [102.2117757, 14.1504749], [102.2146845, 14.1462581], [102.2183418, 14.1445242], [102.2223988, 14.1451296], [102.2277069, 14.1444082], [102.239027, 14.1443161], [102.2458076, 14.1406956], [102.2488546, 14.1405708], [102.2563763, 14.1443805], [102.2649298, 14.146673], [102.268795, 14.1466717], [102.2706289, 14.1453365], [102.2721195, 14.1413514], [102.2713833, 14.1307335], [102.2718572, 14.1291264], [102.2735252, 14.1286619], [102.2878389, 14.1343623], [102.2902689, 14.1341841], [102.299323, 14.1275865], [102.3004388, 14.1242987], [102.3015509, 14.1230747], [102.3080425, 14.1203894], [102.3152485, 14.1219518], [102.320448, 14.1247995], [102.3250561, 14.1278438], [102.3257638, 14.127774], [102.3278656, 14.1275665], [102.3302221, 14.1216768], [102.332282, 14.1206363], [102.334299, 14.1216768], [102.3395014, 14.1261791], [102.3482894, 14.1255474], [102.3509502, 14.1266709], [102.3529672, 14.1303749], [102.3571299, 14.131998], [102.3581171, 14.1340787], [102.3577308, 14.1369086], [102.3607778, 14.1512656], [102.3579864, 14.1640344], [102.3588466, 14.1652887], [102.362194, 14.1661209], [102.3641558, 14.1648773], [102.367713, 14.1595108], [102.375843, 14.1505772], [102.3824674, 14.1462471], [102.3908635, 14.1446657], [102.4001923, 14.1460272], [102.4023199, 14.1478533], [102.4066848, 14.1545007], [102.4100875, 14.1561343], [102.4181556, 14.1544698], [102.4197864, 14.1548027], [102.4218463, 14.1573827], [102.4237775, 14.1579652], [102.4260082, 14.1564302], [102.4267387, 14.1535127], [102.4280872, 14.1523221], [102.4345295, 14.1545899], [102.4349672, 14.155304], [102.4356023, 14.1563821], [102.4362003, 14.1573398], [102.4366168, 14.1579896], [102.4370165, 14.1586913], [102.4374886, 14.1595128], [102.4378526, 14.1601978], [102.4381639, 14.1609009], [102.4384026, 14.1614841], [102.4386605, 14.1621707], [102.4388292, 14.1628067], [102.4388924, 14.1634788], [102.4389202, 14.1641514], [102.4388753, 14.1646869], [102.4387944, 14.1651885], [102.4386776, 14.1656561], [102.4385932, 14.1659094], [102.4385575, 14.1660165], [102.4384408, 14.166367], [102.4383238, 14.1668173], [102.438311, 14.1671454], [102.4384062, 14.1675926], [102.4385749, 14.1682287], [102.4387372, 14.1687471], [102.4389837, 14.1695343], [102.439426, 14.1707186], [102.4400152, 14.1722631], [102.4404164, 14.1730684], [102.4408728, 14.1740109], [102.4414777, 14.1749769], [102.4415796, 14.1751396], [102.4420658, 14.1757193], [102.4429064, 14.1769033], [102.4434415, 14.1777036], [102.443748, 14.1782844], [102.4439575, 14.1786813], [102.4442289, 14.1793366], [102.4446888, 14.1804427], [102.4451657, 14.1812367], [102.4457743, 14.1822163], [102.4457985, 14.1822552], [102.4459576, 14.1824189], [102.4465733, 14.1830521], [102.4472806, 14.1837081], [102.447745, 14.184155], [102.4481977, 14.1847421], [102.4485236, 14.1852378], [102.4489959, 14.1860592], [102.4494336, 14.186933], [102.4497512, 14.18805], [102.4500331, 14.1891503], [102.4502365, 14.189734], [102.4505101, 14.1902823], [102.4509996, 14.191069], [102.4514526, 14.1917872], [102.4521405, 14.1928298], [102.4528227, 14.193493], [102.45318, 14.1937294], [102.4539786, 14.1939077], [102.4545835, 14.193912], [102.4547746, 14.1939134], [102.4559391, 14.193724], [102.457227, 14.1935156], [102.4584776, 14.1931697], [102.4592012, 14.1930729], [102.4599088, 14.19308], [102.4608842, 14.1932557], [102.4617897, 14.1934841], [102.4622255, 14.1935261], [102.4625691, 14.1935591], [102.4635585, 14.1934931], [102.4645456, 14.1932717], [102.465813, 14.1928737], [102.4667982, 14.1925316], [102.4674641, 14.1921251], [102.4674958, 14.1921046], [102.4677755, 14.1920118], [102.4683822, 14.1918704], [102.4685948, 14.1918558], [102.468838, 14.1919099], [102.4690167, 14.1919996], [102.4690279, 14.1920076], [102.4700386, 14.1927288], [102.4704498, 14.1933341], [102.4705422, 14.1935199], [102.4714439, 14.1953325], [102.4728645, 14.1977803], [102.4729537, 14.1978971], [102.4738055, 14.1990123], [102.4742731, 14.1994381], [102.4747097, 14.1997662], [102.4752151, 14.1999607], [102.4756418, 14.2000295], [102.4760206, 14.2000586], [102.4769364, 14.200028], [102.4774719, 14.1998703], [102.478188, 14.1995311], [102.4790063, 14.1989252], [102.4808493, 14.1969029], [102.4810606, 14.1966222], [102.4821529, 14.1951711], [102.4831159, 14.1938221], [102.4839185, 14.1923367], [102.4843573, 14.1916556], [102.4847442, 14.1910559], [102.4851261, 14.1905198], [102.4855443, 14.190035], [102.4859284, 14.1896372], [102.4863316, 14.1893315], [102.4868297, 14.1890474], [102.4878754, 14.1886227], [102.4887819, 14.188373], [102.4901322, 14.1881572], [102.4911226, 14.1879813], [102.4918054, 14.1877926], [102.4930165, 14.1873596], [102.4943262, 14.1868099], [102.4957011, 14.1862708], [102.4963141, 14.1861523], [102.4970104, 14.1860729], [102.4979087, 14.1860598], [102.4988192, 14.1860753], [102.5000511, 14.1862303], [102.5009819, 14.1864128], [102.5016831, 14.1866505], [102.5022018, 14.186937], [102.5027286, 14.1873734], [102.5033668, 14.187936], [102.5040957, 14.1886942], [102.5047267, 14.1894357], [102.5048261, 14.1895524], [102.5053727, 14.1902442], [102.5059884, 14.1913271], [102.506568, 14.1926258], [102.5069172, 14.1934904], [102.5070556, 14.1937498], [102.5080241, 14.1955648], [102.5089827, 14.1974193], [102.5091295, 14.1977063], [102.5098766, 14.1991671], [102.5109835, 14.2004119], [102.511511, 14.2008809], [102.5121782, 14.2012171], [102.5125579, 14.2013038], [102.5132682, 14.2013626], [102.515714, 14.2015188], [102.5175195, 14.2015538], [102.5203805, 14.2015501], [102.5240694, 14.201565], [102.5257314, 14.2015719], [102.5289564, 14.2015852], [102.5328656, 14.2015736], [102.5349387, 14.2015891], [102.5357281, 14.2016697], [102.5363732, 14.2017433], [102.536802, 14.2017922], [102.5377663, 14.2019702], [102.5383211, 14.2021696], [102.5393961, 14.2028694], [102.5395965, 14.2029635], [102.5403272, 14.2034435], [102.5410602, 14.2040768], [102.5423129, 14.2057759], [102.5432155, 14.2072042], [102.544253, 14.2092133], [102.5449318, 14.2103995], [102.5457571, 14.2118477], [102.5461279, 14.2124983], [102.5472268, 14.2144144], [102.5480991, 14.2159045], [102.5487388, 14.2166005], [102.5490541, 14.2167059], [102.549529, 14.2168648], [102.5511352, 14.2170249], [102.5529196, 14.2171386], [102.5530866, 14.2171493], [102.5552252, 14.2171788], [102.5565484, 14.2173431], [102.5578107, 14.2176311], [102.5593287, 14.2181912], [102.5602777, 14.2185497], [102.561576, 14.21904], [102.5623386, 14.219359], [102.5636706, 14.219916], [102.5652271, 14.220654], [102.5685732, 14.2219188], [102.569563, 14.2223257], [102.5714931, 14.2231439], [102.5731848, 14.2239567], [102.5741953, 14.2245566], [102.5767256, 14.2260642], [102.5779026, 14.2267309], [102.5790127, 14.2276446], [102.5807627, 14.2291561], [102.5817868, 14.2301172], [102.5832984, 14.2315016], [102.585026, 14.2330826], [102.5860972, 14.2340276], [102.5870447, 14.2347894], [102.5878057, 14.2354013], [102.588986, 14.2362678], [102.5892716, 14.2364665], [102.5897432, 14.2367946], [102.5906884, 14.2372494], [102.5922431, 14.2378641], [102.5938599, 14.2384164], [102.5949863, 14.2388608], [102.5959231, 14.2392849], [102.5971559, 14.2401072], [102.5985754, 14.2410133], [102.6002272, 14.2422801], [102.6004795, 14.2424858], [102.6014491, 14.2432766], [102.6024795, 14.2441298], [102.6033446, 14.2449933], [102.6046217, 14.2464886], [102.607227, 14.2493418], [102.6077103, 14.2498711], [102.6078107, 14.2499834], [102.6097541, 14.2521598], [102.6101422, 14.2525945], [102.6109449, 14.253521], [102.6109771, 14.2535581], [102.6122462, 14.2550229], [102.6133196, 14.2560908], [102.6144147, 14.2570429], [102.61612, 14.258469], [102.6161485, 14.2584928], [102.618447, 14.260257], [102.6205549, 14.2619319], [102.6225422, 14.2634547], [102.625141, 14.2652604], [102.6259844, 14.2658492], [102.6264883, 14.266201], [102.6284722, 14.2675085], [102.6297061, 14.2682839], [102.6310127, 14.2691151], [102.6327908, 14.2703643], [102.6346322, 14.2716355], [102.6364116, 14.2727176], [102.6367658, 14.272933], [102.6385083, 14.273929], [102.6393721, 14.2743835], [102.6398997, 14.2746611], [102.6415149, 14.2755821], [102.6427723, 14.2763163], [102.6444804, 14.277267], [102.6466072, 14.278492], [102.6491118, 14.2797417], [102.6513906, 14.2803282], [102.6535494, 14.280741], [102.6558356, 14.281221], [102.6572294, 14.2816147], [102.6585396, 14.2821942], [102.6597249, 14.2828526], [102.6605532, 14.2833703], [102.6622696, 14.284697], [102.6638459, 14.2861258], [102.6656116, 14.2875747], [102.6673484, 14.2886935], [102.6695058, 14.2899826], [102.6714096, 14.2910555], [102.6715507, 14.291135], [102.6737365, 14.2922314], [102.6759067, 14.293328], [102.6781875, 14.2944459], [102.6803009, 14.2954434], [102.6816295, 14.2961839], [102.6838092, 14.2973802], [102.6851188, 14.2983978], [102.6862954, 14.2991738], [102.6840951, 14.3004633], [102.6819005, 14.3012948], [102.6802735, 14.3018251], [102.678967, 14.3019517], [102.6787302, 14.3019727], [102.6778781, 14.3020483], [102.6772543, 14.302244], [102.6766932, 14.3029439], [102.6761369, 14.3039361], [102.6749857, 14.3063264], [102.6749502, 14.3064001], [102.6745548, 14.3072303], [102.6739724, 14.3078981], [102.6737737, 14.3082065], [102.6725964, 14.3097728], [102.6717295, 14.3107328], [102.6697609, 14.3129128], [102.6671123, 14.3157216], [102.665877, 14.3166789], [102.6644424, 14.3172171], [102.6627741, 14.3181811], [102.6619625, 14.318569], [102.6604767, 14.3189203], [102.6588963, 14.3193669], [102.6569393, 14.3203353], [102.6549366, 14.3214452], [102.6539814, 14.3218821], [102.6500072, 14.3230692], [102.6481877, 14.3236132], [102.6464712, 14.3245779], [102.6443278, 14.3259244], [102.6427991, 14.3266047], [102.6399182, 14.3269773], [102.6373094, 14.3270767], [102.6352918, 14.3269681], [102.6332877, 14.3265776], [102.6305169, 14.3255145], [102.6292103, 14.3248501], [102.6268654, 14.3234118], [102.6225266, 14.3206234], [102.6220643, 14.3203263], [102.6208143, 14.3198189], [102.6194648, 14.3198395], [102.6175325, 14.3205534], [102.6151118, 14.3211168], [102.6142838, 14.321347], [102.6129078, 14.3217295], [102.6120424, 14.3216374], [102.6110085, 14.3212357], [102.6107384, 14.3211308], [102.6090205, 14.3209853], [102.6086298, 14.3209523], [102.6066873, 14.3210344], [102.6043239, 14.3218074], [102.6026613, 14.3225171], [102.6019174, 14.3232655], [102.5997536, 14.3264046], [102.5981619, 14.3281661], [102.5960218, 14.3294095], [102.5946283, 14.3300624], [102.5934599, 14.3312911], [102.5921204, 14.3319431], [102.590559, 14.33223], [102.5894278, 14.3324051], [102.5883117, 14.3335276], [102.5872563, 14.3350704], [102.5867922, 14.3364463], [102.5867675, 14.3382894], [102.5869672, 14.3406556], [102.5873854, 14.3431764], [102.5881941, 14.346481], [102.5883089, 14.3480883], [102.5883331, 14.348427], [102.5881331, 14.3494303], [102.5875568, 14.3505447], [102.5861377, 14.3521102], [102.5859116, 14.3523597], [102.5847481, 14.3539041], [102.5841811, 14.3555975], [102.5834629, 14.3579775], [102.5823492, 14.359258], [102.5805244, 14.35997], [102.578373, 14.3605291], [102.5774492, 14.3611094], [102.575539, 14.3623093], [102.5740921, 14.3630156], [102.573229, 14.3630813], [102.5713275, 14.3623729], [102.5703962, 14.3622059], [102.5696148, 14.3622846], [102.5692549, 14.362446], [102.5691386, 14.3624981], [102.5685299, 14.3630469], [102.5678689, 14.3639746], [102.5668655, 14.3670734], [102.5659802, 14.3691401], [102.5642492, 14.3723779], [102.5629427, 14.3751354], [102.5624818, 14.3767218], [102.5621976, 14.3791452], [102.5622391, 14.3797748], [102.5621819, 14.3827065], [102.5622295, 14.385703], [102.5628237, 14.3882717], [102.563276, 14.3896437], [102.5633691, 14.3908361], [102.5634279, 14.3915881], [102.5634303, 14.3916195], [102.5634638, 14.3937277], [102.5634951, 14.3956948], [102.5637772, 14.3979685], [102.5641289, 14.3998458], [102.5643148, 14.4008378], [102.5645288, 14.4026929], [102.5646065, 14.4037108], [102.5649906, 14.4046641], [102.5666341, 14.4074567], [102.5681027, 14.4108513], [102.5683284, 14.4116351], [102.5693398, 14.4151487], [102.5697507, 14.41778], [102.5699119, 14.4201754], [102.5694706, 14.4233592], [102.5693451, 14.4245594], [102.5692571, 14.4254005], [102.5694626, 14.4267162], [102.5703551, 14.4286809], [102.5736217, 14.4329474], [102.575417, 14.435407], [102.5795624, 14.4410859], [102.5819895, 14.4446293], [102.582261, 14.4448443], [102.5833751, 14.4457264], [102.5842321, 14.4462404], [102.587842, 14.4471905], [102.5901514, 14.4472624], [102.5915977, 14.4471317], [102.5925469, 14.447046], [102.5960445, 14.446513], [102.5968964, 14.4464703], [102.5977655, 14.4464268], [102.5987562, 14.4468312], [102.5993837, 14.4476009], [102.5997213, 14.4486666], [102.5998373, 14.4490326], [102.6001921, 14.4519644], [102.600988, 14.4555488], [102.6013091, 14.4563831], [102.6023047, 14.4570872], [102.6037971, 14.4580833], [102.6049859, 14.4593239], [102.606519, 14.462837], [102.6071074, 14.4649859], [102.6072517, 14.4663025], [102.607225, 14.4684608], [102.6074454, 14.4706753], [102.6077925, 14.4736126], [102.6084015, 14.4772648], [102.6097069, 14.4843], [102.6104149, 14.4883972], [102.6105529, 14.4912529], [102.6105985, 14.4940871], [102.6071177, 14.4954054], [102.6054105, 14.4958941], [102.6036863, 14.4962787], [102.6014875, 14.4966705], [102.5993177, 14.4969575], [102.5974049, 14.4970465], [102.5954149, 14.4970919], [102.5944496, 14.4970619], [102.5934394, 14.4970923], [102.589949, 14.4971607], [102.5870707, 14.4972047], [102.5858016, 14.4973285], [102.5844104, 14.4974692], [102.582883, 14.4977163], [102.5811582, 14.4980709], [102.5789588, 14.4984327], [102.5776031, 14.4986017], [102.5733177, 14.4988013], [102.5728859, 14.4991263], [102.572371, 14.4995136], [102.5714642, 14.4999051], [102.5679821, 14.500728], [102.54982, 14.5030313], [102.5405421, 14.5044751], [102.5404916, 14.5044829], [102.537035, 14.5052713], [102.5338055, 14.5059301], [102.530707, 14.5062686], [102.5272797, 14.5064793], [102.5235245, 14.5066153], [102.5221115, 14.5067957], [102.5205047, 14.5067668], [102.51924, 14.5063962], [102.5190277, 14.5063994], [102.5189977, 14.5063998], [102.5185851, 14.5063731], [102.5178748, 14.5063311], [102.5174421, 14.5063178], [102.5171307, 14.506283], [102.5170249, 14.5062675], [102.5168869, 14.5062472], [102.5166024, 14.5062053], [102.5162026, 14.5061716], [102.5160573, 14.5061692], [102.5160003, 14.5061683], [102.5158623, 14.5061525], [102.5156957, 14.5061334], [102.5152896, 14.5060934], [102.5145802, 14.506104], [102.5142289, 14.5061093], [102.5138106, 14.506155], [102.5133796, 14.5062537], [102.5132265, 14.506287], [102.5131213, 14.50631], [102.5130423, 14.5063272], [102.5130227, 14.5063314], [102.5126057, 14.5064562], [102.5122349, 14.5065144], [102.5118911, 14.5065656], [102.5115672, 14.5065968], [102.5111153, 14.5066563], [102.5108316, 14.5066605], [102.5105132, 14.5066126], [102.510066, 14.5065403], [102.5097407, 14.5064793], [102.5094372, 14.5063811], [102.5093128, 14.5063409], [102.509044, 14.5062471], [102.50874, 14.506141], [102.5078654, 14.5058358], [102.5076961, 14.505812], [102.5063903, 14.5057246], [102.5063295, 14.5057206], [102.5041285, 14.5054444], [102.5020162, 14.5051793], [102.5009421, 14.5051062], [102.5008255, 14.5050983], [102.500274, 14.5050724], [102.5001541, 14.5050667], [102.4997638, 14.5050483], [102.4990232, 14.5050836], [102.4987139, 14.5050955], [102.4984012, 14.5051076], [102.4949699, 14.5048535], [102.4933402, 14.5046678], [102.4921605, 14.5048666], [102.4908193, 14.5052988], [102.4886688, 14.5062177], [102.4870359, 14.5072007], [102.4852576, 14.5083296], [102.4837253, 14.5094549], [102.4825193, 14.5107342], [102.481348, 14.5119687], [102.4814595, 14.5158702], [102.4817754, 14.5178041], [102.4819847, 14.5187816], [102.4819902, 14.5188074], [102.4821644, 14.5193007], [102.482414, 14.5200078], [102.4830433, 14.5214024], [102.4832055, 14.5217496], [102.4835116, 14.5224049], [102.4838667, 14.5230262], [102.4845933, 14.5243388], [102.4848476, 14.5246931], [102.4850071, 14.5249155], [102.4856326, 14.5257872], [102.4859535, 14.5261513], [102.4863215, 14.5265387], [102.4867148, 14.5269527], [102.4881516, 14.5282526], [102.4884905, 14.528587], [102.4885442, 14.5286399], [102.4889932, 14.5290829], [102.4891201, 14.5292081], [102.4891463, 14.5292339], [102.4893223, 14.5293685], [102.4894827, 14.5295596], [102.4898777, 14.5300579], [102.4899113, 14.5301002], [102.4899276, 14.5301188], [102.4901522, 14.530376], [102.4903684, 14.5305951], [102.4904648, 14.5306703], [102.4906416, 14.5309484], [102.4908406, 14.5312877], [102.4910322, 14.5316201], [102.4912704, 14.5321424], [102.4913251, 14.5322851], [102.4914043, 14.5324913], [102.491474, 14.5327765], [102.4916792, 14.5335522], [102.4917658, 14.5339283], [102.4917946, 14.5340533], [102.4918544, 14.5342632], [102.4919016, 14.5343674], [102.4919118, 14.5344922], [102.4918636, 14.5345857], [102.4917782, 14.5346798], [102.4916883, 14.5347577], [102.491674, 14.5347776], [102.4916235, 14.5348474], [102.4916129, 14.5349645], [102.4916145, 14.5350694], [102.4916325, 14.5351578], [102.4917629, 14.5354307], [102.4922614, 14.5367144], [102.4928287, 14.5381375], [102.4930075, 14.5389878], [102.4930451, 14.5390774], [102.4933211, 14.5397777], [102.4933782, 14.5399005], [102.493408, 14.5400399], [102.4934668, 14.5406198], [102.4935759, 14.5412824], [102.4936118, 14.5414523], [102.4936667, 14.5416864], [102.4937597, 14.5420375], [102.493815, 14.5422952], [102.4938378, 14.5424523], [102.4938366, 14.5426981], [102.4938161, 14.5434638], [102.4938158, 14.5436493], [102.4938309, 14.5438867], [102.4938478, 14.5440307], [102.4938691, 14.5441461], [102.4938969, 14.5442582], [102.4939334, 14.5444019], [102.4939514, 14.5445141], [102.4939657, 14.5445931], [102.4939669, 14.5446739], [102.4939596, 14.5452383], [102.4939568, 14.545373], [102.4939452, 14.5454619], [102.4939297, 14.5455097], [102.4936162, 14.5459613], [102.4935578, 14.5461777], [102.4934487, 14.546482], [102.493363, 14.5467226], [102.4933292, 14.5468499], [102.493314, 14.5469232], [102.4932355, 14.5473014], [102.4932132, 14.547438], [102.4932065, 14.5475269], [102.4932178, 14.5476281], [102.4933768, 14.5484261], [102.4933911, 14.5485051], [102.4933921, 14.5485669], [102.4933542, 14.548951], [102.4933239, 14.5498167], [102.4933529, 14.5501095], [102.4933617, 14.5505642], [102.4933578, 14.5509351], [102.4933528, 14.5512812], [102.4933492, 14.5515295], [102.493316, 14.5520039], [102.4932708, 14.5522296], [102.4932041, 14.5526458], [102.4932048, 14.5526918], [102.4932055, 14.5527329], [102.4932159, 14.5527772], [102.4933296, 14.5529688], [102.4936784, 14.5536261], [102.4937613, 14.5538518], [102.4941289, 14.5548523], [102.4941536, 14.554974], [102.4943351, 14.5557541], [102.4943805, 14.5558486], [102.4946471, 14.5564515], [102.4946561, 14.5565116], [102.4946455, 14.5565593], [102.494617, 14.5566073], [102.4945578, 14.5566716], [102.4945212, 14.556726], [102.4944977, 14.5567802], [102.4944857, 14.556847], [102.49449, 14.5569135], [102.4945257, 14.557008], [102.4945542, 14.5570662], [102.4945633, 14.5571232], [102.4945644, 14.5571913], [102.4945538, 14.5572438], [102.4945513, 14.5572897], [102.4945569, 14.5573372], [102.4945639, 14.5573672], [102.4946303, 14.5574534], [102.4946536, 14.5574863], [102.4946722, 14.5575336], [102.4946617, 14.5575876], [102.4946368, 14.5576577], [102.4946025, 14.5577517], [102.4945651, 14.5578585], [102.4945517, 14.5579379], [102.4945542, 14.5579949], [102.494573, 14.558047], [102.4946046, 14.558094], [102.4946442, 14.5581283], [102.4947298, 14.5581888], [102.4947906, 14.558226], [102.4948352, 14.5582728], [102.4948603, 14.5583168], [102.494871, 14.5583753], [102.4948719, 14.5584308], [102.4948695, 14.5584894], [102.4948591, 14.5585498], [102.494842, 14.5585992], [102.4948186, 14.5586629], [102.494592, 14.5590785], [102.4945624, 14.5591327], [102.4945243, 14.5591935], [102.4944939, 14.5592257], [102.4944327, 14.5592646], [102.4943713, 14.5592925], [102.4942985, 14.5593173], [102.4942484, 14.5593403], [102.4942082, 14.5593741], [102.494173, 14.5594499], [102.4939313, 14.5599694], [102.4938949, 14.5601427], [102.4938859, 14.5601904], [102.4938734, 14.5602238], [102.49384, 14.5602687], [102.4937806, 14.5603235], [102.4937229, 14.5603782], [102.4936882, 14.5604469], [102.4936584, 14.5605171], [102.4936403, 14.5606077], [102.4936414, 14.5606806], [102.4936489, 14.5607391], [102.4936693, 14.5607974], [102.4936913, 14.5608526], [102.49372, 14.5609139], [102.4939455, 14.5613876], [102.4939674, 14.561438], [102.4939697, 14.5614807], [102.4939622, 14.5615221], [102.4939235, 14.5617508], [102.4939278, 14.5618158], [102.4940057, 14.5620095], [102.4940391, 14.5620629], [102.4940756, 14.5621099], [102.4942072, 14.5621998], [102.4942369, 14.5622248], [102.4942473, 14.5622642], [102.4942481, 14.5623133], [102.4942344, 14.5623738], [102.4942209, 14.56245], [102.4942074, 14.5625216], [102.4942035, 14.5625818], [102.4942042, 14.5626262], [102.4942082, 14.5626769], [102.4942236, 14.562721], [102.4942486, 14.5627602], [102.4942785, 14.5627994], [102.4943215, 14.5628431], [102.4943465, 14.5628792], [102.4943619, 14.5629281], [102.4943644, 14.5629836], [102.4943556, 14.5630455], [102.4943465, 14.56309], [102.4943443, 14.5631205], [102.4943425, 14.563144], [102.494353, 14.5631882], [102.4943797, 14.5632306], [102.4944391, 14.5632867], [102.4944871, 14.5633351], [102.4945169, 14.563368], [102.4945387, 14.5634104], [102.4945493, 14.563461], [102.4945518, 14.5635196], [102.4945437, 14.5636243], [102.4945338, 14.5637195], [102.4945395, 14.5637702], [102.4945633, 14.5638364], [102.494595, 14.5638819], [102.494628, 14.5639131], [102.4946922, 14.5639597], [102.4947434, 14.5639864], [102.4947625, 14.5640033], [102.4947993, 14.5640452], [102.4948261, 14.5640924], [102.4948468, 14.5641649], [102.4948656, 14.5642265], [102.4948842, 14.564269], [102.4949109, 14.564313], [102.495169, 14.5645849], [102.4952216, 14.5646259], [102.4952732, 14.5646501], [102.4953272, 14.5646718], [102.4953666, 14.5646891], [102.4954084, 14.5647087], [102.4954417, 14.5647367], [102.4955017, 14.5648021], [102.4948618, 14.5651143], [102.4946287, 14.5652294], [102.4935821, 14.5657464], [102.4920096, 14.5665265], [102.4908138, 14.567059], [102.4895719, 14.5676223], [102.4881385, 14.5683625], [102.4849515, 14.5700592], [102.4832551, 14.571089], [102.4824548, 14.5717286], [102.4807982, 14.5734685], [102.4805263, 14.5737541], [102.4800815, 14.5742212], [102.4786246, 14.5759879], [102.4774754, 14.577019], [102.4760219, 14.5779714], [102.4738522, 14.5794162], [102.4723591, 14.5803631], [102.4715853, 14.5809276], [102.4713482, 14.5811006], [102.4712117, 14.581225], [102.4692899, 14.5829769], [102.4691865, 14.5830712], [102.4690624, 14.5831843], [102.4688299, 14.5834314], [102.4677352, 14.5845945], [102.4676715, 14.5846622], [102.4676632, 14.5846741], [102.4666764, 14.5860971], [102.4667203, 14.5861811], [102.4667628, 14.5862473], [102.4667779, 14.5862607], [102.4669202, 14.5863864], [102.4676504, 14.5869609], [102.4684879, 14.5876655], [102.4685752, 14.5877466], [102.4690767, 14.5882129], [102.4691334, 14.5882656], [102.4692818, 14.5884682], [102.4694911, 14.5888222], [102.4696324, 14.5890457], [102.4699961, 14.5895955], [102.4701517, 14.589867], [102.4703812, 14.59023], [102.4705778, 14.5904977], [102.470605, 14.5905348], [102.4708756, 14.59091], [102.4709512, 14.5910518], [102.4710659, 14.5912671], [102.471113, 14.5914118], [102.4711086, 14.5914417], [102.4703924, 14.5963528], [102.4703737, 14.5986467], [102.4703407, 14.600034], [102.4705267, 14.6014181], [102.4707456, 14.6031483], [102.4708617, 14.6053068], [102.4708906, 14.6071466], [102.4708497, 14.6098551], [102.4711515, 14.6145456], [102.4712484, 14.6155686], [102.4713414, 14.6165074], [102.4716008, 14.618192], [102.4717975, 14.6194228], [102.4718709, 14.6197037], [102.473397, 14.6246075], [102.4738959, 14.6268535], [102.4746991, 14.6316653], [102.4752305, 14.6367147], [102.4753491, 14.6395094], [102.4754423, 14.6418687], [102.4751389, 14.6451056], [102.4749366, 14.6481314], [102.4754585, 14.6553887], [102.4748764, 14.6563047], [102.4747697, 14.6564725], [102.4733745, 14.660059], [102.4730338, 14.6625338], [102.4727488, 14.6638185], [102.4725526, 14.6647818], [102.4720562, 14.6660697], [102.4716714, 14.66699], [102.4714514, 14.6679308], [102.4711743, 14.6697184], [102.4709795, 14.6707731], [102.4708267, 14.6715071], [102.4704903, 14.6725182], [102.4700384, 14.6736454], [102.469198, 14.6754643], [102.4691451, 14.6756786], [102.468904, 14.6813937], [102.4683465, 14.6835134], [102.4673701, 14.6855355], [102.4666491, 14.6867296], [102.4654429, 14.6884454], [102.4638944, 14.690796], [102.4619318, 14.6934472], [102.4609761, 14.6954098], [102.4603791, 14.6966535], [102.4601487, 14.6976858], [102.4600646, 14.699059], [102.4601518, 14.7012357], [102.4602113, 14.7027782], [102.4600613, 14.7066733], [102.460109, 14.7085761], [102.4604015, 14.7105819], [102.4608055, 14.7119351], [102.4614333, 14.7135241], [102.4621678, 14.7151995], [102.4630836, 14.7169015], [102.4644151, 14.718773], [102.4656544, 14.7203534], [102.4677226, 14.7224079], [102.4698195, 14.7239744], [102.4700828, 14.7241711], [102.4704679, 14.7244795], [102.4705478, 14.724545], [102.4705705, 14.7245572], [102.4709779, 14.7247654], [102.4712607, 14.7249162], [102.4717299, 14.7251738], [102.4723391, 14.7256218], [102.4725508, 14.7257775], [102.4727205, 14.7258948], [102.4729795, 14.7260649], [102.4737035, 14.7265374], [102.4740276, 14.7267496], [102.4741424, 14.726846], [102.4742622, 14.7269466], [102.4745098, 14.7271866], [102.4745793, 14.727254], [102.474711, 14.7273885], [102.4748302, 14.7275376], [102.4751324, 14.7279754], [102.4752104, 14.7281153], [102.475257, 14.7281989], [102.4754593, 14.7285523], [102.4755104, 14.7286416], [102.4756261, 14.7288572], [102.4759394, 14.7294413], [102.4760617, 14.7296866], [102.476229, 14.730022], [102.4762926, 14.7301682], [102.4763613, 14.7303259], [102.4765202, 14.7307018], [102.4765516, 14.7308068], [102.4767299, 14.7313374], [102.476765, 14.7314936], [102.4768297, 14.7317349], [102.4769059, 14.7318516], [102.4771035, 14.7334214], [102.477059, 14.7345217], [102.476916, 14.7354239], [102.4768073, 14.736386], [102.4767474, 14.7368184], [102.4767239, 14.7374405], [102.4766709, 14.7383043], [102.4766499, 14.7387825], [102.4766609, 14.7394783], [102.4767272, 14.7403449], [102.4767737, 14.7408732], [102.4767514, 14.7439729], [102.4767546, 14.7447709], [102.4765986, 14.74636], [102.4765442, 14.7474327], [102.4764166, 14.7492408], [102.4757029, 14.7509332], [102.4752696, 14.7525185], [102.4748969, 14.7539612], [102.4747712, 14.7544479], [102.4741068, 14.7559032], [102.4734601, 14.7584754], [102.473314, 14.7594352], [102.4725437, 14.7615357], [102.4721262, 14.7626745], [102.4724032, 14.763253], [102.4721959, 14.7634181], [102.4721257, 14.76345], [102.4720654, 14.7634627], [102.4719517, 14.7634329], [102.4717823, 14.76335], [102.4715203, 14.763179], [102.4714691, 14.7631597], [102.4714113, 14.7631566], [102.4713896, 14.7631608], [102.4713354, 14.7631856], [102.4712943, 14.7632254], [102.4712728, 14.7632733], [102.4712684, 14.7633027], [102.4712629, 14.7633192], [102.4712215, 14.7638751], [102.4711365, 14.7640585], [102.4710274, 14.7641642], [102.4709178, 14.7642328], [102.4707314, 14.7642876], [102.4704377, 14.7643143], [102.4701795, 14.7643459], [102.4700322, 14.7643881], [102.469837, 14.7644763], [102.4696461, 14.7645349], [102.4695603, 14.7645504], [102.469377, 14.7645338], [102.4693577, 14.7645321], [102.4692863, 14.7645085], [102.4692496, 14.7644901], [102.4692127, 14.7644715], [102.469161, 14.7644143], [102.4691148, 14.764351], [102.4690886, 14.7642543], [102.4691184, 14.7639668], [102.469108, 14.7639154], [102.469076, 14.7638456], [102.4690464, 14.763798], [102.4690066, 14.7637608], [102.4689424, 14.7637176], [102.4688508, 14.7636848], [102.4687968, 14.7636713], [102.4687606, 14.7636623], [102.468534, 14.7636542], [102.4684361, 14.7636394], [102.4683735, 14.7636161], [102.4683134, 14.7635834], [102.4682945, 14.7635654], [102.4682601, 14.7635011], [102.4682536, 14.7634419], [102.4682654, 14.7633674], [102.4683513, 14.7630845], [102.4683705, 14.7629291], [102.4683618, 14.7628905], [102.4683491, 14.7628565], [102.4683052, 14.7628112], [102.4682375, 14.7627791], [102.4681547, 14.7627774], [102.4680791, 14.7628066], [102.4680308, 14.7628509], [102.4679803, 14.7629426], [102.4679698, 14.7629772], [102.4679424, 14.7635117], [102.4679037, 14.7637404], [102.4678821, 14.7637783], [102.4678389, 14.7638542], [102.4677627, 14.7639203], [102.4675998, 14.7640063], [102.4674081, 14.7640701], [102.4671562, 14.7641028], [102.4669418, 14.7640771], [102.4666981, 14.7640092], [102.4664903, 14.7639796], [102.4664734, 14.7639779], [102.4662973, 14.7639599], [102.4659202, 14.7639213], [102.4653994, 14.7638395], [102.4649954, 14.7637022], [102.4649687, 14.7636999], [102.4648586, 14.7636904], [102.464757, 14.7637387], [102.464681, 14.7638171], [102.4646227, 14.7639622], [102.4646181, 14.7639783], [102.4645713, 14.7641418], [102.4645166, 14.7642483], [102.4644632, 14.764308], [102.4643848, 14.7643641], [102.4643662, 14.7643695], [102.4642837, 14.7643767], [102.4640922, 14.7643502], [102.4634435, 14.7642911], [102.4633747, 14.7643035], [102.4633421, 14.7643228], [102.4633137, 14.7643781], [102.4633085, 14.7644412], [102.463312, 14.7645326], [102.4633278, 14.7646075], [102.4635248, 14.7649175], [102.4635339, 14.7649418], [102.4635488, 14.7649822], [102.4635437, 14.7650513], [102.4635176, 14.7651168], [102.4634641, 14.7651684], [102.4633957, 14.7652039], [102.4633249, 14.7652172], [102.4632835, 14.765219], [102.463148, 14.7651858], [102.4630868, 14.7651596], [102.462871, 14.7649982], [102.4628154, 14.7649566], [102.4627499, 14.7649068], [102.4625938, 14.7648075], [102.4624823, 14.7647523], [102.4622127, 14.7646802], [102.4619286, 14.7646041], [102.4618617, 14.764597], [102.4617908, 14.7646042], [102.4617014, 14.7646299], [102.4616642, 14.7646528], [102.4614136, 14.7649355], [102.4613398, 14.7650031], [102.461166, 14.7650801], [102.4600626, 14.765323], [102.4600261, 14.7653415], [102.4599673, 14.7653712], [102.4599096, 14.7654188], [102.4598728, 14.7654661], [102.4598383, 14.7655316], [102.4598121, 14.765593], [102.4598012, 14.7656927], [102.4598113, 14.7658023], [102.4598678, 14.7660601], [102.4599711, 14.7665314], [102.4599741, 14.7665903], [102.4599689, 14.7666554], [102.4599427, 14.7667168], [102.4598807, 14.7667604], [102.4597936, 14.7667942], [102.459673, 14.7668285], [102.4595458, 14.7668406], [102.4594037, 14.7668366], [102.4592845, 14.7668262], [102.4591568, 14.7668037], [102.4589557, 14.766762], [102.4588633, 14.766735], [102.4587456, 14.7666819], [102.4585476, 14.7665772], [102.4578738, 14.7660935], [102.4577962, 14.7660763], [102.4577063, 14.7660655], [102.4575664, 14.7660716], [102.4573896, 14.7661109], [102.4569183, 14.7662886], [102.4566134, 14.766424], [102.4562215, 14.7665981], [102.4558375, 14.7669378], [102.4555347, 14.7674111], [102.4552774, 14.7678325], [102.4551827, 14.7679428], [102.4551154, 14.7680211], [102.454939, 14.7681329], [102.454165, 14.7685573], [102.4540181, 14.7686378], [102.4539432, 14.768691], [102.4539098, 14.7687245], [102.4539016, 14.768749], [102.4538961, 14.7687654], [102.4538877, 14.7688112], [102.4538884, 14.7688595], [102.453893, 14.7689026], [102.4539001, 14.7689406], [102.4539256, 14.7689847], [102.4539654, 14.7690247], [102.4540155, 14.7690519], [102.4540632, 14.7690723], [102.4541994, 14.7691305], [102.4542814, 14.769194], [102.4543253, 14.7692467], [102.4543367, 14.7692803], [102.4543458, 14.7693073], [102.4543389, 14.7693621], [102.4543211, 14.7693953], [102.4542954, 14.7694199], [102.4542792, 14.7694307], [102.4542586, 14.7694396], [102.4542149, 14.7694465], [102.4541614, 14.7694473], [102.4540883, 14.7694484], [102.4540086, 14.7694407], [102.4539774, 14.7694372], [102.4539589, 14.7694351], [102.4538753, 14.769435], [102.4537946, 14.7694464], [102.4537191, 14.7694628], [102.4536124, 14.7694847], [102.453515, 14.7695154], [102.4534153, 14.7695626], [102.4533444, 14.7696221], [102.4533072, 14.769662], [102.4532689, 14.7697159], [102.4532487, 14.769762], [102.45324, 14.7698016], [102.4532341, 14.7698282], [102.4532188, 14.7699291], [102.4532046, 14.7699683], [102.4531859, 14.7699953], [102.4531512, 14.7700314], [102.4531072, 14.7700587], [102.4530577, 14.7700658], [102.4530211, 14.7700575], [102.4529712, 14.770043], [102.4529344, 14.7700232], [102.4528762, 14.7699746], [102.4528096, 14.7698943], [102.4527813, 14.769835], [102.4527713, 14.769778], [102.4527639, 14.7697248], [102.4527627, 14.7696473], [102.4527716, 14.7695506], [102.4527996, 14.7693297], [102.4528185, 14.7692134], [102.4528229, 14.7691625], [102.4528158, 14.7691296], [102.4527984, 14.7691032], [102.4527708, 14.7690883], [102.4527475, 14.7690839], [102.452721, 14.7690789], [102.4526624, 14.7690823], [102.4525936, 14.7691062], [102.4524563, 14.7691781], [102.4523944, 14.7692235], [102.4523558, 14.7692584], [102.4523175, 14.7693161], [102.4523106, 14.7693322], [102.4522848, 14.7693915], [102.4522496, 14.7694784], [102.4522289, 14.7695248], [102.4521946, 14.7696013], [102.4521199, 14.7697776], [102.4521153, 14.769817], [102.4521173, 14.7698576], [102.4521337, 14.7699095], [102.4522019, 14.7700614], [102.452232, 14.7701285], [102.4522623, 14.7701959], [102.4522747, 14.7702401], [102.4522741, 14.7702821], [102.4522642, 14.7703178], [102.4522074, 14.7704093], [102.4521275, 14.7705213], [102.4520827, 14.7706443], [102.4520437, 14.7707615], [102.4519985, 14.770939], [102.4519914, 14.770967], [102.451958, 14.7710756], [102.451941, 14.7711072], [102.4518914, 14.7711136], [102.4518386, 14.771103], [102.4518091, 14.7710734], [102.4517911, 14.7710554], [102.451699, 14.7709329], [102.4516537, 14.7708725], [102.4516002, 14.7708137], [102.4515645, 14.7707743], [102.451491, 14.770747], [102.4514089, 14.770734], [102.4512928, 14.7707576], [102.4512628, 14.7707841], [102.4512229, 14.7708191], [102.451203, 14.7708366], [102.451192, 14.7708625], [102.4511861, 14.7708767], [102.4511854, 14.7709087], [102.4511844, 14.7709564], [102.4511855, 14.7710225], [102.4512071, 14.7710954], [102.4512579, 14.7711686], [102.4512944, 14.7712591], [102.4512952, 14.7713074], [102.4512942, 14.7713503], [102.4512934, 14.7713814], [102.4512686, 14.7714756], [102.4512522, 14.7715441], [102.4512445, 14.7716125], [102.4512155, 14.7719969], [102.4512203, 14.7721192], [102.4512276, 14.7722101], [102.4512609, 14.7722807], [102.4513524, 14.7723362], [102.451362, 14.7723929], [102.4513512, 14.7724471], [102.4513256, 14.7724902], [102.4512387, 14.7725427], [102.451222, 14.7725941], [102.4512169, 14.7726426], [102.4512098, 14.7727451], [102.4511609, 14.7727998], [102.451071, 14.7728467], [102.4510043, 14.7728761], [102.4508673, 14.7729009], [102.4508534, 14.7729047], [102.4507887, 14.772922], [102.4507659, 14.7729327], [102.4506813, 14.772972], [102.4505849, 14.7729734], [102.4505279, 14.7729564], [102.4503587, 14.7729057], [102.4502886, 14.7729068], [102.450213, 14.7729306], [102.4501556, 14.7730026], [102.4500355, 14.7731665], [102.4499988, 14.7732524], [102.4499941, 14.7733264], [102.449998, 14.7733419], [102.4500219, 14.7734389], [102.4500858, 14.7735817], [102.4501431, 14.7737101], [102.4502073, 14.7738883], [102.4502201, 14.7739592], [102.450192, 14.7740279], [102.4501203, 14.7741172], [102.4500191, 14.7741841], [102.4499383, 14.7742127], [102.4498766, 14.7742346], [102.4496086, 14.7742926], [102.4494428, 14.7743435], [102.449331, 14.7744193], [102.4493184, 14.7744278], [102.4493086, 14.7744433], [102.4491758, 14.7746518], [102.449078, 14.7748591], [102.4490231, 14.7749755], [102.448997, 14.775044], [102.4489894, 14.7750642], [102.4489119, 14.7751535], [102.4487611, 14.7752297], [102.4485924, 14.7752863], [102.4484583, 14.7753082], [102.4483944, 14.7753348], [102.4483806, 14.7753833], [102.4483963, 14.775457], [102.4486136, 14.7757912], [102.448684, 14.7758993], [102.448696, 14.775945], [102.4487026, 14.7759701], [102.4487179, 14.7760154], [102.4486897, 14.7760756], [102.4486143, 14.7761137], [102.4485412, 14.7761148], [102.4485077, 14.7761016], [102.4482532, 14.7760014], [102.4479705, 14.7758901], [102.4477095, 14.7758342], [102.4476721, 14.7758348], [102.4476511, 14.7758351], [102.447622, 14.7758498], [102.4476056, 14.7759211], [102.4476016, 14.7760167], [102.4476055, 14.7760992], [102.4476174, 14.7761917], [102.4476358, 14.7762751], [102.4477256, 14.7766804], [102.4477318, 14.7767425], [102.4477299, 14.7767857], [102.4477072, 14.7768394], [102.4476713, 14.7768793], [102.4476197, 14.7769157], [102.4473848, 14.7770339], [102.4469444, 14.7772558], [102.4468837, 14.7772863], [102.4468544, 14.777304], [102.4468248, 14.7773327], [102.4468058, 14.7773724], [102.4467871, 14.7774235], [102.4467845, 14.777471], [102.4467891, 14.7774936], [102.4468059, 14.77754], [102.4468722, 14.777641], [102.4468794, 14.777652], [102.4469344, 14.7777362], [102.446941, 14.7777463], [102.4469878, 14.7778218], [102.4470178, 14.7779027], [102.4470234, 14.7780055], [102.4469922, 14.7780999], [102.4469542, 14.7781729], [102.4468868, 14.7782844], [102.4468173, 14.7783489], [102.4467295, 14.7784074], [102.4465471, 14.7785143], [102.4464537, 14.7785487], [102.4463885, 14.778556], [102.4463024, 14.778556], [102.4462382, 14.7785405], [102.446145, 14.7785114], [102.4461127, 14.7784968], [102.4460385, 14.7784634], [102.4459188, 14.778403], [102.4458426, 14.7783698], [102.4457684, 14.77835], [102.4456848, 14.778349], [102.4455832, 14.7783821], [102.4455075, 14.7784397], [102.4454325, 14.7785357], [102.4453831, 14.7786448], [102.445189, 14.7791331], [102.445146, 14.7792038], [102.4450399, 14.7792438], [102.4449535, 14.779246], [102.4448468, 14.7792128], [102.4446952, 14.7791676], [102.4445413, 14.779118], [102.4443967, 14.779075], [102.4442872, 14.7790495], [102.4442058, 14.7790372], [102.4441013, 14.7790342], [102.4440089, 14.7790605], [102.4439538, 14.7790952], [102.4438854, 14.7791707], [102.4438357, 14.7792595], [102.4437973, 14.7794731], [102.4437732, 14.7797672], [102.4437735, 14.77995], [102.4437993, 14.7803359], [102.4447414, 14.78169], [102.4449563, 14.7821301], [102.4450463, 14.782813], [102.4452151, 14.7834658], [102.4456959, 14.784432], [102.4458036, 14.7849797], [102.4458957, 14.7856376], [102.4456748, 14.7857274], [102.4455816, 14.7857923], [102.4453988, 14.7859197], [102.4452484, 14.7861073], [102.4449676, 14.786448], [102.4448398, 14.78664], [102.4447558, 14.7867594], [102.444729, 14.7867975], [102.4445557, 14.7870852], [102.4443922, 14.7874065], [102.4443208, 14.7875468], [102.444246, 14.7877053], [102.4441563, 14.7878952], [102.4439771, 14.7882932], [102.4438973, 14.7884662], [102.4438297, 14.7886128], [102.4437402, 14.7888923], [102.4437013, 14.7890138], [102.4435633, 14.7894283], [102.4434384, 14.7898084], [102.4433068, 14.790198], [102.4432648, 14.7903223], [102.4429927, 14.7911494], [102.4428212, 14.7916727], [102.4427112, 14.7920051], [102.4425973, 14.7923178], [102.4425783, 14.7923701], [102.4425707, 14.7923834], [102.4425611, 14.7924004], [102.4425036, 14.7924969], [102.4424367, 14.7925622], [102.4423951, 14.7926734], [102.442388, 14.7926922], [102.4423407, 14.7928175], [102.4422905, 14.7929503], [102.4422065, 14.7932005], [102.4420428, 14.7937161], [102.4418666, 14.7941882], [102.4417551, 14.7944275], [102.4415803, 14.7947418], [102.4415244, 14.7948169], [102.4414216, 14.7949551], [102.4412686, 14.7951646], [102.4411646, 14.7952922], [102.4411479, 14.7953127], [102.4411309, 14.79533], [102.4409345, 14.7955307], [102.4404745, 14.7959709], [102.4402515, 14.7961966], [102.4401406, 14.7963613], [102.4401236, 14.7963867], [102.4401013, 14.7964311], [102.4400535, 14.7965265], [102.4400002, 14.7966793], [102.4399911, 14.7967173], [102.4399645, 14.7968281], [102.4399194, 14.7970683], [102.4398651, 14.7974625], [102.43986, 14.7976892], [102.4398579, 14.7977813], [102.4398524, 14.7980215], [102.4398538, 14.7984815], [102.4398545, 14.7987115], [102.4398557, 14.7990954], [102.4398467, 14.7995136], [102.4398247, 14.7999777], [102.4397972, 14.8005901], [102.4397696, 14.8010588], [102.4397618, 14.8011913], [102.4397082, 14.8018782], [102.4397003, 14.802], [102.4397834, 14.8019899], [102.4399507, 14.8019695], [102.4400922, 14.8019523], [102.4402754, 14.8019192], [102.4407529, 14.8018289], [102.4408364, 14.8018132], [102.4413359, 14.8017188], [102.4414372, 14.8016988], [102.4417119, 14.8016446], [102.4417508, 14.8016369], [102.4418726, 14.8016128], [102.4420877, 14.8015995], [102.442848, 14.8015847], [102.4431266, 14.8015897], [102.4431921, 14.8015908], [102.4432615, 14.8015921], [102.4433418, 14.8016213], [102.4434117, 14.8016735], [102.4434437, 14.8016975], [102.4435833, 14.8017393], [102.4436561, 14.80174], [102.4438646, 14.8017418], [102.4443745, 14.8017004], [102.4445425, 14.8015628], [102.4451732, 14.8014447], [102.4451758, 14.801473], [102.445343, 14.8033069], [102.4458123, 14.8078211], [102.4460816, 14.8104115], [102.4467887, 14.8176143], [102.4469853, 14.8191614], [102.447051, 14.8197093], [102.4470586, 14.8197306], [102.4470897, 14.8197778], [102.4471076, 14.819805], [102.4471305, 14.8198565], [102.4472253, 14.820041], [102.4472956, 14.8201865], [102.4473707, 14.8203843], [102.4474164, 14.8205047], [102.4476109, 14.8208837], [102.4477596, 14.8211736], [102.4480578, 14.8217823], [102.4482931, 14.822249], [102.4486028, 14.8228915], [102.448749, 14.8231897], [102.4487961, 14.823286], [102.4489599, 14.8236209], [102.4491327, 14.8239513], [102.4491873, 14.8240555], [102.4492799, 14.8242204], [102.4493844, 14.8243693], [102.4494623, 14.8244805], [102.4498336, 14.8249546], [102.4500794, 14.8252685], [102.4506595, 14.8260256], [102.4511553, 14.8267328], [102.4514262, 14.8271193], [102.4515913, 14.8273493], [102.4520313, 14.8279625], [102.4521719, 14.8281584], [102.45288, 14.8291118], [102.4529376, 14.8291894], [102.4529793, 14.829275], [102.4530462, 14.8294307], [102.4531167, 14.829559], [102.4532369, 14.8297688], [102.4541377, 14.8311858], [102.4544327, 14.8316549], [102.4548238, 14.8322767], [102.4578993, 14.8350979], [102.4587545, 14.8329552], [102.4591933, 14.8321605], [102.4595672, 14.8314268], [102.4599386, 14.8305388], [102.4603397, 14.8300915], [102.4610579, 14.8296175], [102.4616867, 14.829233], [102.461931, 14.8289303], [102.4625309, 14.8281869], [102.462732, 14.8279377], [102.4632904, 14.8273998], [102.4639412, 14.8269708], [102.4643423, 14.8265236], [102.4648107, 14.8260312], [102.4654316, 14.8253649], [102.4664192, 14.8230839], [102.4677756, 14.8203095], [102.4677955, 14.8202687], [102.4686046, 14.8192343], [102.4687734, 14.8190186], [102.4698259, 14.817851], [102.4699024, 14.8177661], [102.4707314, 14.8166653], [102.4717781, 14.8159436], [102.4730634, 14.8150123], [102.4743227, 14.8143462], [102.4749035, 14.8140616], [102.4762427, 14.8134053], [102.4773437, 14.8128308], [102.4804105, 14.8112245], [102.4819816, 14.8104703], [102.4833209, 14.8098274], [102.4836383, 14.80969], [102.4855729, 14.8088521], [102.487497, 14.8081758], [102.4883075, 14.8078106], [102.4901943, 14.8066936], [102.4923258, 14.8057495], [102.494073, 14.8051082], [102.4950008, 14.8047676], [102.4965678, 14.8042495], [102.4968654, 14.8041511], [102.4981828, 14.8036927], [102.4989582, 14.803532], [102.4994256, 14.8032519], [102.4997895, 14.8028741], [102.5001042, 14.8026211], [102.500472, 14.8024914], [102.501121, 14.8023947], [102.5020369, 14.8022443], [102.5026103, 14.8022107], [102.5038242, 14.8023536], [102.5047473, 14.8026497], [102.5055174, 14.8029482], [102.5067078, 14.8040035], [102.5076397, 14.8048496], [102.5077122, 14.8049045], [102.5084317, 14.8054497], [102.5092863, 14.8057179], [102.5093753, 14.8057421], [102.510499, 14.8060469], [102.5108683, 14.8060565], [102.5112987, 14.8060678], [102.5132735, 14.8062031], [102.515552, 14.8061849], [102.5166083, 14.8063011], [102.5172618, 14.8064673], [102.5179741, 14.8066276], [102.5189668, 14.8070261], [102.5208156, 14.8077754], [102.5224433, 14.8085281], [102.5242635, 14.8096088], [102.5255658, 14.8102175], [102.527406, 14.8110712], [102.5313776, 14.8125276], [102.5326764, 14.81297], [102.5331813, 14.8132942], [102.5337279, 14.8139378], [102.5342316, 14.8145964], [102.5342014, 14.8146557], [102.5341897, 14.814741], [102.5341784, 14.8148869], [102.5341822, 14.81493], [102.5341868, 14.8149839], [102.5342213, 14.8150632], [102.534241, 14.8151085], [102.5343431, 14.8152544], [102.5343792, 14.8153745], [102.5343673, 14.8156009], [102.5343284, 14.815784], [102.53432, 14.815935], [102.5343494, 14.816022], [102.5344019, 14.8161041], [102.5344731, 14.8161931], [102.534483, 14.816214], [102.5344942, 14.8162551], [102.5344903, 14.8163004], [102.5344695, 14.816358], [102.5344438, 14.8163976], [102.5344026, 14.816439], [102.5343611, 14.8164592], [102.5343274, 14.8164779], [102.5343077, 14.8164955], [102.5342924, 14.8165221], [102.5342805, 14.816557], [102.5342843, 14.8165991], [102.534295, 14.8166225], [102.5343228, 14.816654], [102.5344462, 14.8167369], [102.5345571, 14.816788], [102.5346352, 14.8168245], [102.5347849, 14.8169715], [102.5350121, 14.8172169], [102.5350205, 14.8172514], [102.5350209, 14.8172816], [102.5350138, 14.8173194], [102.5349958, 14.8173574], [102.5349626, 14.8174107], [102.5349339, 14.8174609], [102.534916, 14.8175049], [102.5349138, 14.8175547], [102.5349428, 14.8177217], [102.5349686, 14.8177801], [102.5349986, 14.8178158], [102.5350661, 14.8178661], [102.5351495, 14.8179447], [102.5351655, 14.8179716], [102.5351768, 14.8180001], [102.5351981, 14.8182607], [102.5352129, 14.8183148], [102.5352369, 14.8183597], [102.5352762, 14.8183937], [102.5353171, 14.8184308], [102.5353472, 14.8184681], [102.5353759, 14.8185189], [102.5354022, 14.8186075], [102.5354551, 14.8188133], [102.5354692, 14.8188582], [102.535488, 14.8188967], [102.5355112, 14.8189285], [102.535549, 14.8189611], [102.5355961, 14.8189981], [102.535776, 14.8190964], [102.535865, 14.8191358], [102.5359087, 14.8191547], [102.5359479, 14.8191797], [102.535984, 14.8192109], [102.5360251, 14.819257], [102.5360789, 14.8193225], [102.536118, 14.8193475], [102.5361523, 14.8193606], [102.5362238, 14.8193685], [102.5363061, 14.8193748], [102.5363543, 14.8193876], [102.5363958, 14.8194085], [102.5367297, 14.8200681], [102.5367647, 14.8201219], [102.5368059, 14.8201755], [102.5368406, 14.8202157], [102.5369653, 14.820351], [102.5369987, 14.8204018], [102.5370289, 14.8204496], [102.5370581, 14.8205261], [102.5371116, 14.8207666], [102.5371419, 14.821297], [102.5371482, 14.8213385], [102.5371607, 14.8213857], [102.5371846, 14.8214411], [102.537215, 14.8214995], [102.5372784, 14.821589], [102.5373378, 14.8217148], [102.5373562, 14.8217974], [102.5373866, 14.8218543], [102.5374323, 14.8218958], [102.5375293, 14.8219501], [102.5375996, 14.8219852], [102.5376451, 14.8220162], [102.5376766, 14.8220474], [102.5377019, 14.8220802], [102.5377241, 14.8221085], [102.5378584, 14.8222648], [102.5378962, 14.8223034], [102.5379468, 14.8223599], [102.5379878, 14.8224076], [102.5380072, 14.8224525], [102.5380189, 14.8225036], [102.5380197, 14.8225534], [102.5380067, 14.8227074], [102.5380138, 14.8227616], [102.5380301, 14.8228156], [102.538061, 14.8228996], [102.5381626, 14.8230489], [102.5382034, 14.8230814], [102.5382394, 14.8230975], [102.5382939, 14.8231147], [102.5383455, 14.8231396], [102.5383833, 14.8231752], [102.5383962, 14.8232097], [102.5384044, 14.8232367], [102.5384066, 14.8232729], [102.5384074, 14.8233226], [102.53841, 14.8233874], [102.5384199, 14.8234235], [102.5384407, 14.8234684], [102.5384724, 14.8235071], [102.5385071, 14.8235458], [102.5385543, 14.8235858], [102.5385937, 14.8236092], [102.5386026, 14.8236144], [102.5386138, 14.8236211], [102.5386856, 14.8236547], [102.5387885, 14.8236893], [102.5390062, 14.8237297], [102.5392359, 14.8237412], [102.5395321, 14.8237472], [102.5395912, 14.8237584], [102.5396395, 14.8237772], [102.5397086, 14.8238259], [102.5397431, 14.8238541], [102.5399578, 14.8240996], [102.5400061, 14.8241444], [102.540049, 14.8241706], [102.5400975, 14.8241985], [102.5403019, 14.8242783], [102.5403316, 14.8242899], [102.5406062, 14.8243973], [102.5406515, 14.8244162], [102.5406813, 14.8244399], [102.540705, 14.8244667], [102.5408959, 14.8247638], [102.5409295, 14.8248356], [102.5410918, 14.8251816], [102.5411109, 14.825213], [102.5411363, 14.8252443], [102.5411525, 14.8252615], [102.5411725, 14.8252829], [102.541315, 14.8254602], [102.5413572, 14.8255787], [102.5413926, 14.8257767], [102.5414032, 14.8258359], [102.5414148, 14.825881], [102.5414526, 14.8260101], [102.541476, 14.8261196], [102.541513, 14.8262927], [102.5415177, 14.8263922], [102.5415174, 14.8264661], [102.5415042, 14.8265145], [102.5414703, 14.8265832], [102.5414157, 14.8266939], [102.5413544, 14.8268336], [102.5412845, 14.8270186], [102.541262, 14.8270627], [102.5412408, 14.8270977], [102.5412134, 14.8271268], [102.5411842, 14.8271438], [102.5411289, 14.8271749], [102.5410627, 14.827203], [102.5409131, 14.8272521], [102.5408701, 14.8272784], [102.5408365, 14.8273076], [102.540817, 14.8273456], [102.5408084, 14.8273879], [102.540809, 14.8274271], [102.5408097, 14.8274724], [102.5408182, 14.827519], [102.5411121, 14.8280469], [102.5411284, 14.8280979], [102.5411338, 14.8281415], [102.5411544, 14.8284549], [102.5411462, 14.8285199], [102.5411361, 14.8285698], [102.5411187, 14.8286425], [102.5411136, 14.8287074], [102.5411146, 14.8287707], [102.5411737, 14.8291635], [102.5411761, 14.8292162], [102.5411727, 14.8292917], [102.5411729, 14.8294033], [102.5411816, 14.8294574], [102.5411999, 14.8295056], [102.5412301, 14.8295497], [102.5412563, 14.8295709], [102.5413095, 14.8295988], [102.5413531, 14.8296117], [102.5414047, 14.829638], [102.5414517, 14.8296674], [102.5415099, 14.8297208], [102.5415731, 14.8297908], [102.5417141, 14.8299771], [102.5419032, 14.8304508], [102.5420277, 14.830723], [102.5421765, 14.8310483], [102.5422544, 14.8312598], [102.5428465, 14.8320024], [102.5430486, 14.8324682], [102.5431841, 14.8330008], [102.543255, 14.8337154], [102.5433717, 14.8341331], [102.5435851, 14.8347715], [102.5441161, 14.8362193], [102.5454375, 14.8389521], [102.5454998, 14.8389413], [102.5456363, 14.8389297], [102.54583, 14.8389378], [102.5459651, 14.8389452], [102.5460269, 14.8389443], [102.5461567, 14.8389249], [102.5462849, 14.8389039], [102.5463633, 14.8388875], [102.546779, 14.8397627], [102.5473766, 14.8410467], [102.5476818, 14.8416012], [102.5477918, 14.8419384], [102.5482159, 14.8433722], [102.5483232, 14.84354], [102.5485525, 14.8437144], [102.5489256, 14.8441577], [102.5491766, 14.8445944], [102.5493838, 14.8450148], [102.5494991, 14.8454447], [102.5494735, 14.8467822], [102.5492602, 14.8482333], [102.5493087, 14.8482971], [102.5501486, 14.8486377], [102.5495828, 14.850635], [102.5488976, 14.8525714], [102.5486786, 14.8530323], [102.5483181, 14.8538936], [102.5480996, 14.8543799], [102.5478919, 14.8547537], [102.547859, 14.8548207], [102.5478782, 14.8548242], [102.5480464, 14.8548552], [102.5506477, 14.8554411], [102.5507567, 14.8554657], [102.5508055, 14.8557869], [102.5508706, 14.856142], [102.5510733, 14.8572485], [102.5510715, 14.8573028], [102.5511351, 14.8572984], [102.5512378, 14.8572968], [102.5514573, 14.8572934], [102.5515621, 14.8573087], [102.5519766, 14.8592171], [102.5520409, 14.8598221], [102.5524716, 14.8623188], [102.5524844, 14.8625643], [102.5525289, 14.8631567], [102.5525471, 14.8637326], [102.5525686, 14.8639864], [102.5526473, 14.8645359], [102.5528494, 14.865702], [102.5528158, 14.8657788], [102.5526979, 14.8658641], [102.5517499, 14.8662002], [102.5515238, 14.8662611], [102.5506388, 14.8664705], [102.54974, 14.8666673], [102.5494501, 14.8667482], [102.5492373, 14.8668264], [102.548738, 14.8670385], [102.5476441, 14.8675273], [102.5471712, 14.86772], [102.5469339, 14.8677759], [102.5468555, 14.8677943], [102.5469243, 14.8679045], [102.5471596, 14.868281], [102.5472056, 14.8684328], [102.5471985, 14.8685262], [102.54714, 14.8686796], [102.5470034, 14.8689023], [102.5468588, 14.8690652], [102.546669, 14.8691783], [102.5458213, 14.8695472], [102.5457092, 14.8696167], [102.5456414, 14.8697279], [102.5455919, 14.8698981], [102.5455688, 14.8700849], [102.5455367, 14.8702548], [102.545592, 14.8709742], [102.5456044, 14.8711943], [102.5455746, 14.8715082], [102.5454888, 14.8724712], [102.5457013, 14.8741059], [102.5457729, 14.8742178], [102.5466916, 14.8749944], [102.5479364, 14.8760202], [102.548486, 14.8767628], [102.5500477, 14.8786432], [102.5507501, 14.879489], [102.5508318, 14.8798421], [102.550928, 14.8801507], [102.5509487, 14.88049], [102.5507647, 14.8810115], [102.5507601, 14.8810245], [102.5494203, 14.882794], [102.5472863, 14.8843797], [102.5468993, 14.8846234], [102.5465429, 14.8848602], [102.5463798, 14.8850274], [102.5462563, 14.8851835], [102.5460705, 14.8854982], [102.5458543, 14.8859396], [102.5458176, 14.8861154], [102.5457957, 14.8863224], [102.5457414, 14.8869645], [102.5456605, 14.88753], [102.5456219, 14.8875901], [102.5455175, 14.8875953], [102.5452875, 14.8876382], [102.5444722, 14.8877936], [102.5432098, 14.8881531], [102.5431093, 14.8881792], [102.5422312, 14.8884661], [102.5421598, 14.8885057], [102.5407239, 14.8888681], [102.5407101, 14.8888715], [102.5407338, 14.8889348], [102.5407353, 14.8890519], [102.540741, 14.8891235], [102.540704, 14.8893364], [102.5406659, 14.8894826], [102.5406303, 14.8895899], [102.5406149, 14.8897362], [102.5406128, 14.8897944], [102.5406393, 14.8900947], [102.5407024, 14.890343], [102.5409083, 14.8911535], [102.5410855, 14.891878], [102.5411555, 14.8921986], [102.5412182, 14.8925123], [102.5412589, 14.8928054], [102.5412917, 14.8930496], [102.5413355, 14.8935315], [102.5413872, 14.8940552], [102.5414591, 14.8942638], [102.5415543, 14.894598], [102.5417019, 14.8949588], [102.5418226, 14.8953648], [102.5419542, 14.8957027], [102.5420413, 14.8959767], [102.5421327, 14.8963238], [102.5439825, 14.8959049], [102.5442131, 14.8967106], [102.5442997, 14.8971329], [102.5444519, 14.8974272], [102.5451394, 14.8984496], [102.5453792, 14.8988276], [102.5457001, 14.8992896], [102.5458034, 14.8994664], [102.5458709, 14.899711], [102.5458754, 14.8998916], [102.5458652, 14.9002086], [102.545877, 14.9004966], [102.5458923, 14.9009163], [102.5459072, 14.9013751], [102.5459386, 14.9017023], [102.5459606, 14.9019806], [102.5459934, 14.902181], [102.5460459, 14.9024157], [102.5460488, 14.902606], [102.5460021, 14.9027372], [102.5459104, 14.9028631], [102.5457226, 14.9030562], [102.5454854, 14.9032593], [102.5450513, 14.9035849], [102.5444757, 14.9039534], [102.5443818, 14.9040135], [102.5438608, 14.9043687], [102.545347, 14.9050797], [102.5462033, 14.9055153], [102.5462869, 14.905565], [102.5473019, 14.9061692], [102.5509946, 14.9083671], [102.5519415, 14.9086935], [102.5532408, 14.9091221], [102.5536138, 14.9092751], [102.5558987, 14.9102118], [102.5572876, 14.9108455], [102.5574179, 14.9121097], [102.5574867, 14.9122504], [102.5575389, 14.9123091], [102.5577226, 14.9125153], [102.5579817, 14.9128083], [102.5580196, 14.9128326], [102.558063, 14.9128751], [102.5580893, 14.9129211], [102.5581683, 14.9131539], [102.5581913, 14.9132033], [102.5582227, 14.9132476], [102.558254, 14.9132803], [102.5585505, 14.9135695], [102.5585802, 14.9136105], [102.5586049, 14.9136582], [102.558628, 14.9137126], [102.5586373, 14.9137589], [102.5586366, 14.9138187], [102.558635, 14.9140378], [102.5586393, 14.9140908], [102.5586503, 14.9141338], [102.5586766, 14.9141749], [102.558708, 14.9142159], [102.5587391, 14.9142403], [102.5587686, 14.9142713], [102.5587988, 14.9143455], [102.5588331, 14.9144554], [102.5589102, 14.9147028], [102.5589163, 14.9147224], [102.5589646, 14.9148773], [102.5590209, 14.914998], [102.5590407, 14.9150404], [102.5590708, 14.9151063], [102.5591039, 14.9151506], [102.5591595, 14.9152128], [102.5591766, 14.9152354], [102.5592712, 14.9153604], [102.5592855, 14.9153983], [102.5592914, 14.9154481], [102.5592938, 14.9154878], [102.5593081, 14.9155274], [102.559343, 14.9155734], [102.5594316, 14.9156699], [102.5594889, 14.9157304], [102.5595308, 14.9157895], [102.5595559, 14.9158346], [102.5595994, 14.9159129], [102.5596843, 14.9163015], [102.5597703, 14.9164446], [102.559924, 14.9166095], [102.5599562, 14.9166441], [102.5600102, 14.9167097], [102.560045, 14.9167785], [102.5601266, 14.9169402], [102.5601511, 14.9169796], [102.5601876, 14.9170189], [102.5604917, 14.9172431], [102.5605145, 14.9172826], [102.560555, 14.9173583], [102.5605829, 14.9173911], [102.5606191, 14.9174121], [102.5606551, 14.9174248], [102.5608348, 14.9174585], [102.5608692, 14.9174746], [102.5611081, 14.9176783], [102.5611478, 14.9177059], [102.5611725, 14.9177174], [102.5611891, 14.9177251], [102.5612302, 14.9177345], [102.5614283, 14.9177413], [102.561449, 14.9177543], [102.5614748, 14.9177688], [102.5614941, 14.9178], [102.5615165, 14.9179159], [102.5615103, 14.9179541], [102.5614836, 14.9179894], [102.5614395, 14.91801], [102.5611577, 14.9180774], [102.5611353, 14.9180828], [102.5610928, 14.9180934], [102.5610234, 14.9181276], [102.5609728, 14.918165], [102.5609292, 14.9182137], [102.5608995, 14.9182756], [102.5608903, 14.9183355], [102.56092, 14.9190062], [102.5609228, 14.9190701], [102.5609362, 14.9191546], [102.5609524, 14.9192091], [102.5609739, 14.9192668], [102.561115, 14.9195451], [102.561167, 14.9195924], [102.5611931, 14.919606], [102.5612338, 14.9196272], [102.561272, 14.9196472], [102.5613529, 14.919694], [102.5614696, 14.9198316], [102.5615041, 14.9198576], [102.5615385, 14.9198704], [102.5615777, 14.9198697], [102.5616168, 14.9198625], [102.5616364, 14.9198539], [102.5618371, 14.9197661], [102.5618846, 14.9197505], [102.5619273, 14.9197481], [102.5619717, 14.9197524], [102.5620027, 14.9197669], [102.5620304, 14.9197946], [102.5622122, 14.9200523], [102.5622455, 14.9201049], [102.562279, 14.9201758], [102.5623791, 14.9204464], [102.562551, 14.9207308], [102.5626376, 14.9209119], [102.562663, 14.9210012], [102.5627298, 14.9212258], [102.5627528, 14.9212736], [102.562786, 14.9213195], [102.5628223, 14.9213472], [102.5628618, 14.9213632], [102.5628872, 14.9213649], [102.5629216, 14.9213672], [102.5631072, 14.9213444], [102.563162, 14.9213502], [102.563198, 14.9213596], [102.563229, 14.921379], [102.5632473, 14.9214027], [102.5632569, 14.9214151], [102.5634055, 14.9217347], [102.5634356, 14.9217973], [102.563467, 14.9218432], [102.5635037, 14.9218908], [102.5636671, 14.9220758], [102.5636964, 14.9220936], [102.5637326, 14.9221113], [102.5637771, 14.9221222], [102.5639449, 14.9221561], [102.5639793, 14.9221688], [102.5640121, 14.9221899], [102.5640921, 14.9222921], [102.5642073, 14.9224391], [102.5642265, 14.9224653], [102.5642323, 14.9225051], [102.5642244, 14.9225417], [102.5641797, 14.922627], [102.5641633, 14.9226592], [102.5641532, 14.9226789], [102.5641439, 14.9227321], [102.5641446, 14.9227753], [102.5641573, 14.9228232], [102.5641823, 14.9228875], [102.5642504, 14.9229827], [102.5642812, 14.9230117], [102.5643161, 14.9230348], [102.5643607, 14.923049], [102.5644138, 14.9230581], [102.5645692, 14.9230673], [102.5646188, 14.9230699], [102.5646667, 14.9230807], [102.564708, 14.9230984], [102.5647443, 14.923126], [102.5647756, 14.9231604], [102.5648156, 14.9232179], [102.5648577, 14.9232786], [102.5648976, 14.9233178], [102.5649322, 14.9233471], [102.564977, 14.9233729], [102.5650458, 14.9234017], [102.5651008, 14.9234291], [102.5651458, 14.9234649], [102.5651822, 14.9234959], [102.5652074, 14.9235343], [102.5652365, 14.923583], [102.5652596, 14.9236357], [102.5652742, 14.9236952], [102.565331, 14.9241357], [102.5654416, 14.9245339], [102.5654827, 14.9246445], [102.5655162, 14.924707], [102.5655424, 14.9247464], [102.5655978, 14.9247937], [102.5656584, 14.9248442], [102.5657054, 14.9248982], [102.565737, 14.9249575], [102.5657708, 14.9250383], [102.5657873, 14.925106], [102.5658005, 14.9251805], [102.5658051, 14.9252551], [102.565804, 14.9254974], [102.5658125, 14.9256018], [102.5658237, 14.9256547], [102.5658451, 14.9257142], [102.5658801, 14.9257634], [102.5659376, 14.9258361], [102.5659623, 14.9258882], [102.5659644, 14.9258989], [102.5659792, 14.9259776], [102.5659884, 14.9260173], [102.5660261, 14.9261328], [102.5660285, 14.9261743], [102.5660258, 14.9262191], [102.5660144, 14.9263554], [102.5660169, 14.9264001], [102.5660345, 14.9264331], [102.5660882, 14.9264853], [102.5661125, 14.9265098], [102.5661249, 14.9265379], [102.5661289, 14.926571], [102.5661196, 14.9267304], [102.5661255, 14.9267751], [102.5661416, 14.9268197], [102.5661677, 14.9268541], [102.5661902, 14.926872], [102.566223, 14.9268964], [102.5662901, 14.9269252], [102.5663262, 14.9269429], [102.5663712, 14.9269804], [102.5664074, 14.9269997], [102.5664415, 14.9270009], [102.5664789, 14.9269936], [102.566523, 14.926978], [102.5665672, 14.9269641], [102.566598, 14.9269669], [102.5666358, 14.9269846], [102.566776, 14.9271019], [102.5668154, 14.9271129], [102.5669213, 14.9271195], [102.5670149, 14.9271014], [102.5670983, 14.9270869], [102.5671882, 14.9270539], [102.5672442, 14.9270348], [102.5672987, 14.927029], [102.5673326, 14.927036], [102.5673432, 14.9270382], [102.5673793, 14.927051], [102.5674863, 14.9271256], [102.5675978, 14.9272633], [102.5676054, 14.9273189], [102.5676026, 14.9273406], [102.5675995, 14.9273645], [102.5675762, 14.927403], [102.5675615, 14.9274162], [102.5674047, 14.9275567], [102.5673832, 14.9275985], [102.5673737, 14.9276435], [102.5673795, 14.9276815], [102.567397, 14.9277128], [102.5674801, 14.9277829], [102.5675046, 14.9278206], [102.5675256, 14.9278502], [102.5675359, 14.9278807], [102.5675418, 14.927898], [102.5675408, 14.9279445], [102.5675279, 14.9279895], [102.5675046, 14.9280264], [102.567492, 14.9280425], [102.5674495, 14.928097], [102.5674111, 14.928149], [102.567372, 14.9282641], [102.567358, 14.9283457], [102.5673349, 14.9283871], [102.5673028, 14.9284129], [102.5672656, 14.9284317], [102.5672197, 14.9284441], [102.567177, 14.9284447], [102.5670487, 14.9284252], [102.5669991, 14.9284176], [102.566953, 14.9284184], [102.5669054, 14.9284274], [102.5666938, 14.9285369], [102.5665793, 14.9286266], [102.5663598, 14.9288723], [102.5663066, 14.9289578], [102.5662836, 14.9290162], [102.5662721, 14.9291425], [102.5662765, 14.9292022], [102.5662926, 14.9292518], [102.5663155, 14.9292912], [102.5663589, 14.9293387], [102.5664353, 14.9294171], [102.566477, 14.9294596], [102.5664896, 14.9295026], [102.5664922, 14.9295573], [102.5664863, 14.9296072], [102.5664206, 14.9298687], [102.566421, 14.9298937], [102.5664214, 14.9299152], [102.566429, 14.9299615], [102.5664466, 14.9299978], [102.5664677, 14.9300323], [102.5664795, 14.9300411], [102.5665005, 14.9300567], [102.5665452, 14.9300792], [102.5665866, 14.9301018], [102.5666091, 14.930123], [102.5666183, 14.9301643], [102.5666129, 14.9302053], [102.566599, 14.9302459], [102.5665457, 14.9302829], [102.5664473, 14.9302964], [102.5662592, 14.9302967], [102.5662377, 14.9302967], [102.5661735, 14.9303277], [102.5660851, 14.930386], [102.5660117, 14.9304201], [102.5659534, 14.930433], [102.5658731, 14.9304252], [102.5657249, 14.9304066], [102.5656881, 14.9304191], [102.565658, 14.9304585], [102.5656467, 14.9305246], [102.5656165, 14.9305611], [102.5655675, 14.9305768], [102.565509, 14.9305807], [102.565454, 14.9306086], [102.5654177, 14.9306511], [102.5654066, 14.9307261], [102.5654112, 14.9310867], [102.5654548, 14.9313735], [102.5655253, 14.9317074], [102.5655342, 14.9317717], [102.5655283, 14.9318123], [102.5655032, 14.9318632], [102.5654562, 14.9319297], [102.5653684, 14.9320461], [102.5652699, 14.9322221], [102.565187, 14.9324445], [102.5651049, 14.9326648], [102.5650894, 14.9327065], [102.5650432, 14.9328223], [102.5650271, 14.9328718], [102.5650213, 14.9329162], [102.5650248, 14.9329692], [102.5650361, 14.9330221], [102.5650536, 14.933061], [102.5650628, 14.9330746], [102.5651024, 14.9331328], [102.5651122, 14.9331473], [102.5652068, 14.9332837], [102.5652531, 14.9333335], [102.5652928, 14.9333721], [102.5653531, 14.933404], [102.5654538, 14.9334265], [102.5654981, 14.9334364], [102.5655854, 14.933456], [102.5656547, 14.9334814], [102.5656889, 14.9335037], [102.5657101, 14.9335273], [102.5657262, 14.9335574], [102.5657346, 14.9335952], [102.5657235, 14.9336346], [102.565707, 14.9336551], [102.5656594, 14.9336874], [102.5656015, 14.9337237], [102.5655772, 14.9337456], [102.5655516, 14.9337751], [102.5655368, 14.9338208], [102.5655082, 14.9338996], [102.5654904, 14.9339252], [102.565352, 14.9340345], [102.5653368, 14.9340523], [102.5653278, 14.9340743], [102.5653269, 14.9341034], [102.5653278, 14.9342041], [102.5653282, 14.9342589], [102.5653328, 14.934298], [102.5653437, 14.9343332], [102.5653625, 14.9343658], [102.5653869, 14.93439], [102.5654365, 14.9344392], [102.5654669, 14.9344704], [102.5654842, 14.9344941], [102.5654978, 14.9345268], [102.5655024, 14.9345697], [102.565506, 14.9347099], [102.5655961, 14.9350511], [102.5656074, 14.9351027], [102.565608, 14.9351407], [102.5655997, 14.9351901], [102.5655875, 14.9352383], [102.5655736, 14.9352638], [102.5655496, 14.9353059], [102.5655138, 14.9353431], [102.5654701, 14.9353703], [102.5652273, 14.9354702], [102.5651886, 14.9354898], [102.5651527, 14.9355194], [102.5651107, 14.9355744], [102.5650574, 14.9356524], [102.5650318, 14.9356768], [102.5650009, 14.9356975], [102.5649726, 14.9357156], [102.564783, 14.9358045], [102.5647366, 14.9358305], [102.5647059, 14.9358588], [102.564683, 14.9358895], [102.564668, 14.9359277], [102.5646171, 14.9361535], [102.5645949, 14.9362234], [102.5645641, 14.936325], [102.5644234, 14.9365433], [102.5643287, 14.9367926], [102.5642301, 14.9369797], [102.5642099, 14.937012], [102.5641878, 14.937041], [102.5641571, 14.9370685], [102.5639684, 14.9371928], [102.5638764, 14.9372869], [102.5635336, 14.9377322], [102.563376, 14.9378509], [102.5633347, 14.9378684], [102.563295, 14.9378758], [102.5632603, 14.9378747], [102.5630395, 14.937836], [102.5627789, 14.9377463], [102.562736, 14.9377396], [102.5626999, 14.9377401], [102.5626618, 14.9377458], [102.5626378, 14.9377505], [102.5625972, 14.9377646], [102.5623162, 14.9379147], [102.5619536, 14.9381672], [102.5618706, 14.938225], [102.5618123, 14.9382664], [102.5617659, 14.938289], [102.5617297, 14.938303], [102.5616969, 14.9383086], [102.5616761, 14.9383089], [102.5616241, 14.9383097], [102.5615705, 14.9383156], [102.5613484, 14.9384068], [102.5613121, 14.9384157], [102.5612774, 14.9384163], [102.5612271, 14.9384154], [102.561118, 14.9384171], [102.5610712, 14.9384195], [102.5610298, 14.9384336], [102.5607284, 14.9385513], [102.5605922, 14.9385972], [102.5605267, 14.9386168], [102.5604628, 14.9386346], [102.5603816, 14.9386477], [102.5600983, 14.9387128], [102.5597274, 14.938818], [102.5596807, 14.9388288], [102.5596185, 14.9388399], [102.5595752, 14.9388406], [102.5595127, 14.9388365], [102.5594658, 14.9388271], [102.559403, 14.9388062], [102.5593264, 14.9387872], [102.559276, 14.9387795], [102.5592257, 14.9387753], [102.5591097, 14.9387855], [102.5588902, 14.938826], [102.5587765, 14.9388665], [102.5586354, 14.9389294], [102.5584257, 14.9390422], [102.5581533, 14.9392353], [102.5578861, 14.9394316], [102.5576692, 14.9396321], [102.5576247, 14.9396632], [102.5575766, 14.9396909], [102.55753, 14.9397034], [102.5573867, 14.939741], [102.5573092, 14.9397675], [102.5572334, 14.9397991], [102.5571664, 14.9398372], [102.557129, 14.939863], [102.557079, 14.9398975], [102.5570311, 14.9399354], [102.5569881, 14.9399562], [102.5569451, 14.9399738], [102.5568811, 14.9399866], [102.5567892, 14.9399936], [102.5567264, 14.9400066], [102.55671, 14.9400128], [102.5566687, 14.9400337], [102.5566293, 14.9400613], [102.5565935, 14.9400989], [102.5565191, 14.9402147], [102.5564596, 14.9402847], [102.5563896, 14.9403482], [102.5562937, 14.9404221], [102.556208, 14.9404808], [102.5561272, 14.9405208], [102.556072, 14.9405402], [102.555996, 14.9405515], [102.5559388, 14.9405541], [102.5558729, 14.9405534], [102.5558017, 14.9405444], [102.5557182, 14.9405255], [102.5556382, 14.9405116], [102.5555758, 14.9405125], [102.5554789, 14.9405258], [102.5554426, 14.9405281], [102.5553802, 14.9405308], [102.5553108, 14.9405268], [102.5552378, 14.9405127], [102.5552054, 14.9405086], [102.5551787, 14.9405052], [102.5551319, 14.940506], [102.5550437, 14.9405208], [102.5550162, 14.9405277], [102.5547107, 14.9406038], [102.5546829, 14.9406107], [102.5546174, 14.9406353], [102.5545711, 14.9406647], [102.5545352, 14.9406956], [102.5545118, 14.940718], [102.5544994, 14.9407299], [102.5544502, 14.9407964], [102.5544027, 14.9408561], [102.55436, 14.9409006], [102.5542951, 14.9409538], [102.5541217, 14.9410594], [102.5536108, 14.9412999], [102.5534694, 14.9413426], [102.5534192, 14.9413518], [102.5533655, 14.9413526], [102.5532961, 14.9413486], [102.5532475, 14.9413427], [102.5531974, 14.9413322], [102.5531795, 14.9413262], [102.553143, 14.9413139], [102.5530872, 14.9412929], [102.5529173, 14.9411877], [102.5528551, 14.9411363], [102.5527591, 14.941057], [102.552528, 14.9409173], [102.5524739, 14.9408962], [102.5524165, 14.940887], [102.5523471, 14.9408797], [102.5522812, 14.9408807], [102.5522224, 14.9408884], [102.5521689, 14.940901], [102.552105, 14.9409188], [102.5520258, 14.9409487], [102.5519278, 14.9410008], [102.55183, 14.9410613], [102.5512623, 14.941537], [102.5508679, 14.9419055], [102.5508493, 14.9419362], [102.5508378, 14.9419751], [102.5508386, 14.9420206], [102.5508481, 14.9420693], [102.5508643, 14.9421095], [102.5511171, 14.9425819], [102.5511326, 14.942611], [102.5511473, 14.9426597], [102.5511479, 14.9426984], [102.5511415, 14.9427305], [102.5511214, 14.9427696], [102.5510804, 14.9428073], [102.5510284, 14.9428539], [102.5508737, 14.9429926], [102.5508533, 14.9430216], [102.5508384, 14.9430639], [102.5508358, 14.9431162], [102.5508194, 14.9431721], [102.5507957, 14.9432062], [102.5507651, 14.9432437], [102.5507206, 14.9432781], [102.5506542, 14.9433191], [102.5505524, 14.9433819], [102.5503523, 14.94347], [102.550148, 14.9435601], [102.549874, 14.9436621], [102.549831, 14.9436813], [102.5497917, 14.9437156], [102.549763, 14.9437616], [102.5496589, 14.9439705], [102.5496387, 14.9440062], [102.5496064, 14.9440472], [102.5493912, 14.9442942], [102.5491777, 14.9445393], [102.5487062, 14.9449629], [102.54867, 14.9449769], [102.5486284, 14.9449793], [102.5485904, 14.9449761], [102.5485597, 14.9449639], [102.5485489, 14.9449596], [102.5485379, 14.9449537], [102.5485011, 14.9449307], [102.5484625, 14.944906], [102.5484258, 14.9448864], [102.5483841, 14.9448786], [102.5483424, 14.9448725], [102.5482973, 14.9448749], [102.5482404, 14.9448909], [102.5481922, 14.9449136], [102.5481599, 14.9449495], [102.548109, 14.9450177], [102.5480499, 14.9451164], [102.5480159, 14.945154], [102.5479628, 14.9451919], [102.5479181, 14.9452145], [102.5478681, 14.9452321], [102.5478216, 14.9452514], [102.5477822, 14.9452773], [102.5477483, 14.945325], [102.5477231, 14.9453743], [102.5477067, 14.9454352], [102.5476975, 14.9455078], [102.5477021, 14.9455752], [102.5476996, 14.9456359], [102.5476901, 14.9456642], [102.5476848, 14.9456799], [102.5476609, 14.9457039], [102.5476162, 14.9457282], [102.5476059, 14.945732], [102.5471441, 14.9459024], [102.5465897, 14.9461419], [102.5464556, 14.9462279], [102.5463754, 14.946301], [102.5463202, 14.9463881], [102.5462232, 14.9464879], [102.5461704, 14.9465702], [102.5460805, 14.9466531], [102.546015, 14.946714], [102.5457876, 14.9468773], [102.5480877, 14.9488046], [102.5502495, 14.9505065], [102.5522127, 14.9520666], [102.5544167, 14.953874], [102.5564015, 14.9554337], [102.5574043, 14.9561925], [102.5583172, 14.9567224], [102.5602437, 14.9573621], [102.5614626, 14.9576008], [102.5630153, 14.9578944], [102.5647125, 14.958119], [102.5703596, 14.9578561], [102.5719974, 14.957431], [102.573136, 14.9570122], [102.5776765, 14.9534209], [102.5799067, 14.951638], [102.5914331, 14.9424228], [102.5929669, 14.9412421], [102.59523, 14.9393686], [102.59656, 14.9382675], [102.5993414, 14.9362462], [102.5995584, 14.9360884], [102.6008187, 14.9353715], [102.6015512, 14.9353377], [102.6072368, 14.9352452], [102.6091446, 14.9352818], [102.6116536, 14.935309], [102.6146086, 14.9352956], [102.6155672, 14.93508], [102.6162872, 14.9349851], [102.6173854, 14.9349009], [102.6181947, 14.935005], [102.6199067, 14.9356628], [102.621744, 14.9360295], [102.622845, 14.9359532], [102.6252176, 14.9358576], [102.6274717, 14.9357968], [102.6315191, 14.9358702], [102.6341245, 14.9360167], [102.6371788, 14.9360307], [102.6395339, 14.9358554], [102.6435499, 14.9354186], [102.6502839, 14.9352798], [102.6539014, 14.9348656], [102.6617592, 14.9347397], [102.674328, 14.9345942], [102.6795041, 14.9340981], [102.6842268, 14.934022], [102.6899238, 14.9337716], [102.6966125, 14.9337202], [102.6971355, 14.934526], [102.6972664, 14.9347276], [102.6980798, 14.9361483], [102.6986448, 14.9371352], [102.7043805, 14.947781], [102.7050676, 14.9488787], [102.7080199, 14.9535955], [102.7091558, 14.9557722], [102.7094752, 14.9565977], [102.709739, 14.9579301], [102.7093723, 14.9630737], [102.7093881, 14.9639892], [102.709425, 14.9661311], [102.7098253, 14.9701485], [102.7102033, 14.9762253], [102.7104958, 14.9794497], [102.710512, 14.979628], [102.7105657, 14.979794], [102.7105885, 14.9798188], [102.7107277, 14.9799705], [102.7110516, 14.9803236], [102.7112632, 14.9804314], [102.711411, 14.9805284], [102.7114561, 14.980558], [102.7116618, 14.9807782], [102.7116892, 14.9808076], [102.7119616, 14.9811244], [102.7121348, 14.9812143], [102.7123261, 14.9812482], [102.7125305, 14.9813067], [102.7125592, 14.9813493], [102.7126088, 14.9814228], [102.7126182, 14.9816019], [102.7125133, 14.9817828], [102.7124151, 14.9819883], [102.712456, 14.9821483], [102.712463, 14.9821567], [102.7125664, 14.9822824], [102.7126697, 14.9823734], [102.7128918, 14.9823512], [102.7130283, 14.9824253], [102.7130767, 14.9824929], [102.7130995, 14.9825287], [102.7131231, 14.9825585], [102.7131529, 14.9825962], [102.7131917, 14.9826307], [102.7132771, 14.9826899], [102.713334, 14.9827251], [102.7133785, 14.9827442], [102.7134018, 14.9827543], [102.7134637, 14.9827884], [102.7135186, 14.9828208], [102.7135594, 14.9828563], [102.7135922, 14.9828948], [102.7136283, 14.9829499], [102.7136525, 14.9830091], [102.7136837, 14.9831288], [102.7137446, 14.9833054], [102.7137748, 14.9833632], [102.7137842, 14.9833741], [102.7138196, 14.9834035], [102.7138589, 14.9834302], [102.7139172, 14.9834671], [102.7139713, 14.9834961], [102.714012, 14.9835228], [102.7140528, 14.9835625], [102.7140696, 14.9835806], [102.7140878, 14.9836162], [102.7141802, 14.9839513], [102.7141823, 14.9839968], [102.7141737, 14.9840439], [102.714149, 14.9840859], [102.7141041, 14.9841284], [102.7139916, 14.9842008], [102.7139493, 14.9842403], [102.7139351, 14.9842718], [102.7139303, 14.9843031], [102.7140064, 14.9846745], [102.7140015, 14.9847019], [102.7139834, 14.9847387], [102.7139505, 14.9847757], [102.7138898, 14.9848288], [102.7138311, 14.9848667], [102.7138195, 14.9848742], [102.7139068, 14.9851177], [102.7139332, 14.9851681], [102.7139632, 14.9852001], [102.7139998, 14.985223], [102.7140428, 14.985234], [102.7140777, 14.9852373], [102.7141152, 14.9852341], [102.7141604, 14.9852152], [102.7142175, 14.9851804], [102.7142874, 14.9851193], [102.7143606, 14.9850557], [102.7144328, 14.9850036], [102.7145493, 14.9849374], [102.7145678, 14.9849292], [102.7145781, 14.9849247], [102.7146501, 14.9849031], [102.7147072, 14.9848912], [102.7147418, 14.9848877], [102.7147855, 14.9848899], [102.7148133, 14.984896], [102.7148424, 14.9849095], [102.7148615, 14.9849246], [102.7148799, 14.9849441], [102.7148924, 14.9849695], [102.7149087, 14.9850101], [102.7149364, 14.9851413], [102.7149534, 14.9851944], [102.7149668, 14.9852258], [102.7149848, 14.9852523], [102.7150016, 14.9852718], [102.715037, 14.9853038], [102.7150646, 14.9853216], [102.7150952, 14.9853347], [102.7153384, 14.9854064], [102.7153758, 14.9854101], [102.71539, 14.9854113], [102.7154421, 14.9854027], [102.7154807, 14.9853864], [102.7154944, 14.9853772], [102.7155284, 14.9853544], [102.7155812, 14.9853079], [102.7157608, 14.9850757], [102.7157871, 14.9850466], [102.7158227, 14.9850161], [102.7158746, 14.9849957], [102.71592, 14.9849871], [102.7159764, 14.9849914], [102.7159871, 14.984995], [102.7160249, 14.9850076], [102.716063, 14.9850395], [102.7161027, 14.9850871], [102.7161387, 14.9851555], [102.7161676, 14.9852006], [102.7161845, 14.9852181], [102.7162115, 14.9852341], [102.7162421, 14.9852437], [102.7165485, 14.985296], [102.716601, 14.9853121], [102.7166417, 14.9853362], [102.7167345, 14.985435], [102.7167698, 14.9854617], [102.7168117, 14.9854806], [102.7168615, 14.9854928], [102.7169151, 14.9854932], [102.7169756, 14.9854896], [102.7170034, 14.9854879], [102.7177985, 14.9854358], [102.7178455, 14.9854364], [102.7178699, 14.9854425], [102.7178939, 14.9854486], [102.7179371, 14.9854687], [102.7184907, 14.9859215], [102.7185228, 14.9859556], [102.7185421, 14.9859905], [102.7185593, 14.986033], [102.7185715, 14.9861012], [102.7185852, 14.9861918], [102.7186002, 14.9862375], [102.7186217, 14.9862713], [102.7186442, 14.9862977], [102.7186548, 14.9863065], [102.7186642, 14.9863145], [102.7186908, 14.9863346], [102.7187002, 14.9863412], [102.7187342, 14.986355], [102.7187762, 14.9863671], [102.7189732, 14.9864113], [102.7189887, 14.9864173], [102.7190103, 14.9864264], [102.7190393, 14.9864515], [102.719065, 14.9864757], [102.7190843, 14.9865117], [102.7191038, 14.9865605], [102.7191394, 14.9866614], [102.7191454, 14.9866785], [102.7191713, 14.9867155], [102.719196, 14.9867428], [102.7192272, 14.986769], [102.7192671, 14.9867865], [102.7193057, 14.9867934], [102.7193431, 14.9867939], [102.7193617, 14.9867918], [102.7193771, 14.9867901], [102.7194132, 14.9867799], [102.7194592, 14.9867674], [102.7195316, 14.9867445], [102.7196057, 14.9867212], [102.719643, 14.9867195], [102.7197254, 14.9867284], [102.7197631, 14.9867325], [102.719796, 14.9867309], [102.7198178, 14.9867198], [102.7198404, 14.9866928], [102.7198465, 14.9866617], [102.7198459, 14.9866275], [102.7198241, 14.9865755], [102.7197936, 14.986529], [102.7197552, 14.9864676], [102.7197368, 14.9864241], [102.7197263, 14.9863879], [102.7197212, 14.9863431], [102.7197232, 14.9863126], [102.7197284, 14.9862826], [102.7197437, 14.9862498], [102.719777, 14.9862044], [102.7198137, 14.9861621], [102.7198677, 14.986111], [102.7199102, 14.9860857], [102.7199362, 14.9860756], [102.7199648, 14.9860645], [102.7200207, 14.9860572], [102.7200471, 14.9860568], [102.7204604, 14.9861815], [102.7204849, 14.9861992], [102.7204969, 14.9862113], [102.7205048, 14.9862202], [102.7205208, 14.9862446], [102.7205223, 14.9862681], [102.7205195, 14.9862916], [102.720498, 14.9863219], [102.7204536, 14.986359], [102.7204245, 14.9863936], [102.7204052, 14.9864275], [102.7203992, 14.9864574], [102.7203984, 14.9864774], [102.7203994, 14.9865308], [102.7204035, 14.9865894], [102.7204915, 14.9869829], [102.7205082, 14.987023], [102.7205364, 14.9870454], [102.7205703, 14.9870548], [102.720607, 14.9870556], [102.7206479, 14.9870478], [102.7206709, 14.9870373], [102.72069, 14.9870286], [102.7207349, 14.9869951], [102.7207634, 14.9869755], [102.7207756, 14.9869687], [102.7207963, 14.9869582], [102.7208353, 14.9869507], [102.7208603, 14.9869513], [102.7208876, 14.9869591], [102.7209038, 14.9869671], [102.720937, 14.9869832], [102.7209738, 14.9869969], [102.7209879, 14.986998], [102.7210032, 14.9869993], [102.7210202, 14.986999], [102.7210461, 14.986994], [102.7210565, 14.98699], [102.7210936, 14.9869766], [102.7211462, 14.9869464], [102.7211765, 14.9869352], [102.7212234, 14.986933], [102.7212513, 14.9869354], [102.7212852, 14.9869491], [102.7213105, 14.9869686], [102.7213315, 14.9869982], [102.7213423, 14.9870279], [102.7213371, 14.9870665], [102.7213158, 14.9871053], [102.7212814, 14.98715], [102.7212035, 14.987224], [102.7211791, 14.9872543], [102.7211723, 14.9872843], [102.7211757, 14.9873142], [102.7211953, 14.9873423], [102.7214277, 14.9875522], [102.7214447, 14.9875675], [102.7215046, 14.9876009], [102.721599, 14.9876224], [102.7216709, 14.987623], [102.7223199, 14.9875377], [102.7223528, 14.9877004], [102.7224065, 14.9879665], [102.7224404, 14.9881022], [102.7225115, 14.9882961], [102.7226, 14.9884441], [102.7231955, 14.989028], [102.7232403, 14.9891115], [102.7232428, 14.9892588], [102.7232558, 14.9893849], [102.7232737, 14.9894723], [102.7233101, 14.9895194], [102.7233452, 14.9895414], [102.7235408, 14.9895803], [102.723779, 14.9896767], [102.7239976, 14.9898557], [102.7243426, 14.9901165], [102.7244433, 14.9904181], [102.7245104, 14.9905434], [102.7252619, 14.9914153], [102.72535, 14.9914981], [102.7254812, 14.9915696], [102.725676, 14.9915664], [102.7258729, 14.9915419], [102.7259678, 14.99153], [102.7260333, 14.9915606], [102.7262558, 14.9919043], [102.726409, 14.9925091], [102.7264952, 14.9926697], [102.7265904, 14.992792], [102.7266798, 14.9928573], [102.7267437, 14.9928657], [102.726807, 14.9928456], [102.7268305, 14.9927881], [102.7268753, 14.9925443], [102.7269182, 14.9924722], [102.7269809, 14.9924139], [102.7270348, 14.9924131], [102.7270745, 14.992441], [102.7271345, 14.9925067], [102.7272982, 14.9928995], [102.7273331, 14.9929323], [102.7273873, 14.9929505], [102.7274606, 14.992935], [102.7275475, 14.9928621], [102.7275955, 14.9927994], [102.7276686, 14.9927791], [102.7277471, 14.9927778], [102.7278257, 14.9927908], [102.7278804, 14.9928376], [102.7279065, 14.9929277], [102.7279139, 14.9930705], [102.7279355, 14.9931845], [102.7280206, 14.993288], [102.7281095, 14.9933246], [102.7282618, 14.9933459], [102.7283453, 14.9933541], [102.7284242, 14.9933814], [102.7284892, 14.9934518], [102.7285198, 14.9935228], [102.7285217, 14.9936324], [102.7285434, 14.9937511], [102.7285892, 14.9938504], [102.7286493, 14.9939257], [102.7287189, 14.9939817], [102.7288822, 14.9940696], [102.729036, 14.9941719], [102.7291168, 14.9943088], [102.729273, 14.9948351], [102.7292669, 14.9950496], [102.7292749, 14.9952258], [102.7292769, 14.9953449], [102.7293085, 14.9954683], [102.7293791, 14.9955862], [102.7294881, 14.9956512], [102.7295765, 14.9956592], [102.7296451, 14.9956581], [102.7297673, 14.995637], [102.7298305, 14.9956074], [102.7299071, 14.9955013], [102.7299959, 14.9952521], [102.7300483, 14.9951607], [102.7301017, 14.995136], [102.7301507, 14.9951304], [102.7302244, 14.9951388], [102.7302838, 14.9951759], [102.7308392, 14.9961055], [102.7309036, 14.9961426], [102.7309774, 14.9961604], [102.731046, 14.9961593], [102.7312022, 14.9961186], [102.7312999, 14.9961027], [102.7314225, 14.9961007], [102.7315208, 14.9961181], [102.7316048, 14.9961549], [102.7317042, 14.9962343], [102.7318647, 14.9964461], [102.7319049, 14.9964978], [102.731979, 14.9965347], [102.7320478, 14.9965431], [102.7321113, 14.9965278], [102.7321694, 14.9964887], [102.7323425, 14.9962905], [102.7323952, 14.9962229], [102.7324388, 14.9961936], [102.732488, 14.9962023], [102.7325519, 14.9962156], [102.7327204, 14.9963176], [102.7327947, 14.9963593], [102.7328634, 14.9963677], [102.7329317, 14.9963475], [102.7330044, 14.9962987], [102.7331582, 14.9961246], [102.7332166, 14.9960998], [102.7332755, 14.9961036], [102.7333298, 14.9961218], [102.7333605, 14.9961976], [102.7333767, 14.9968501], [102.7334128, 14.9969496], [102.7334682, 14.9970392], [102.7335379, 14.9970952], [102.7336315, 14.9971223], [102.7338476, 14.9971473], [102.7339213, 14.9971556], [102.7339807, 14.9971928], [102.7340163, 14.9972637], [102.7339979, 14.9973354], [102.7338644, 14.9978332], [102.7338755, 14.9979045], [102.7339112, 14.9979897], [102.7339855, 14.9980313], [102.7340886, 14.9980392], [102.7342449, 14.998008], [102.7343713, 14.997944], [102.7346662, 14.9977104], [102.7347584, 14.9976517], [102.7348657, 14.9976214], [102.7349442, 14.9976296], [102.7350133, 14.9976523], [102.7350486, 14.9977089], [102.7350551, 14.9978041], [102.7350173, 14.9978857], [102.734719, 14.9982099], [102.7346909, 14.9982818], [102.7346925, 14.9983771], [102.7347231, 14.9984433], [102.7347974, 14.9984897], [102.7348709, 14.9984885], [102.7350617, 14.9984663], [102.7351744, 14.9984597], [102.735298, 14.9985244], [102.7354225, 14.9986319], [102.7356513, 14.9988235], [102.7357617, 14.9989694], [102.735803, 14.9990879], [102.7358152, 14.9992259], [102.7358072, 14.9993308], [102.7358092, 14.9994452], [102.7358402, 14.9995399], [102.7359095, 14.9995769], [102.7359835, 14.9996043], [102.7362038, 14.9995864], [102.7369091, 14.999551], [102.737071, 14.9995578], [102.7372283, 14.9995838], [102.7373859, 14.9996241], [102.7374605, 14.9996849], [102.7375159, 14.9997697], [102.7375222, 14.9998506], [102.7373256, 15.0003828], [102.7372727, 15.0004456], [102.7371996, 15.0004706], [102.737141, 15.0004811], [102.7370082, 15.0004547], [102.7369096, 15.0004229], [102.736836, 15.0004242], [102.7368022, 15.0004485], [102.7367833, 15.0004917], [102.7367945, 15.0005726], [102.7368716, 15.0010793], [102.7403378, 15.0019486], [102.748385, 15.003999], [102.7485937, 15.0040514], [102.7510761, 15.0046753], [102.7557661, 15.0058382], [102.7598132, 15.0068816], [102.7647385, 15.0081108], [102.7695296, 15.0093151], [102.7747347, 15.0106098], [102.7765825, 15.0110756], [102.7784598, 15.0115489], [102.7813056, 15.0123376], [102.780194, 15.0164442], [102.779322, 15.019077], [102.7790547, 15.0212832], [102.7792824, 15.0237787], [102.7798025, 15.0254958], [102.7840858, 15.0288163], [102.7877995, 15.0310751], [102.7919364, 15.0330293], [102.7981705, 15.0358408], [102.8008955, 15.03727], [102.8018129, 15.0384408], [102.8018306, 15.0385389], [102.8024101, 15.0396288], [102.8025891, 15.0398274], [102.8029417, 15.0399145], [102.8032599, 15.0398627], [102.8036865, 15.0396229], [102.8040033, 15.0394935], [102.8042112, 15.0395211], [102.8044194, 15.0395641], [102.8046471, 15.0398084], [102.8047965, 15.0401315], [102.8048174, 15.0404103], [102.8047253, 15.0406134], [102.8044731, 15.0407882], [102.8041227, 15.0408251], [102.8038534, 15.0409382], [102.803681, 15.0411116], [102.8032277, 15.0416465], [102.8030077, 15.0418362], [102.802753, 15.0418715], [102.8022258, 15.0418338], [102.8020993, 15.041898], [102.8018958, 15.0421185], [102.8015176, 15.0423884], [102.8014244, 15.0425295], [102.8013493, 15.0427944], [102.801239, 15.0428738], [102.7989765, 15.0438673], [102.7977014, 15.0445604], [102.7973396, 15.0447571], [102.7967637, 15.0450471], [102.7965471, 15.0451377], [102.7964567, 15.0451785], [102.7963264, 15.0452474], [102.7962516, 15.0452962], [102.7962023, 15.0453378], [102.7961544, 15.045394], [102.796132, 15.0454464], [102.7961179, 15.0455021], [102.796112, 15.0455644], [102.7961176, 15.0456186], [102.7961256, 15.0456785], [102.7961446, 15.045763], [102.7961732, 15.0458655], [102.7962832, 15.0462268], [102.796304, 15.0462796], [102.7963293, 15.0463324], [102.796358, 15.0463749], [102.7963901, 15.0464094], [102.7964221, 15.0464417], [102.7964669, 15.046476], [102.7965222, 15.0465045], [102.7965926, 15.0465373], [102.7966795, 15.0465669], [102.7968035, 15.0466129], [102.7969078, 15.0466519], [102.7969852, 15.0466857], [102.797044, 15.0467141], [102.7970899, 15.046745], [102.797149, 15.0467938], [102.7973408, 15.046975], [102.7973895, 15.0470285], [102.7974195, 15.0470778], [102.7974494, 15.047126], [102.7974725, 15.0471776], [102.7974895, 15.0472215], [102.7975009, 15.047271], [102.7975052, 15.0473179], [102.7974544, 15.0477788], [102.7974434, 15.0478388], [102.7974145, 15.0479162], [102.7973853, 15.0479767], [102.797349, 15.0480305], [102.7973228, 15.0480603], [102.7972938, 15.0480774], [102.797262, 15.0480875], [102.7972031, 15.0480944], [102.7970398, 15.0481079], [102.7969613, 15.0481164], [102.796889, 15.0481319], [102.7968378, 15.0481531], [102.7968013, 15.0481752], [102.7967625, 15.0482057], [102.796733, 15.0482317], [102.7967117, 15.0482568], [102.7966915, 15.048293], [102.7966715, 15.0483471], [102.7966644, 15.0483807], [102.7966639, 15.0483934], [102.7966634, 15.0484035], [102.7966639, 15.0484291], [102.7966665, 15.0484586], [102.7966713, 15.0484988], [102.7966765, 15.0485196], [102.7966903, 15.048553], [102.7967024, 15.0485763], [102.7967174, 15.0485982], [102.7967322, 15.0486148], [102.7967525, 15.0486319], [102.7967743, 15.0486483], [102.7967987, 15.04866], [102.7968203, 15.0486684], [102.7968347, 15.0486717], [102.7968888, 15.0486768], [102.7969516, 15.0486769], [102.7970092, 15.0486712], [102.7970693, 15.048663], [102.7971319, 15.048656], [102.7971853, 15.0486456], [102.797376, 15.048609], [102.7977137, 15.0485652], [102.7979049, 15.0485525], [102.7980717, 15.0485545], [102.7982044, 15.0485666], [102.7983569, 15.0485926], [102.7984801, 15.0486192], [102.7986073, 15.0486473], [102.7986932, 15.048673], [102.7987337, 15.0486929], [102.7987542, 15.0487066], [102.7987669, 15.0487186], [102.7988003, 15.0487602], [102.7988242, 15.048796], [102.7988391, 15.0488501], [102.7988448, 15.0489088], [102.7988426, 15.0489571], [102.7988281, 15.0490132], [102.798801, 15.0490634], [102.7987647, 15.0491153], [102.798732, 15.049147], [102.7987144, 15.0491598], [102.7970638, 15.0500922], [102.796207, 15.0504689], [102.7953238, 15.0507412], [102.7950595, 15.050779], [102.7948879, 15.0507818], [102.7947308, 15.0507749], [102.7937762, 15.0507695], [102.7935215, 15.0507471], [102.7933848, 15.0507433], [102.7932358, 15.0507458], [102.7931222, 15.0507598], [102.7930028, 15.050794], [102.7928856, 15.0508382], [102.7927565, 15.0509127], [102.7926669, 15.0509947], [102.7925919, 15.0510824], [102.7925253, 15.0511801], [102.7924793, 15.0512694], [102.7924351, 15.0513485], [102.7924283, 15.05136], [102.7923889, 15.0514074], [102.7923784, 15.0514159], [102.7917297, 15.0519537], [102.7915121, 15.0520559], [102.7912808, 15.0523172], [102.7909012, 15.0529732], [102.7905884, 15.0536583], [102.7902797, 15.0545806], [102.7902449, 15.054716], [102.790232, 15.0548047], [102.7902355, 15.0548871], [102.7902372, 15.0549816], [102.7902279, 15.0550421], [102.7902029, 15.0551531], [102.7901699, 15.0552764], [102.7901084, 15.0554263], [102.7900565, 15.0555297], [102.7899715, 15.0556438], [102.7898738, 15.0557339], [102.7897593, 15.0558143], [102.7896506, 15.0558724], [102.7895437, 15.0559104], [102.7894056, 15.0559449], [102.7892611, 15.0559674], [102.7891797, 15.0559688], [102.7891473, 15.0559693], [102.7890561, 15.0559628], [102.7889483, 15.0559414], [102.7889252, 15.0559368], [102.788819, 15.0558963], [102.7887019, 15.0558299], [102.788626, 15.0557507], [102.7885641, 15.0556472], [102.7885124, 15.0555314], [102.7884813, 15.0554112], [102.7884586, 15.055301], [102.7884526, 15.0551945], [102.7884525, 15.0550698], [102.7884651, 15.054967], [102.788488, 15.054856], [102.7885232, 15.0547458], [102.7885876, 15.0546422], [102.7886443, 15.0545748], [102.7887526, 15.0544926], [102.7888776, 15.0544241], [102.7890216, 15.0543734], [102.789178, 15.0543185], [102.7892806, 15.0542705], [102.7893522, 15.0542251], [102.7894133, 15.0541637], [102.7894496, 15.0541108], [102.7894773, 15.05404], [102.7894857, 15.0539312], [102.7894692, 15.0538188], [102.7893482, 15.0533882], [102.7893228, 15.0533332], [102.7892868, 15.0532716], [102.7892416, 15.0532181], [102.789193, 15.0531691], [102.7891281, 15.0531193], [102.7890607, 15.0530734], [102.7889208, 15.0530054], [102.7886914, 15.0529046], [102.7882839, 15.0528068], [102.7878003, 15.0527304], [102.7874666, 15.0525949], [102.7872515, 15.0524979], [102.7871673, 15.0524659], [102.7871141, 15.0524465], [102.7870622, 15.0524342], [102.7870098, 15.0524307], [102.7869491, 15.0524361], [102.786894, 15.0524454], [102.7868537, 15.0524604], [102.7868135, 15.0524814], [102.7867831, 15.0525046], [102.7867603, 15.0525324], [102.7867436, 15.0525614], [102.7867295, 15.0525975], [102.7867203, 15.0526382], [102.7867149, 15.0526766], [102.7867118, 15.0527125], [102.7867131, 15.0527574], [102.7867169, 15.0527924], [102.7867239, 15.0528413], [102.78674, 15.0529124], [102.7867778, 15.0530794], [102.7867917, 15.0531656], [102.7867943, 15.0532447], [102.7867073, 15.0546481], [102.7866824, 15.0547611], [102.7866493, 15.0548763], [102.7863263, 15.0559256], [102.7862555, 15.056132], [102.7861678, 15.0563225], [102.7860856, 15.0564727], [102.7860177, 15.0566147], [102.785949, 15.056825], [102.7859281, 15.0569299], [102.7859176, 15.0570387], [102.7859175, 15.0571493], [102.7859298, 15.0572598], [102.7859438, 15.0573541], [102.7859772, 15.0574822], [102.7860122, 15.0575903], [102.7860576, 15.0576981], [102.786111, 15.0577918], [102.7861655, 15.0578736], [102.7864701, 15.0583346], [102.7865097, 15.0583777], [102.7865539, 15.0584177], [102.7866041, 15.0584515], [102.7866637, 15.0584822], [102.7867231, 15.0585084], [102.7867841, 15.0585315], [102.7871457, 15.0586905], [102.7872372, 15.0587247], [102.7873114, 15.0587505], [102.7873905, 15.0587763], [102.7874631, 15.058799], [102.7875193, 15.0588235], [102.7875854, 15.0588574], [102.7876451, 15.0589073], [102.7876835, 15.0589389], [102.787723, 15.058983], [102.7877523, 15.0590203], [102.7877842, 15.0590863], [102.7878131, 15.0591669], [102.7878321, 15.0592503], [102.7878393, 15.0593294], [102.7878427, 15.0594561], [102.7878384, 15.0595444], [102.7878236, 15.059625], [102.7878005, 15.0597023], [102.7877681, 15.0597809], [102.7877083, 15.0598905], [102.7876348, 15.0600098], [102.7873059, 15.0605434], [102.7870854, 15.0611082], [102.7870452, 15.0612085], [102.7870013, 15.0612895], [102.7869352, 15.0613744], [102.7868815, 15.0614284], [102.7868114, 15.0614805], [102.7867433, 15.0615167], [102.786675, 15.0615371], [102.7866042, 15.0615485], [102.7864935, 15.0615481], [102.786363, 15.0615378], [102.7862904, 15.0615294], [102.7856877, 15.0615378], [102.7855319, 15.0615528], [102.78541, 15.0615741], [102.785337, 15.0615926], [102.7852502, 15.061622], [102.7851773, 15.0616504], [102.7851243, 15.0616818], [102.7850761, 15.06172], [102.7850304, 15.0617694], [102.7850034, 15.0618219], [102.7849754, 15.0618868], [102.7849566, 15.0619499], [102.7849361, 15.0620242], [102.7849213, 15.0621527], [102.7849181, 15.0622312], [102.784921, 15.0623111], [102.7849228, 15.0623596], [102.7849243, 15.0623731], [102.7849279, 15.0623873], [102.7849365, 15.0624033], [102.7849487, 15.0624167], [102.7849587, 15.0624254], [102.7849708, 15.0624328], [102.7849828, 15.0624383], [102.7850058, 15.062446], [102.7850276, 15.0624506], [102.7850547, 15.0624552], [102.7850844, 15.0624613], [102.7851094, 15.0624674], [102.7851381, 15.062477], [102.7851626, 15.0624872], [102.7851825, 15.0624975], [102.7851972, 15.0625076], [102.7852245, 15.0625358], [102.7852442, 15.0625609], [102.7852698, 15.0625992], [102.7853202, 15.0626832], [102.7853547, 15.0627307], [102.7854045, 15.0627842], [102.7855097, 15.0628549], [102.7855725, 15.062893], [102.7856181, 15.0629255], [102.7856764, 15.0629728], [102.7857221, 15.0630112], [102.7857554, 15.0630499], [102.7857904, 15.0631021], [102.7858051, 15.0631396], [102.7858342, 15.063207], [102.7858549, 15.0632887], [102.7858848, 15.0634363], [102.7858911, 15.0634828], [102.7858896, 15.0635318], [102.7858801, 15.0635732], [102.7858635, 15.0636087], [102.7858383, 15.0636527], [102.7858036, 15.0636945], [102.7857594, 15.0637305], [102.7857027, 15.0637742], [102.7856226, 15.0638268], [102.7855682, 15.0638613], [102.7855026, 15.0638907], [102.7854487, 15.063913], [102.7853978, 15.0639269], [102.7853437, 15.0639385], [102.7852762, 15.0639473], [102.7852172, 15.0639475], [102.785155, 15.0639455], [102.7850935, 15.0639388], [102.7850469, 15.0639282], [102.785005, 15.0639151], [102.784966, 15.0638936], [102.7849294, 15.063869], [102.7848894, 15.0638337], [102.7848604, 15.0637937], [102.7848368, 15.0637505], [102.7848322, 15.0637326], [102.784825, 15.063704], [102.7848233, 15.0636831], [102.7848209, 15.0636544], [102.7848225, 15.0636373], [102.7848249, 15.06361], [102.7848335, 15.0635617], [102.7848374, 15.0635173], [102.7848349, 15.0634645], [102.7848263, 15.0634242], [102.7848163, 15.0633899], [102.7848007, 15.063355], [102.7847846, 15.0633262], [102.7847643, 15.0633001], [102.7847372, 15.0632722], [102.7847091, 15.0632457], [102.7846732, 15.0632188], [102.7846205, 15.0631832], [102.7843023, 15.0630164], [102.7842499, 15.0630046], [102.7841713, 15.0629932], [102.7841095, 15.0629761], [102.7840476, 15.0629572], [102.783426, 15.0627157], [102.7830379, 15.0624938], [102.7829759, 15.0624695], [102.7829086, 15.0624615], [102.7828398, 15.0624699], [102.7827078, 15.0624957], [102.7826223, 15.0625274], [102.7825608, 15.0625667], [102.7825362, 15.0625954], [102.7825194, 15.0626278], [102.7825099, 15.0626654], [102.7825081, 15.0627021], [102.7825144, 15.0627441], [102.7825348, 15.0627866], [102.7825621, 15.0628144], [102.7825979, 15.0628383], [102.782632, 15.0628568], [102.7826632, 15.0628846], [102.7826977, 15.0629207], [102.782735, 15.0629805], [102.7827855, 15.0630711], [102.7828875, 15.0632684], [102.782921, 15.0633747], [102.7829719, 15.063508], [102.7830105, 15.0635798], [102.7830472, 15.0636535], [102.7832074, 15.0638538], [102.7832435, 15.0638895], [102.7833037, 15.0639175], [102.7833581, 15.0639401], [102.7834032, 15.0639557], [102.7834487, 15.0639984], [102.7834925, 15.0640484], [102.7835921, 15.0641954], [102.7836405, 15.0642997], [102.7836777, 15.0643969], [102.783692, 15.0644656], [102.783693, 15.0645217], [102.7836442, 15.0648216], [102.7836251, 15.0649016], [102.7836073, 15.0649509], [102.7835763, 15.0649912], [102.7835395, 15.0650172], [102.7834838, 15.065042], [102.7827558, 15.0653087], [102.7825674, 15.0653962], [102.7820246, 15.0657097], [102.7819334, 15.0657737], [102.7818537, 15.0658525], [102.7818214, 15.0658957], [102.781758, 15.0659805], [102.7817283, 15.0660408], [102.7817111, 15.0660996], [102.7817023, 15.0661514], [102.7817033, 15.0662071], [102.7817138, 15.0662518], [102.7817326, 15.0662841], [102.7817541, 15.0663123], [102.7817895, 15.0663361], [102.7818458, 15.0663586], [102.782272, 15.0664576], [102.782894, 15.0666808], [102.7829754, 15.0666976], [102.7831409, 15.0666979], [102.7833341, 15.0666825], [102.7834652, 15.0666803], [102.783637, 15.0666896], [102.7837749, 15.0667237], [102.7839068, 15.0667639], [102.7840198, 15.0668015], [102.7841238, 15.0668604], [102.7842375, 15.0669313], [102.7843197, 15.0669906], [102.7843991, 15.0670711], [102.7844907, 15.0671303], [102.7846229, 15.0671948], [102.7848369, 15.0672913], [102.7849753, 15.0673527], [102.7850763, 15.0674177], [102.7851685, 15.0675132], [102.7852453, 15.0676181], [102.7853098, 15.0677353], [102.7853457, 15.0678257], [102.7853565, 15.0679013], [102.7853478, 15.0680294], [102.7851753, 15.0688653], [102.7851115, 15.0690241], [102.7850304, 15.0691427], [102.7849564, 15.0691925], [102.7848406, 15.0692348], [102.7847118, 15.0692491], [102.7845827, 15.0692432], [102.7827215, 15.0687243], [102.7824583, 15.068664], [102.7820705, 15.068626], [102.781642, 15.0686332], [102.7813593, 15.06865], [102.7800077, 15.0689395], [102.7799693, 15.0689489], [102.7795935, 15.0690515], [102.7794487, 15.0691025], [102.7792792, 15.069166], [102.7790931, 15.0692338], [102.7789064, 15.0692692], [102.778761, 15.0692838], [102.7786112, 15.0692823], [102.7784402, 15.0692649], [102.7782982, 15.0692349], [102.7781058, 15.0691815], [102.7779841, 15.0691229], [102.7778241, 15.0690204], [102.7776007, 15.0688348], [102.7774567, 15.0687151], [102.7771685, 15.0684247], [102.7767306, 15.0678982], [102.7764499, 15.0674996], [102.7760691, 15.0668116], [102.7758086, 15.0661796], [102.7757067, 15.0659766], [102.7756887, 15.0659456], [102.7756183, 15.0658146], [102.7755747, 15.065758], [102.7755413, 15.0657235], [102.7754898, 15.0656829], [102.775478, 15.0656766], [102.7754517, 15.0656623], [102.7754385, 15.0656551], [102.7754239, 15.0656502], [102.7754076, 15.0656448], [102.775384, 15.0656369], [102.77532, 15.0656316], [102.7752626, 15.0656294], [102.7751889, 15.065637], [102.7751741, 15.0656411], [102.775122, 15.0656556], [102.7750651, 15.0656805], [102.7750417, 15.0656962], [102.7750292, 15.0657046], [102.7750165, 15.0657131], [102.7749778, 15.065752], [102.7749424, 15.0657892], [102.7749071, 15.0658328], [102.7748752, 15.0658812], [102.7748459, 15.0659517], [102.7748022, 15.0660633], [102.7747524, 15.0662262], [102.7746762, 15.0665789], [102.774658, 15.0672751], [102.7745812, 15.0676404], [102.774287, 15.0684217], [102.7740618, 15.0691008], [102.7739659, 15.0695304], [102.7739497, 15.0696851], [102.7739515, 15.0697891], [102.7739598, 15.0698589], [102.7739767, 15.0699235], [102.7740042, 15.0699895], [102.774042, 15.0700418], [102.7741012, 15.0701125], [102.7741711, 15.0701949], [102.7742378, 15.0702927], [102.7742724, 15.0703604], [102.7743198, 15.0704637], [102.7743401, 15.0705235], [102.7743649, 15.0706452], [102.7743736, 15.0707406], [102.7743673, 15.0709158], [102.7743421, 15.0710778], [102.774302, 15.0711922], [102.7742499, 15.0712931], [102.7741627, 15.0713924], [102.774066, 15.0714873], [102.7739644, 15.071564], [102.7739426, 15.0715753], [102.7738554, 15.0716204], [102.7726316, 15.0722169], [102.7723815, 15.0723388], [102.7708723, 15.0727657], [102.7707693, 15.0728015], [102.7706997, 15.0728351], [102.7706868, 15.0728448], [102.7706304, 15.0728875], [102.77057, 15.0729482], [102.7705466, 15.0729907], [102.7705359, 15.0730102], [102.7705108, 15.0730754], [102.7705052, 15.0731591], [102.7705084, 15.0732409], [102.7705257, 15.0733277], [102.7705533, 15.0733954], [102.7705912, 15.0734545], [102.7706523, 15.0735337], [102.7709447, 15.0738888], [102.7710649, 15.0740284], [102.7711489, 15.0741123], [102.7712219, 15.0741725], [102.7712914, 15.0742293], [102.7713784, 15.0742842], [102.7714956, 15.0743607], [102.7715348, 15.0744027], [102.7716031, 15.0744801], [102.7716574, 15.074573], [102.7717119, 15.0746745], [102.7717615, 15.0748033], [102.7717682, 15.0748273], [102.7717859, 15.0748916], [102.7717929, 15.0749904], [102.7717845, 15.0751117], [102.7717687, 15.0752075], [102.7717321, 15.0753258], [102.7716915, 15.0754084], [102.7716296, 15.0754828], [102.7715638, 15.0755402], [102.7714822, 15.0755927], [102.7714337, 15.0756154], [102.7713952, 15.0756334], [102.7713112, 15.0756519], [102.7712165, 15.0756603], [102.771113, 15.075662], [102.7710071, 15.075657], [102.7708008, 15.0756423], [102.7704315, 15.0755908], [102.7701778, 15.0755374], [102.7700271, 15.0754883], [102.7698697, 15.0754151], [102.7697119, 15.0753177], [102.7695978, 15.0752225], [102.769496, 15.075112], [102.7693459, 15.0749174], [102.7690942, 15.0744545], [102.7686808, 15.0736697], [102.7685241, 15.0732367], [102.7684774, 15.0731076], [102.7684507, 15.073034], [102.767917, 15.0721034], [102.7675337, 15.0716804], [102.7674824, 15.0716238], [102.7674065, 15.0715659], [102.7673356, 15.0715262], [102.7672202, 15.0714894], [102.767167, 15.0714771], [102.767148, 15.0714727], [102.7671191, 15.0714661], [102.7670347, 15.0714584], [102.7669365, 15.0714668], [102.7668224, 15.0714838], [102.7657321, 15.0717363], [102.7644155, 15.0719493], [102.7640862, 15.0720397], [102.7640405, 15.0720692], [102.7639999, 15.0720955], [102.7639658, 15.0721175], [102.7638742, 15.0722282], [102.7638292, 15.0723351], [102.7638156, 15.0724476], [102.7638056, 15.0725903], [102.7638137, 15.0726933], [102.7638382, 15.0728475], [102.7639829, 15.0734396], [102.7640527, 15.073857], [102.7641551, 15.0741798], [102.7642267, 15.0743455], [102.7645159, 15.0751687], [102.7645952, 15.075598], [102.7647622, 15.076217], [102.7648507, 15.0764065], [102.7649828, 15.0766895], [102.7649993, 15.0767311], [102.7650547, 15.0768703], [102.7650855, 15.0770245], [102.7650911, 15.0771639], [102.7650811, 15.0773097], [102.7650249, 15.0774835], [102.7649488, 15.0775939], [102.7648724, 15.0776862], [102.7647647, 15.0777759], [102.7646472, 15.0778386], [102.7645262, 15.077883], [102.7644175, 15.0779091], [102.7643349, 15.0779214], [102.7643023, 15.0779262], [102.7641774, 15.0779283], [102.7640493, 15.0779183], [102.7639019, 15.0778813], [102.7634591, 15.0777309], [102.7622052, 15.0776062], [102.7621053, 15.0776048], [102.7619932, 15.0776218], [102.7618905, 15.0776418], [102.7617914, 15.0776828], [102.7616708, 15.0777485], [102.761575, 15.0778047], [102.761455, 15.0779007], [102.7614211, 15.0779381], [102.7614089, 15.0779515], [102.76136, 15.0780054], [102.7613511, 15.078022], [102.7613238, 15.0780728], [102.7613009, 15.0781945], [102.7613025, 15.0782824], [102.7613229, 15.0783761], [102.7613649, 15.0784573], [102.7614382, 15.0785547], [102.7617238, 15.0788122], [102.7619553, 15.0790146], [102.7620949, 15.0791458], [102.7622054, 15.0792731], [102.7623585, 15.0794958], [102.7624475, 15.0796598], [102.7625132, 15.0798003], [102.7625667, 15.0799512], [102.7626058, 15.0800734], [102.7626302, 15.0801652], [102.7626461, 15.0802707], [102.7626378, 15.0805238], [102.7626288, 15.0805858], [102.7626237, 15.0806166], [102.7626196, 15.0806415], [102.7626041, 15.0807027], [102.7625943, 15.0807754], [102.7625933, 15.0808211], [102.7626024, 15.0808685], [102.7626179, 15.0809086], [102.7626359, 15.0809378], [102.7626604, 15.0809652], [102.7626709, 15.0809696], [102.7626879, 15.0809766], [102.7631839, 15.0807394], [102.7632672, 15.0806997], [102.7633018, 15.0806767], [102.7633392, 15.080651], [102.7633691, 15.0806245], [102.7633909, 15.0806018], [102.7634098, 15.0805791], [102.7634269, 15.0805537], [102.7634365, 15.0805231], [102.7634535, 15.0804394], [102.7634585, 15.0804074], [102.7634634, 15.0803756], [102.763472, 15.080337], [102.7634851, 15.0802991], [102.7635021, 15.0802675], [102.7635247, 15.0802411], [102.7635392, 15.0802265], [102.7635666, 15.0802126], [102.7636125, 15.0802011], [102.7636457, 15.0801979], [102.7636817, 15.0801982], [102.7637297, 15.0802045], [102.763799, 15.0802162], [102.763921, 15.0802439], [102.7640684, 15.0802843], [102.7640919, 15.0802941], [102.7641027, 15.0802996], [102.7641176, 15.0803073], [102.7641402, 15.080323], [102.764157, 15.0803374], [102.7641761, 15.0803577], [102.7641873, 15.0803792], [102.764195, 15.0803992], [102.7641989, 15.0804155], [102.7642022, 15.0804289], [102.7642074, 15.0804565], [102.7642099, 15.0804842], [102.76421, 15.0805154], [102.7642048, 15.0805432], [102.764197, 15.0805716], [102.764183, 15.0806051], [102.7641715, 15.0806265], [102.7641593, 15.0806448], [102.7641462, 15.0806632], [102.7641258, 15.0806842], [102.7641095, 15.080697], [102.7640988, 15.0807047], [102.7640744, 15.0807174], [102.7640413, 15.0807337], [102.7640093, 15.0807486], [102.7639801, 15.0807679], [102.7639623, 15.0807885], [102.7639481, 15.0808183], [102.7639384, 15.0808445], [102.7639351, 15.0808705], [102.7639374, 15.080892], [102.7639424, 15.0809161], [102.7639492, 15.0809339], [102.7639582, 15.0809478], [102.7639723, 15.080962], [102.7639839, 15.080971], [102.7640091, 15.0809867], [102.7640613, 15.0810172], [102.7640899, 15.0810297], [102.7641308, 15.0810523], [102.7641688, 15.0810766], [102.7642068, 15.0811076], [102.7642502, 15.0811568], [102.7642825, 15.0811956], [102.7643099, 15.0812383], [102.7643314, 15.0812812], [102.7643509, 15.0813211], [102.7643706, 15.0813774], [102.7643923, 15.0814308], [102.7644091, 15.0814891], [102.7644228, 15.0815368], [102.7644434, 15.0815816], [102.7644637, 15.0816177], [102.7645101, 15.0816717], [102.7645829, 15.0817546], [102.7646884, 15.0818683], [102.7647226, 15.0819013], [102.7647536, 15.0819248], [102.7647895, 15.0819434], [102.7648282, 15.0819533], [102.7648619, 15.0819585], [102.7649014, 15.0819588], [102.76493, 15.0819583], [102.7649754, 15.0819547], [102.7649851, 15.0819514], [102.7650101, 15.0819428], [102.7650462, 15.0819199], [102.7650541, 15.0819136], [102.7650682, 15.0819], [102.7650828, 15.0818857], [102.765102, 15.081866], [102.7651244, 15.081838], [102.7651416, 15.0818186], [102.7651798, 15.0817833], [102.7652227, 15.0817519], [102.7652734, 15.0817156], [102.7653204, 15.0816937], [102.7653676, 15.0816795], [102.7654217, 15.0816699], [102.765483, 15.0816689], [102.7655304, 15.0816729], [102.765575, 15.0816818], [102.7656138, 15.0816955], [102.7656586, 15.0817178], [102.7656926, 15.0817393], [102.7657387, 15.0817789], [102.7657759, 15.0818147], [102.7658266, 15.0818705], [102.7658889, 15.0819586], [102.7659907, 15.0821441], [102.7662513, 15.0827464], [102.7662948, 15.0828007], [102.7663331, 15.0828322], [102.766388, 15.0828612], [102.7664619, 15.0828967], [102.7671342, 15.0831104], [102.7671837, 15.0831263], [102.7672343, 15.0831319], [102.7672875, 15.0831336], [102.7673393, 15.0831315], [102.7673977, 15.083124], [102.7674572, 15.0831114], [102.7675603, 15.0830774], [102.7677419, 15.0830147], [102.7679465, 15.0829523], [102.7680947, 15.0829131], [102.7682735, 15.0828711], [102.7684571, 15.0828336], [102.7686008, 15.0828128], [102.7687329, 15.0827992], [102.7688311, 15.0827954], [102.7689255, 15.0827977], [102.768992, 15.0828031], [102.769052, 15.0828137], [102.7691002, 15.0828336], [102.7691472, 15.0828612], [102.7692037, 15.0829003], [102.7693143, 15.082994], [102.7700243, 15.0836136], [102.770584, 15.0839257], [102.7707105, 15.0839925], [102.7708086, 15.08404], [102.7708373, 15.0840546], [102.7709267, 15.0841003], [102.770971, 15.0841237], [102.7709902, 15.0841348], [102.7710052, 15.0841435], [102.7710456, 15.084169], [102.7710739, 15.0841966], [102.7710914, 15.0842224], [102.7711129, 15.0842589], [102.7711645, 15.0843549], [102.7711892, 15.0844041], [102.7712685, 15.0845367], [102.7714323, 15.0847057], [102.7725813, 15.085755], [102.7726547, 15.0858088], [102.7734363, 15.0863651], [102.7744086, 15.0871967], [102.77602, 15.0885409], [102.7761099, 15.0886128], [102.7761986, 15.0886825], [102.7762944, 15.0887566], [102.7763831, 15.0888286], [102.7764716, 15.0888914], [102.7765553, 15.0889497], [102.7766652, 15.089019], [102.776721, 15.0890467], [102.7767368, 15.0890545], [102.7768388, 15.0890827], [102.7769692, 15.0891057], [102.7770899, 15.0891198], [102.7772272, 15.0891313], [102.7773501, 15.0891361], [102.7774351, 15.0891347], [102.777513, 15.0891311], [102.7776239, 15.0891223], [102.7777443, 15.089118], [102.7778694, 15.0891068], [102.7779874, 15.0891002], [102.7780985, 15.0891029], [102.7782144, 15.0891125], [102.7783517, 15.0891308], [102.7784633, 15.0891588], [102.7785846, 15.089205], [102.7787322, 15.0892691], [102.7788587, 15.0893427], [102.7789352, 15.0893943], [102.7790473, 15.0894498], [102.7791427, 15.0895033], [102.7793865, 15.0896599], [102.7797606, 15.0899727], [102.7800041, 15.0902487], [102.7802073, 15.0905184], [102.7802438, 15.0905798], [102.7802613, 15.0906323], [102.7802742, 15.0906941], [102.7803704, 15.09159], [102.7803931, 15.0916699], [102.7804298, 15.0917428], [102.7804786, 15.0918292], [102.7805612, 15.0919564], [102.7806465, 15.0921041], [102.7807147, 15.0922201], [102.7807687, 15.0923339], [102.781021, 15.0928835], [102.7810585, 15.0929707], [102.7810761, 15.0930082], [102.7810965, 15.093035], [102.7811138, 15.0930541], [102.7811316, 15.0930708], [102.7811433, 15.0930778], [102.7811652, 15.093089], [102.7811964, 15.0931021], [102.7812255, 15.0931122], [102.7812567, 15.0931311], [102.7812731, 15.093146], [102.7813075, 15.0931755], [102.7813531, 15.0932154], [102.7813728, 15.093235], [102.7813886, 15.0932506], [102.781414, 15.0932773], [102.7814293, 15.0933013], [102.7814458, 15.0933291], [102.7814603, 15.0933637], [102.7816151, 15.0937372], [102.7816352, 15.0937849], [102.7816569, 15.0938233], [102.7816633, 15.0938323], [102.7816804, 15.0938558], [102.781719, 15.0938978], [102.7817453, 15.0939216], [102.781821, 15.0939841], [102.7820855, 15.0942423], [102.7821588, 15.0943263], [102.7822244, 15.0944317], [102.7822844, 15.0945546], [102.7823468, 15.0947007], [102.7823605, 15.0947322], [102.7823904, 15.0948007], [102.7824059, 15.0948876], [102.7824157, 15.09499], [102.782427, 15.0950634], [102.7824417, 15.0951077], [102.7824684, 15.0951499], [102.782503, 15.0951919], [102.7825514, 15.095224], [102.7826037, 15.0952522], [102.7826641, 15.0952841], [102.7827524, 15.0953175], [102.7828389, 15.0953625], [102.7829657, 15.095432], [102.783222, 15.0955622], [102.7833318, 15.0956234], [102.7834385, 15.0956836], [102.7835272, 15.0957402], [102.7836017, 15.0957796], [102.7837001, 15.0958245], [102.7838048, 15.0958828], [102.7839095, 15.095943], [102.7839924, 15.0960055], [102.7840815, 15.0960892], [102.7841911, 15.0961997], [102.7842667, 15.0963011], [102.7843163, 15.0964029], [102.7843599, 15.0965028], [102.7844001, 15.0966319], [102.784428, 15.0967437], [102.7845074, 15.0972568], [102.7846048, 15.0979453], [102.7846262, 15.098032], [102.7846515, 15.0981052], [102.784693, 15.0981975], [102.7847485, 15.0982934], [102.784822, 15.0983909], [102.7849056, 15.0984979], [102.784925, 15.0985237], [102.7849693, 15.09859], [102.7849859, 15.0986265], [102.7849993, 15.0986712], [102.7850108, 15.0987411], [102.7850232, 15.0988387], [102.7850506, 15.0989235], [102.7850775, 15.0989753], [102.7851386, 15.0990479], [102.7853449, 15.099331], [102.7853759, 15.0993925], [102.7853905, 15.0994271], [102.7854053, 15.0994752], [102.7854046, 15.0995527], [102.7854059, 15.0996224], [102.7854169, 15.0996842], [102.7854358, 15.0997361], [102.7854727, 15.0997936], [102.7855197, 15.0998567], [102.7857178, 15.100056], [102.7857536, 15.1000923], [102.7857945, 15.1001226], [102.7858061, 15.1001295], [102.7858404, 15.1001497], [102.7858895, 15.1001701], [102.7859648, 15.1001982], [102.7860341, 15.1002175], [102.7860679, 15.1002259], [102.7861036, 15.1002457], [102.7861436, 15.1002737], [102.7861777, 15.1003025], [102.7862009, 15.1003282], [102.7862259, 15.1003646], [102.7862486, 15.1004083], [102.7862724, 15.1004692], [102.7862879, 15.1005376], [102.7863047, 15.1005844], [102.7863101, 15.1005968], [102.7863449, 15.1006485], [102.7865426, 15.100893], [102.7867083, 15.1012033], [102.7867273, 15.1012365], [102.7867496, 15.101259], [102.7867751, 15.1012741], [102.7868047, 15.1012858], [102.78684, 15.1012975], [102.7868496, 15.1013006], [102.7868877, 15.1013155], [102.786914, 15.1013273], [102.7869343, 15.1013376], [102.7869582, 15.101356], [102.7870342, 15.1014225], [102.7870633, 15.1014523], [102.7870848, 15.1014805], [102.7870962, 15.101504], [102.7871051, 15.1015341], [102.7871056, 15.1015618], [102.7871028, 15.1015921], [102.7870948, 15.1016135], [102.7870792, 15.101635], [102.787056, 15.1016542], [102.7870191, 15.1016786], [102.7869804, 15.1017007], [102.7868513, 15.101774], [102.7867144, 15.1018508], [102.786614, 15.101907], [102.7865708, 15.1019347], [102.7865143, 15.1019749], [102.7864514, 15.1020274], [102.7863787, 15.1020862], [102.7862977, 15.1021602], [102.7862448, 15.1022181], [102.7862304, 15.102234], [102.7861702, 15.1023003], [102.7861396, 15.1023458], [102.7861193, 15.1023825], [102.7861036, 15.1024248], [102.7860969, 15.1024754], [102.7860891, 15.1029537], [102.7860978, 15.102999], [102.7861193, 15.1030738], [102.7861464, 15.1031452], [102.786178, 15.1032177], [102.7862289, 15.1033061], [102.7862761, 15.1033761], [102.7862981, 15.1034172], [102.7863055, 15.1034541], [102.7863119, 15.1034997], [102.7863046, 15.1035957], [102.7863013, 15.1036611], [102.7863009, 15.1037014], [102.7863063, 15.1037536], [102.7863183, 15.1037959], [102.7864946, 15.1041916], [102.786519, 15.1042413], [102.7865491, 15.104292], [102.7865824, 15.1043361], [102.7866223, 15.1043736], [102.7866654, 15.1044033], [102.7867231, 15.104434], [102.7867887, 15.1044655], [102.7869298, 15.1045155], [102.7871138, 15.1045875], [102.7873275, 15.1046874], [102.7873807, 15.1047149], [102.7874216, 15.1047479], [102.7874661, 15.1047886], [102.787545, 15.1048755], [102.7877408, 15.1050873], [102.7879348, 15.105297], [102.7879789, 15.1053472], [102.7880847, 15.1054677], [102.7882076, 15.1056323], [102.7882933, 15.1057888], [102.7883619, 15.105926], [102.7884158, 15.1060536], [102.7887115, 15.1069622], [102.7887473, 15.1070313], [102.7887878, 15.1070719], [102.788839, 15.1071098], [102.7889086, 15.1071396], [102.7889647, 15.1071542], [102.7890499, 15.1071631], [102.7891615, 15.1071638], [102.7894697, 15.1071534], [102.7895626, 15.1071519], [102.7896319, 15.1071585], [102.7896882, 15.1071859], [102.7897712, 15.1072233], [102.7908719, 15.1078451], [102.7917602, 15.1083311], [102.791814, 15.1083638], [102.7918835, 15.1083858], [102.7922097, 15.1084966], [102.792274, 15.1085265], [102.7923466, 15.1085743], [102.7924143, 15.1086429], [102.7937296, 15.1099737], [102.793854, 15.110093], [102.7939214, 15.1101512], [102.7939651, 15.1102125], [102.7945091, 15.1113057], [102.7950877, 15.1122232], [102.7952384, 15.1124593], [102.7953749, 15.1126957], [102.7955319, 15.1130235], [102.7957106, 15.114035], [102.7957506, 15.1141628], [102.795805, 15.114295], [102.7958829, 15.1144268], [102.7965483, 15.1153331], [102.7965573, 15.1153547], [102.7965639, 15.1153789], [102.7965647, 15.1154281], [102.7965653, 15.1154598], [102.7965686, 15.1154855], [102.7965756, 15.1155088], [102.7965884, 15.1155352], [102.7966036, 15.1155639], [102.7966264, 15.1155948], [102.7966601, 15.115631], [102.7967068, 15.1156738], [102.7967509, 15.1157085], [102.7968381, 15.1157713], [102.7968541, 15.1157815], [102.7970538, 15.115936], [102.7987485, 15.1177206], [102.7989618, 15.1179845], [102.7990165, 15.1180644], [102.7990607, 15.1181364], [102.7991049, 15.1182083], [102.7991295, 15.1182457], [102.7991653, 15.1182936], [102.799209, 15.1183393], [102.7992434, 15.1183688], [102.7992859, 15.1183981], [102.7993302, 15.1184226], [102.7993754, 15.1184412], [102.7994246, 15.1184578], [102.7994867, 15.1184713], [102.7995567, 15.1184827], [102.7995879, 15.1184885], [102.7996428, 15.1184987], [102.7997159, 15.118514], [102.7997771, 15.1185304], [102.7998744, 15.1185646], [102.7999609, 15.1186019], [102.8000676, 15.1186544], [102.8001371, 15.118692], [102.8002068, 15.1187403], [102.8002677, 15.1187974], [102.800364, 15.118883], [102.8004779, 15.1189774], [102.8005478, 15.1190339], [102.8007945, 15.1191655], [102.8008612, 15.1191938], [102.8009933, 15.1192499], [102.8010494, 15.1192738], [102.8010882, 15.1192962], [102.8011197, 15.1193188], [102.8011511, 15.1193431], [102.8011772, 15.1193719], [102.8012062, 15.1194114], [102.8012292, 15.1194704], [102.8012572, 15.119556], [102.801355, 15.1198163], [102.8013665, 15.1198469], [102.8013923, 15.1199112], [102.8014348, 15.1199912], [102.8014868, 15.1200871], [102.801536, 15.1201856], [102.801581, 15.1203037], [102.8016342, 15.1204652], [102.8018427, 15.1211094], [102.8018771, 15.1212139], [102.8019026, 15.1213123], [102.8019348, 15.121419], [102.8019717, 15.1215467], [102.8020063, 15.1216617], [102.8020536, 15.1217682], [102.8021047, 15.121843], [102.8021711, 15.1219218], [102.8022458, 15.1219816], [102.8023137, 15.1220267], [102.802388, 15.1220675], [102.8025037, 15.1221244], [102.8025999, 15.1221733], [102.8026786, 15.1222182], [102.802751, 15.1222738], [102.8027838, 15.1223057], [102.8028269, 15.1223663], [102.8028442, 15.1223983], [102.8029088, 15.1225045], [102.8032783, 15.1230851], [102.8033182, 15.1231349], [102.8033686, 15.1231719], [102.8034167, 15.1231963], [102.8034668, 15.1232144], [102.8035212, 15.1232303], [102.803595, 15.1232396], [102.8037142, 15.1232502], [102.8039834, 15.123254], [102.8040809, 15.1232608], [102.8040995, 15.1232643], [102.8041939, 15.123282], [102.8043114, 15.1233137], [102.8043986, 15.123348], [102.8044642, 15.1233868], [102.8045366, 15.1234403], [102.8045854, 15.1234962], [102.8046159, 15.1235485], [102.8046457, 15.1236088], [102.8047133, 15.1237593], [102.8047403, 15.1238196], [102.8047808, 15.123903], [102.8048273, 15.1239632], [102.8048714, 15.1240087], [102.8049286, 15.1240561], [102.8050052, 15.1241032], [102.8050838, 15.1241418], [102.8051581, 15.1241805], [102.8052845, 15.1242698], [102.8057435, 15.1247412], [102.8058032, 15.1248111], [102.8058648, 15.1248968], [102.8059165, 15.1249764], [102.8059488, 15.1250563], [102.8061631, 15.1258712], [102.8064529, 15.1268057], [102.8064825, 15.1268851], [102.8065094, 15.1269393], [102.8065534, 15.1269785], [102.806608, 15.1270049], [102.8066623, 15.1270124], [102.8067164, 15.1270115], [102.8068113, 15.1269952], [102.8069167, 15.1269577], [102.8069868, 15.1269289], [102.807154, 15.1268579], [102.8072508, 15.1268216], [102.8073365, 15.1267996], [102.8073866, 15.1267909], [102.8074321, 15.1267917], [102.8074842, 15.1267987], [102.8075365, 15.1268183], [102.8075758, 15.1268366], [102.8076235, 15.1268736], [102.8076499, 15.1268998], [102.807825, 15.1270691], [102.8081143, 15.1273496], [102.8081762, 15.127418], [102.8083973, 15.1279189], [102.8084036, 15.1279346], [102.8084607, 15.1280756], [102.8084905, 15.1281697], [102.8085027, 15.1282494], [102.8085106, 15.128327], [102.8085272, 15.1284067], [102.8085499, 15.1284673], [102.80878, 15.1290042], [102.808807, 15.1290626], [102.8088229, 15.1291464], [102.808827, 15.1292137], [102.8088286, 15.1293005], [102.8088131, 15.1294045], [102.8088057, 15.1294499], [102.8087428, 15.1298319], [102.8087352, 15.1299334], [102.8087333, 15.1300123], [102.8087378, 15.1300816], [102.8087491, 15.1301697], [102.8087651, 15.1302436], [102.8087906, 15.1303078], [102.8088274, 15.1303671], [102.8088791, 15.1304451], [102.809017, 15.1306226], [102.8093808, 15.1310848], [102.8094126, 15.1311364], [102.8094364, 15.1311943], [102.809452, 15.1312524], [102.8094617, 15.131339], [102.8094831, 15.1316304], [102.8094926, 15.1317028], [102.809502, 15.1317752], [102.8095243, 15.1318426], [102.8095516, 15.1319178], [102.809586, 15.1320245], [102.8096141, 15.1321455], [102.8096163, 15.1321818], [102.8096234, 15.1322999], [102.8096288, 15.1324196], [102.8096087, 15.1329217], [102.809576, 15.1334661], [102.8094595, 15.1343737], [102.8094618, 15.1348566], [102.8098181, 15.1347891], [102.8100747, 15.1347508], [102.8101312, 15.1347441], [102.8103841, 15.134714], [102.8105457, 15.1347], [102.8106094, 15.1346944], [102.8107165, 15.1346895], [102.8108034, 15.134688], [102.8108144, 15.1346878], [102.8108253, 15.1346876], [102.810952, 15.134695], [102.8110628, 15.1347136], [102.8112046, 15.1347475], [102.8113384, 15.1347862], [102.8114578, 15.1348299], [102.8115726, 15.1348942], [102.8117168, 15.1349722], [102.8118796, 15.1350862], [102.8120918, 15.1352419], [102.8123582, 15.1354266], [102.812615, 15.1356242], [102.8132862, 15.1361128], [102.813773, 15.1364594], [102.8140131, 15.1366335], [102.8141938, 15.1367503], [102.8143382, 15.1368315], [102.8144724, 15.1368939], [102.8145802, 15.1369315], [102.8147518, 15.1369901], [102.8149182, 15.1370362], [102.8150927, 15.137079], [102.815458, 15.137169], [102.815975, 15.1372974], [102.8159857, 15.1373011], [102.8160143, 15.1374804], [102.8160451, 15.1377152], [102.8160595, 15.1378584], [102.8160595, 15.138022], [102.8160528, 15.1383061], [102.8160337, 15.1387225], [102.8160132, 15.139103], [102.8160027, 15.1392998], [102.8159909, 15.1396328], [102.8159937, 15.1397906], [102.8160034, 15.1399999], [102.8160488, 15.1403894], [102.8160722, 15.1407046], [102.8160832, 15.1408249], [102.8161152, 15.1410522], [102.816141, 15.1411645], [102.8161485, 15.1411972], [102.8161811, 15.1413197], [102.8162124, 15.1414369], [102.8162256, 15.1414714], [102.816285, 15.1416261], [102.8163856, 15.1419902], [102.8165617, 15.1424838], [102.8165999, 15.1425802], [102.8166206, 15.1426134], [102.8166437, 15.142635], [102.8166615, 15.1426438], [102.8166786, 15.1426523], [102.816733, 15.1426724], [102.816784, 15.142681], [102.8168479, 15.1426914], [102.8169042, 15.1426926], [102.8169366, 15.1426941], [102.8169692, 15.142702], [102.8169831, 15.1427072], [102.8169986, 15.142713], [102.8170368, 15.1427483], [102.8170459, 15.1427567], [102.8170667, 15.1427759], [102.8170816, 15.1427865], [102.8170917, 15.1427936], [102.8171072, 15.1428046], [102.8171207, 15.14281], [102.8171475, 15.1428207], [102.8171855, 15.1428306], [102.817204, 15.1428334], [102.8172175, 15.1428366], [102.8173869, 15.1428506], [102.8177379, 15.1429193], [102.8179331, 15.1429813], [102.8182319, 15.143036], [102.8182841, 15.1430556], [102.8183498, 15.1430732], [102.8184154, 15.143087], [102.8184596, 15.14309], [102.8185328, 15.1430962], [102.8186136, 15.1431042], [102.8186773, 15.1431218], [102.8187355, 15.1431488], [102.8187822, 15.1431835], [102.8188273, 15.1432331], [102.818884, 15.14329], [102.8189404, 15.1433245], [102.8190162, 15.1433736], [102.8191725, 15.1435184], [102.8192097, 15.1435551], [102.8192486, 15.1436004], [102.8192823, 15.1436398], [102.8193411, 15.1437022], [102.8194328, 15.1437809], [102.8195813, 15.1439165], [102.8196534, 15.1439713], [102.8196781, 15.1439876], [102.819739, 15.1440277], [102.8198599, 15.1441302], [102.8200067, 15.1442752], [102.8208225, 15.1450845], [102.82091, 15.1451764], [102.8209361, 15.1452039], [102.8211418, 15.1454188], [102.8212163, 15.1455015], [102.8214149, 15.1457558], [102.8215196, 15.1459108], [102.8216029, 15.1460587], [102.8216485, 15.1461363], [102.8216745, 15.14619], [102.8217271, 15.1463384], [102.8217472, 15.1463848], [102.8217828, 15.1464458], [102.8218443, 15.1465511], [102.8219574, 15.1467489], [102.8220929, 15.1471065], [102.8221286, 15.1471865], [102.8221567, 15.1472551], [102.8221686, 15.1473365], [102.8221662, 15.1473508], [102.8221604, 15.1473854], [102.8221594, 15.1474585], [102.8222132, 15.147916], [102.8223261, 15.1487403], [102.8223569, 15.1489302], [102.8223816, 15.1490383], [102.8224147, 15.1491042], [102.8224635, 15.1491565], [102.8225084, 15.1492444], [102.8225535, 15.1493411], [102.8225796, 15.149396], [102.8226029, 15.1494266], [102.8226446, 15.1494635], [102.8229149, 15.1496561], [102.8229542, 15.1496842], [102.8229914, 15.1497279], [102.8230039, 15.1497875], [102.8229982, 15.1498474], [102.8229763, 15.1499009], [102.8229343, 15.1499725], [102.8228991, 15.1500462], [102.8228713, 15.1501485], [102.8228397, 15.1502952], [102.8228257, 15.1503996], [102.8228186, 15.1505171], [102.8228275, 15.1506277], [102.8228487, 15.1508214], [102.8228776, 15.1510033], [102.8228797, 15.1511251], [102.8228498, 15.1512364], [102.8228482, 15.1512467], [102.8228355, 15.1513296], [102.8228435, 15.1515353], [102.8228716, 15.1517474], [102.8229126, 15.1519948], [102.8229365, 15.152142], [102.8229362, 15.1522956], [102.8229262, 15.1523508], [102.8229108, 15.1523821], [102.8229091, 15.1524153], [102.8229098, 15.152453], [102.8229335, 15.1525035], [102.8229527, 15.1525541], [102.8229767, 15.1526224], [102.8229867, 15.1526731], [102.8229903, 15.1527439], [102.8229926, 15.1527702], [102.8229989, 15.1528435], [102.8230023, 15.1529032], [102.8230026, 15.152922], [102.8230029, 15.1529409], [102.8230221, 15.1529893], [102.8230642, 15.1530483], [102.8231105, 15.1530919], [102.8231387, 15.1531338], [102.8231838, 15.1532128], [102.823247, 15.1533476], [102.8232918, 15.1534679], [102.8233733, 15.1536053], [102.8234509, 15.1536955], [102.8235407, 15.1537856], [102.8235968, 15.1538614], [102.8236724, 15.1539744], [102.8236797, 15.1539956], [102.8237139, 15.1541193], [102.8237344, 15.154243], [102.8237373, 15.1544024], [102.8237295, 15.1544707], [102.8237241, 15.1545178], [102.8236743, 15.154622], [102.8236551, 15.1547375], [102.8236571, 15.1548497], [102.8236582, 15.1549087], [102.8236731, 15.1549647], [102.8236956, 15.1550489], [102.824193, 15.1552441], [102.8242131, 15.1552503], [102.8242876, 15.1552712], [102.8243838, 15.1552939], [102.8244456, 15.1553084], [102.8245371, 15.1553224], [102.8246445, 15.1553338], [102.8247702, 15.1553516], [102.824848, 15.1553636], [102.8249532, 15.1553817], [102.8253697, 15.1554633], [102.8254499, 15.155484], [102.825512, 15.1555162], [102.8255951, 15.1555724], [102.8261495, 15.1560945], [102.8262207, 15.1561847], [102.8262289, 15.1561951], [102.8262663, 15.1562498], [102.8263268, 15.1563152], [102.8263893, 15.1563651], [102.8264606, 15.1563993], [102.8267946, 15.1564926], [102.8268043, 15.1564954], [102.8268734, 15.1565296], [102.8269609, 15.1565791], [102.8270344, 15.1566066], [102.8273528, 15.1566898], [102.8278239, 15.1567638], [102.8284723, 15.1568059], [102.8288455, 15.1568392], [102.8291392, 15.1568654], [102.8294565, 15.15688], [102.8297074, 15.1568846], [102.8299763, 15.1568756], [102.8302789, 15.1568481], [102.8303064, 15.1568456], [102.8305314, 15.1568041], [102.8307106, 15.1567523], [102.830958, 15.1566883], [102.8312238, 15.1566329], [102.8315466, 15.1565742], [102.8322195, 15.1564609], [102.8323381, 15.1564589], [102.8324223, 15.1564508], [102.8325064, 15.1564361], [102.8325858, 15.1564126], [102.8326787, 15.15638], [102.8328627, 15.1563414], [102.8330651, 15.1563114], [102.8334342, 15.1562963], [102.8336152, 15.1563397], [102.8341084, 15.1563756], [102.834289, 15.1564013], [102.8344815, 15.1564534], [102.8352935, 15.1567209], [102.8359156, 15.1569495], [102.8360051, 15.156979], [102.8360493, 15.1569902], [102.8360964, 15.1570021], [102.836167, 15.1570258], [102.8361891, 15.1570361], [102.8362187, 15.1570498], [102.8362671, 15.1570789], [102.8363174, 15.1571146], [102.8363626, 15.1571586], [102.836419, 15.1572202], [102.8366228, 15.1575947], [102.8366616, 15.1576994], [102.8367099, 15.157817], [102.8367379, 15.1578763], [102.8367643, 15.157917], [102.8367944, 15.1579464], [102.8368307, 15.1579694], [102.8368799, 15.1579947], [102.8369356, 15.1580249], [102.836998, 15.1580687], [102.8370889, 15.1581344], [102.8371462, 15.158182], [102.8372087, 15.1582333], [102.8372791, 15.1582956], [102.8373354, 15.158357], [102.8373956, 15.1584232], [102.8374428, 15.1584835], [102.8375033, 15.1585622], [102.8375517, 15.1586162], [102.8375937, 15.158669], [102.8376381, 15.1587106], [102.8376785, 15.1587473], [102.837728, 15.1587926], [102.8377675, 15.1588455], [102.837789, 15.1588999], [102.8378121, 15.1589743], [102.8378265, 15.1590575], [102.8378357, 15.1591433], [102.8378468, 15.1592615], [102.8378645, 15.1593895], [102.8378784, 15.159449], [102.8379013, 15.1595047], [102.8379426, 15.15959], [102.8380031, 15.1596774], [102.8381169, 15.1598], [102.8384433, 15.1601159], [102.8387188, 15.160384], [102.8387841, 15.1604477], [102.8388502, 15.160484], [102.83892, 15.1605152], [102.8389794, 15.1605378], [102.8390274, 15.1605644], [102.839069, 15.1605948], [102.8391182, 15.1606239], [102.8391472, 15.1606343], [102.8391711, 15.1606381], [102.8392, 15.1606376], [102.8392309, 15.1606328], [102.8392619, 15.1606288], [102.8392979, 15.1606275], [102.8393235, 15.160629], [102.8393478, 15.1606351], [102.8393696, 15.1606452], [102.8393804, 15.1606528], [102.8393938, 15.1606623], [102.8394143, 15.160683], [102.8394284, 15.1607031], [102.8394403, 15.1607218], [102.8394522, 15.1607419], [102.8394677, 15.1607626], [102.839492, 15.1607861], [102.8395088, 15.1607977], [102.83954, 15.1608131], [102.8396108, 15.160836], [102.8396774, 15.1608563], [102.8397036, 15.1608643], [102.8397773, 15.1608942], [102.8398575, 15.160934], [102.8399299, 15.1609825], [102.8400016, 15.1610367], [102.8400574, 15.1610904], [102.8400781, 15.1611188], [102.8400894, 15.1611445], [102.840095, 15.1611752], [102.8400944, 15.1612243], [102.8400833, 15.1613282], [102.8400732, 15.1614062], [102.8400627, 15.1614652], [102.8400555, 15.161508], [102.8400534, 15.1615508], [102.8400583, 15.1615823], [102.8400688, 15.1616038], [102.8400858, 15.1616281], [102.8401049, 15.161646], [102.8401137, 15.1616511], [102.8401261, 15.1616582], [102.8401547, 15.1616752], [102.8401793, 15.1616853], [102.840196, 15.1616921], [102.8402061, 15.1616978], [102.8402324, 15.1617118], [102.840248, 15.1617243], [102.840258, 15.1617324], [102.8402771, 15.1617503], [102.8402829, 15.1617586], [102.8402972, 15.1617864], [102.8403176, 15.1618698], [102.8403331, 15.1619329], [102.8403436, 15.1619587], [102.8403544, 15.1619761], [102.8403849, 15.1620089], [102.8404253, 15.1620455], [102.8404826, 15.1620894], [102.8405372, 15.1621283], [102.8406674, 15.1621926], [102.840686, 15.1622018], [102.8409448, 15.1623257], [102.8410717, 15.1623946], [102.8412647, 15.1624997], [102.8424909, 15.1632748], [102.8432253, 15.1637318], [102.8433661, 15.1638268], [102.8435419, 15.1639656], [102.8436534, 15.1640766], [102.8438065, 15.1642179], [102.8439547, 15.1643439], [102.8449671, 15.1650973], [102.845339, 15.165359], [102.8454104, 15.1653976], [102.8454748, 15.1654275], [102.8455553, 15.165466], [102.8459459, 15.1655945], [102.8461059, 15.1656471], [102.846184, 15.165679], [102.8462668, 15.1657196], [102.8463178, 15.1657653], [102.8464176, 15.1658632], [102.8465228, 15.1659255], [102.8466391, 15.1659934], [102.8466882, 15.1662608], [102.8467955, 15.1671329], [102.8469789, 15.1689286], [102.8475664, 15.1690018], [102.8484708, 15.1688864], [102.849147, 15.1688082], [102.8497621, 15.1688227], [102.8502946, 15.1688608], [102.8508441, 15.1688875], [102.850973, 15.1688991], [102.8512747, 15.1689773], [102.8516478, 15.1690542], [102.8520345, 15.1690948], [102.8524754, 15.1691206], [102.8528787, 15.1691453], [102.8536677, 15.1692059], [102.854406, 15.1692722], [102.8547216, 15.1692964], [102.8548101, 15.1680113], [102.85482, 15.1677149], [102.8547838, 15.1673995], [102.8547574, 15.1670692], [102.854794, 15.1669081], [102.8550154, 15.1657558], [102.8586405, 15.1660247], [102.8594299, 15.1661042], [102.8600157, 15.1661148], [102.8603236, 15.1660682], [102.8606847, 15.1659259], [102.8614205, 15.1655469], [102.8621323, 15.1651624], [102.862541, 15.164911], [102.8627431, 15.1648261], [102.8629458, 15.1647761], [102.8631309, 15.1647438], [102.8633165, 15.1647407], [102.8635739, 15.1647362], [102.8637476, 15.1647333], [102.8643212, 15.1646594], [102.8646975, 15.1646006], [102.8649842, 15.1644895], [102.8652358, 15.1643908], [102.8654532, 15.1643196], [102.8655498, 15.1642876], [102.8657496, 15.1642204], [102.8662921, 15.164524], [102.8670868, 15.1650223], [102.8682062, 15.1659295], [102.8693424, 15.1668805], [102.8700093, 15.1674387], [102.8702465, 15.1677103], [102.8704068, 15.1680083], [102.8706171, 15.1689319], [102.8707709, 15.1695809], [102.8711872, 15.170476], [102.8713502, 15.1709243], [102.8714342, 15.1712862], [102.8714868, 15.1714879], [102.8719047, 15.1714989], [102.8727496, 15.1713101], [102.8730044, 15.1712517], [102.8730832, 15.1712194], [102.8737268, 15.1708815], [102.8743467, 15.1705102], [102.8745899, 15.1704835], [102.8747773, 15.1705817], [102.8751458, 15.1710599], [102.8755059, 15.1718693], [102.8758242, 15.1725735], [102.8763239, 15.1734077], [102.8766005, 15.1738693], [102.876652, 15.1739554], [102.8768021, 15.174134], [102.8772398, 15.1746549], [102.8776565, 15.1750544], [102.8777564, 15.1752261], [102.8778311, 15.1755646], [102.8779105, 15.1759242], [102.8779868, 15.1760313], [102.8782399, 15.176189], [102.8794993, 15.1769734], [102.8795977, 15.1770656], [102.8796527, 15.1772236], [102.8796738, 15.1773881], [102.8797221, 15.1777643], [102.8797463, 15.177865], [102.8798305, 15.1779936], [102.8806154, 15.178204], [102.880706, 15.1782747], [102.8807523, 15.1783678], [102.880777, 15.1784975], [102.8809074, 15.178712], [102.8813427, 15.1789212], [102.882333, 15.17934], [102.8824658, 15.1793851], [102.8824996, 15.1793966], [102.8825259, 15.1794257], [102.882547, 15.1795475], [102.8825507, 15.1797497], [102.8825897, 15.1798502], [102.8827548, 15.1799268], [102.8830701, 15.18007], [102.8831074, 15.1800869], [102.8833472, 15.1801839], [102.8834688, 15.1803263], [102.8834865, 15.1804308], [102.8834946, 15.1805137], [102.8834786, 15.1805915], [102.8834126, 15.1809125], [102.8834612, 15.1811284], [102.88363, 15.1814072], [102.8838045, 15.1815921], [102.8839612, 15.1816183], [102.8841174, 15.1816156], [102.8842394, 15.1816135], [102.8843863, 15.181676], [102.8845138, 15.1817316], [102.8846893, 15.1819742], [102.8848173, 15.1820587], [102.8851389, 15.182193], [102.8853939, 15.1823987], [102.8855889, 15.182482], [102.8858736, 15.1825927], [102.8860166, 15.1826842], [102.886101, 15.18282], [102.8861551, 15.1830116], [102.8862019, 15.183279], [102.8862853, 15.183493], [102.886553, 15.1839435], [102.8868925, 15.1844294], [102.8871606, 15.1846727], [102.8873035, 15.1847068], [102.8874165, 15.1847048], [102.8876405, 15.1845953], [102.8878937, 15.1844853], [102.8880442, 15.1844786], [102.8881239, 15.1844894], [102.8882264, 15.1845401], [102.8883477, 15.1846112], [102.8884389, 15.1847079], [102.8884751, 15.1847575], [102.8884809, 15.1848169], [102.8884807, 15.1849335], [102.8885146, 15.1849809], [102.8885482, 15.1850169], [102.8887115, 15.1850666], [102.8888367, 15.1850919], [102.888948, 15.1851265], [102.8890777, 15.1851403], [102.889139, 15.1851239], [102.8891691, 15.1851159], [102.8893189, 15.1850721], [102.8895626, 15.1850378], [102.889566, 15.1849421], [102.8895826, 15.1848161], [102.8896135, 15.1847081], [102.889641, 15.1845385], [102.8896571, 15.1843896], [102.8896645, 15.1842798], [102.8896612, 15.1840992], [102.889675, 15.1839504], [102.8896642, 15.1838359], [102.8896343, 15.1835743], [102.889616, 15.1834314], [102.8896214, 15.1831672], [102.8896134, 15.1828611], [102.8896206, 15.1827375], [102.8896432, 15.1826868], [102.8896944, 15.1826562], [102.8898024, 15.1826331], [102.889838, 15.1826266], [102.8898555, 15.1826194], [102.8898659, 15.1826038], [102.8898722, 15.1825643], [102.889871, 15.1825008], [102.889901, 15.1824431], [102.8901681, 15.1822379], [102.8904538, 15.1822033], [102.8907671, 15.1821742], [102.8910277, 15.1820958], [102.8912607, 15.1820089], [102.8915835, 15.1818317], [102.891917, 15.1816311], [102.8921655, 15.1814493], [102.8924262, 15.1812633], [102.8927071, 15.1810769], [102.8929689, 15.1809501], [102.8932548, 15.180811], [102.8935574, 15.1806992], [102.8937213, 15.1805768], [102.8940677, 15.1804044], [102.8947979, 15.1800373], [102.8949708, 15.1799344], [102.8951684, 15.1797728], [102.8955079, 15.1795023], [102.8958102, 15.1792591], [102.8960737, 15.1790465], [102.8961872, 15.1789779], [102.8962925, 15.1789245], [102.8964015, 15.1788877], [102.8965023, 15.1788693], [102.8965451, 15.1788652], [102.8965602, 15.1788516], [102.8965734, 15.1788214], [102.896581, 15.1787664], [102.8965793, 15.1786749], [102.8965598, 15.1785504], [102.8965612, 15.1784819], [102.8966123, 15.1783588], [102.8967616, 15.1781784], [102.8969444, 15.1779529], [102.8971262, 15.1776793], [102.8972664, 15.1774176], [102.8973608, 15.1771566], [102.8974453, 15.1769811], [102.8975311, 15.1768759], [102.8976956, 15.1766952], [102.8979567, 15.1763758], [102.8982297, 15.1760747], [102.8986454, 15.1756563], [102.8989385, 15.1754268], [102.8989398, 15.1754954], [102.8989414, 15.1755804], [102.898956, 15.1756456], [102.8990443, 15.1758666], [102.8990924, 15.1759181], [102.8996633, 15.1763663], [102.8997258, 15.1764274], [102.8997422, 15.1764434], [102.8998075, 15.1765143], [102.8999321, 15.1766954], [102.9000178, 15.1767757], [102.900097, 15.1768498], [102.9001447, 15.1768945], [102.9002318, 15.1769674], [102.9002638, 15.1770055], [102.9002742, 15.1770329], [102.9002747, 15.1770599], [102.9002749, 15.1770715], [102.9002757, 15.1771129], [102.9002764, 15.1771502], [102.900277, 15.1771847], [102.9002846, 15.1772135], [102.9003077, 15.1772325], [102.9003669, 15.1772782], [102.9003899, 15.1772959], [102.900416, 15.1773217], [102.9005853, 15.1775622], [102.9006626, 15.1776722], [102.9006961, 15.1777158], [102.9007221, 15.1777402], [102.9007467, 15.1777591], [102.9007754, 15.1777765], [102.9008012, 15.1777885], [102.9009846, 15.1778654], [102.9010261, 15.1778826], [102.901072, 15.1779053], [102.9011351, 15.1779387], [102.9011711, 15.1779601], [102.9012014, 15.1779858], [102.9013904, 15.1782158], [102.9014137, 15.1782444], [102.901427, 15.1782773], [102.9015071, 15.1786114], [102.9015206, 15.1786498], [102.901547, 15.1786949], [102.901569, 15.178729], [102.9015964, 15.1787534], [102.9016471, 15.178797], [102.9016928, 15.1788166], [102.9017343, 15.1788338], [102.9017644, 15.1788471], [102.9018017, 15.178863], [102.9018348, 15.1788845], [102.9018622, 15.1789089], [102.9018725, 15.1789242], [102.9019156, 15.1789974], [102.9019429, 15.1790441], [102.901978, 15.1790987], [102.9020071, 15.1791369], [102.9020609, 15.1791995], [102.902119, 15.1792688], [102.9021888, 15.1793319], [102.902197, 15.1793393], [102.9022272, 15.1793539], [102.9022645, 15.1793754], [102.9023495, 15.1794388], [102.902399, 15.1794986], [102.9024059, 15.1795127], [102.9024226, 15.1795466], [102.9024474, 15.1795848], [102.9024705, 15.1796023], [102.9025165, 15.1796277], [102.9027845, 15.1797969], [102.9028072, 15.1798105], [102.9028281, 15.1798179], [102.902849, 15.1798237], [102.9028771, 15.1798287], [102.9030931, 15.1798529], [102.9032848, 15.1798744], [102.9034765, 15.1799068], [102.9035022, 15.1799141], [102.9035289, 15.1799292], [102.9035468, 15.179949], [102.9035608, 15.1799713], [102.90357, 15.1799929], [102.9035766, 15.1800372], [102.9035846, 15.1800913], [102.903598, 15.1801229], [102.903625, 15.1801542], [102.9036694, 15.1801783], [102.9037201, 15.1801953], [102.9037995, 15.1802079], [102.903822, 15.1802121], [102.9038749, 15.1802221], [102.9040938, 15.1803089], [102.90416, 15.1803352], [102.9041813, 15.1803401], [102.9041913, 15.1803424], [102.9042161, 15.1803443], [102.9042481, 15.1803437], [102.9042784, 15.1803417], [102.9042976, 15.1803398], [102.9043262, 15.1803338], [102.9043493, 15.180328], [102.90447, 15.1802817], [102.9045073, 15.1802694], [102.9045432, 15.1802625], [102.9045751, 15.1802596], [102.9046079, 15.1802598], [102.9046423, 15.1802631], [102.90468, 15.1802695], [102.9047724, 15.1802919], [102.9047942, 15.180304], [102.9048129, 15.1803184], [102.904826, 15.1803353], [102.9048352, 15.1803537], [102.9048434, 15.1803699], [102.9048573, 15.1803867], [102.9048711, 15.1803989], [102.9048849, 15.1804072], [102.9049026, 15.1804131], [102.9051109, 15.1804809], [102.9051362, 15.1804901], [102.9053853, 15.1805802], [102.9054016, 15.1805939], [102.9054098, 15.1806078], [102.9054149, 15.1806216], [102.9054152, 15.1806379], [102.9054059, 15.1807426], [102.9054033, 15.1807725], [102.9054051, 15.1807872], [102.9054094, 15.1808019], [102.9054176, 15.1808134], [102.9054321, 15.1808217], [102.9054538, 15.1808267], [102.9057495, 15.1809078], [102.905768, 15.1809098], [102.9057839, 15.1809095], [102.9058007, 15.1809077], [102.9058127, 15.1809051], [102.9058246, 15.1809018], [102.9058351, 15.1808958], [102.9058586, 15.1808834], [102.9059329, 15.1808347], [102.9059756, 15.1808083], [102.9060215, 15.1807827], [102.9060635, 15.1807626], [102.9060961, 15.1807527], [102.9061184, 15.1807476], [102.9061398, 15.1807403], [102.9061676, 15.1807297], [102.906193, 15.1807176], [102.9062862, 15.180657], [102.9063108, 15.1806457], [102.9063362, 15.1806375], [102.9063545, 15.1806348], [102.9063785, 15.1806321], [102.9064024, 15.1806293], [102.9065913, 15.1806288], [102.9066175, 15.1806287], [102.906667, 15.1806255], [102.9067205, 15.180623], [102.9069777, 15.1806116], [102.9069938, 15.1806144], [102.9070123, 15.1806211], [102.9070284, 15.1806278], [102.907046, 15.1806298], [102.9070676, 15.180631], [102.9070915, 15.18063], [102.907102, 15.1806296], [102.9071371, 15.1806267], [102.9071603, 15.1806263], [102.9071787, 15.1806298], [102.9071989, 15.180638], [102.9072456, 15.1806589], [102.9075407, 15.1808474], [102.9075679, 15.1808607], [102.9076107, 15.1808655], [102.9076435, 15.1808746], [102.9076709, 15.1808948], [102.90771, 15.1809328], [102.9077599, 15.1810424], [102.9077885, 15.1811053], [102.9078016, 15.1811217], [102.907816, 15.1811325], [102.9078444, 15.181132], [102.9079525, 15.1811003], [102.9079788, 15.1810965], [102.9080143, 15.1810959], [102.9080558, 15.1811117], [102.9081034, 15.1811482], [102.9081441, 15.1811958], [102.9081662, 15.1812382], [102.9081714, 15.1812878], [102.9081601, 15.181319], [102.9081538, 15.1813364], [102.9081095, 15.1814021], [102.9080277, 15.1815153], [102.9079725, 15.1816032], [102.9079314, 15.1816881], [102.9078704, 15.1817734], [102.9078381, 15.1817919], [102.907722, 15.1818187], [102.9076926, 15.1818386], [102.9076717, 15.1818638], [102.9075923, 15.1821813], [102.9076261, 15.1822678], [102.9076148, 15.1823569], [102.9075926, 15.1824326], [102.9075608, 15.1825313], [102.9075286, 15.1826136], [102.9075164, 15.1826825], [102.9075177, 15.1827512], [102.9075459, 15.183006], [102.9075811, 15.1830839], [102.9076462, 15.1831449], [102.907768, 15.1832407], [102.9078376, 15.1832954], [102.9079307, 15.1834115], [102.9079386, 15.183433], [102.9079525, 15.1834714], [102.9079591, 15.1834896], [102.9079749, 15.1836404], [102.9079943, 15.1836926], [102.9080178, 15.1837503], [102.9080148, 15.1839532], [102.9080221, 15.1839806], [102.9080329, 15.1840216], [102.9081086, 15.1841054], [102.908149, 15.1841406], [102.9082113, 15.1841952], [102.9082253, 15.184198], [102.9083162, 15.1842163], [102.9085186, 15.1842291], [102.9086952, 15.1843078], [102.9088746, 15.1843505], [102.9091756, 15.1844173], [102.9093583, 15.1844567], [102.9094801, 15.184484], [102.9100547, 15.1845852], [102.9100856, 15.1845911], [102.9101707, 15.1845956], [102.9107783, 15.1846587], [102.9108821, 15.1846919], [102.9110615, 15.1847379], [102.9111869, 15.1847782], [102.9112583, 15.1848097], [102.9113352, 15.1848834], [102.9114031, 15.1849693], [102.91145, 15.1850421], [102.9115052, 15.1851589], [102.9116086, 15.1859694], [102.911677, 15.185978], [102.9119745, 15.1859409], [102.9121911, 15.1859052], [102.9128061, 15.1858209], [102.9129211, 15.185827], [102.9129452, 15.1858283], [102.9129637, 15.1858388], [102.9131137, 15.1859235], [102.9132289, 15.1860025], [102.9133887, 15.1861715], [102.9135349, 15.1862917], [102.9136848, 15.1863308], [102.9138301, 15.1863415], [102.9139277, 15.1863486], [102.9140818, 15.186346], [102.9147157, 15.18633], [102.914842, 15.1863278], [102.9148903, 15.1863319], [102.9149305, 15.1863546], [102.9149396, 15.1863835], [102.9149402, 15.1864193], [102.9149275, 15.186447], [102.9149197, 15.1864639], [102.9148571, 15.1866113], [102.9148579, 15.1866562], [102.9148672, 15.1866981], [102.9148905, 15.1867199], [102.9149463, 15.1867464], [102.9149747, 15.1867612], [102.9149925, 15.1867856], [102.9149931, 15.1868187], [102.914978, 15.1868466], [102.9149557, 15.1868718], [102.9149423, 15.1868893], [102.9149324, 15.1869186], [102.9149327, 15.1869371], [102.914936, 15.1869619], [102.9149549, 15.1869819], [102.9149728, 15.1869903], [102.9149835, 15.1869942], [102.9150119, 15.1869937], [102.9150472, 15.1869807], [102.915078, 15.1869525], [102.9151074, 15.1869272], [102.9151155, 15.1869195], [102.9151297, 15.1869061], [102.91514, 15.1869053], [102.9151539, 15.1869043], [102.9151675, 15.1869055], [102.9151795, 15.1869066], [102.9151907, 15.1869143], [102.9152011, 15.1869214], [102.9152128, 15.1869419], [102.9152133, 15.1869681], [102.9152138, 15.1869971], [102.915206, 15.1870331], [102.9151981, 15.1870691], [102.9151975, 15.1871133], [102.9151982, 15.1871526], [102.9152255, 15.1872561], [102.9152735, 15.1873927], [102.9153285, 15.1874923], [102.9154187, 15.1875914], [102.9155925, 15.1876963], [102.9157141, 15.1877538], [102.9158163, 15.1878142], [102.9159114, 15.187855], [102.9159231, 15.1878589], [102.9161012, 15.1879172], [102.9166254, 15.1880226], [102.9169501, 15.1880889], [102.917311, 15.188292], [102.9176778, 15.1881723], [102.9177667, 15.1881366], [102.9177832, 15.1881299], [102.9178694, 15.1880787], [102.9179139, 15.1880264], [102.9179432, 15.1879707], [102.9179421, 15.1879082], [102.9179258, 15.1878495], [102.9178927, 15.1878004], [102.9178503, 15.1877625], [102.9177738, 15.1877252], [102.9176993, 15.1876915], [102.9176271, 15.1876836], [102.9175362, 15.187687], [102.9174382, 15.1877163], [102.9173627, 15.1877324], [102.917347, 15.1877337], [102.9172813, 15.1877393], [102.9171903, 15.1877335], [102.917087, 15.1876838], [102.9169101, 15.187513], [102.9168941, 15.1874976], [102.9168324, 15.1873819], [102.9168057, 15.1873317], [102.916805, 15.187293], [102.9168117, 15.1872532], [102.9168246, 15.1872246], [102.9168543, 15.1871946], [102.9168806, 15.1871813], [102.9169146, 15.1871752], [102.9169525, 15.1871727], [102.9169867, 15.1871757], [102.9170324, 15.1871878], [102.9171175, 15.1872218], [102.9172671, 15.1872814], [102.9173747, 15.1873039], [102.9174073, 15.1873106], [102.9174213, 15.1873136], [102.9174706, 15.1873145], [102.917512, 15.1872973], [102.9175285, 15.1872675], [102.9175412, 15.1872397], [102.9175404, 15.1871974], [102.9175245, 15.1871535], [102.9174839, 15.1871119], [102.9174563, 15.1870937], [102.9173995, 15.1870563], [102.9172708, 15.186961], [102.917252, 15.1869481], [102.9171249, 15.1868605], [102.9170765, 15.1868042], [102.9170549, 15.186766], [102.9170406, 15.1867092], [102.9170418, 15.1866705], [102.9170635, 15.1866186], [102.917101, 15.1865958], [102.917152, 15.1865876], [102.9171975, 15.1865868], [102.9172641, 15.1866022], [102.9174184, 15.186665], [102.9174735, 15.186675], [102.9175323, 15.186674], [102.9175757, 15.1866641], [102.917602, 15.1866496], [102.9176207, 15.1866394], [102.9176447, 15.1866076], [102.9176611, 15.1865705], [102.917662, 15.1864941], [102.9176206, 15.1857309], [102.9176423, 15.1856291], [102.9176906, 15.1855072], [102.9177263, 15.1854346], [102.9180053, 15.184991], [102.9180196, 15.1849484], [102.9180226, 15.1849023], [102.9180163, 15.1848712], [102.9180109, 15.1848591], [102.9180025, 15.1848401], [102.9179755, 15.184813], [102.9179202, 15.1847955], [102.9178645, 15.1847873], [102.9178537, 15.1847856], [102.9175978, 15.1847846], [102.9175557, 15.1847632], [102.9175402, 15.1847409], [102.9175304, 15.1847269], [102.9175196, 15.1846553], [102.9175317, 15.1841302], [102.9175233, 15.184035], [102.9175087, 15.1839653], [102.9174944, 15.1839066], [102.9174762, 15.1838462], [102.9174239, 15.183817], [102.9173926, 15.1837958], [102.9173706, 15.1837579], [102.9173635, 15.1837197], [102.9173623, 15.1836525], [102.9173714, 15.1835674], [102.9173703, 15.1835115], [102.9173648, 15.1834758], [102.9173631, 15.1834651], [102.91734, 15.1834272], [102.9172978, 15.1833927], [102.9172581, 15.1833768], [102.9171841, 15.1833574], [102.9171168, 15.1833451], [102.9170626, 15.183327], [102.9170374, 15.1833185], [102.9169568, 15.1832837], [102.9168921, 15.1832445], [102.9168593, 15.1832016], [102.9168414, 15.1831542], [102.916841, 15.1831314], [102.9168406, 15.1831097], [102.9168515, 15.1830671], [102.9168786, 15.1830356], [102.9169164, 15.1830039], [102.9169587, 15.1829855], [102.9170053, 15.1829671], [102.9170352, 15.182957], [102.9170572, 15.1829496], [102.9171101, 15.1829249], [102.9171495, 15.182901], [102.9172027, 15.1828612], [102.9172319, 15.1828245], [102.9172544, 15.1827775], [102.9172724, 15.1827088], [102.9172764, 15.1826384], [102.9172816, 15.182572], [102.917287, 15.1825212], [102.9173013, 15.1824825], [102.917327, 15.1824335], [102.9173469, 15.1824166], [102.9173892, 15.1823973], [102.91742, 15.1823926], [102.9174563, 15.1823919], [102.9174991, 15.1824026], [102.9175283, 15.1824249], [102.9175654, 15.1824729], [102.9176192, 15.1825548], [102.9176681, 15.1826077], [102.9176962, 15.1826269], [102.9177315, 15.1826367], [102.9177699, 15.182636], [102.9178071, 15.1826313], [102.9181433, 15.182589], [102.9182751, 15.1825724], [102.9187374, 15.1825922], [102.9187788, 15.1826011], [102.9188447, 15.1826303], [102.9189325, 15.1826896], [102.9190076, 15.1827531], [102.9190556, 15.1828089], [102.9190796, 15.1828789], [102.9191045, 15.1829971], [102.919137, 15.1830628], [102.9191803, 15.1831007], [102.9192618, 15.1831241], [102.9193812, 15.1831234], [102.9195016, 15.1831048], [102.9196432, 15.1830719], [102.919803, 15.1830305], [102.9199338, 15.1829935], [102.9200169, 15.1829792], [102.920106, 15.1829776], [102.920201, 15.1829944], [102.9202699, 15.18303], [102.9203545, 15.1830966], [102.9204707, 15.1832308], [102.9205519, 15.1833177], [102.9206229, 15.1833661], [102.9207159, 15.1833737], [102.9208049, 15.1833685], [102.9209449, 15.1833568], [102.9210624, 15.1833548], [102.9211213, 15.183363], [102.9211973, 15.1833764], [102.92126, 15.1833826], [102.9213262, 15.183376], [102.9213693, 15.1833476], [102.921412, 15.1833008], [102.9214543, 15.1832339], [102.9214899, 15.1832075], [102.921537, 15.1831974], [102.9216053, 15.1831962], [102.9217062, 15.1832221], [102.9217992, 15.1832297], [102.9219034, 15.1832297], [102.92195, 15.1832242], [102.9219942, 15.1832189], [102.9220904, 15.1831988], [102.9221692, 15.1831533], [102.9222232, 15.1831027], [102.9222489, 15.1830797], [102.9223052, 15.1830294], [102.9223749, 15.1830061], [102.9225278, 15.1829704], [102.9225884, 15.1829711], [102.9226532, 15.1829866], [102.9226973, 15.1830171], [102.9228559, 15.1831892], [102.9228969, 15.1832547], [102.9229078, 15.1833318], [102.9228996, 15.1833879], [102.9228944, 15.1834241], [102.9228559, 15.1834947], [102.9226214, 15.183727], [102.9225693, 15.1837831], [102.9225457, 15.1838387], [102.9225448, 15.1838903], [102.9225664, 15.1839322], [102.9226088, 15.1839683], [102.9226796, 15.1840057], [102.9227296, 15.1840435], [102.9227625, 15.1840816], [102.9227689, 15.1841238], [102.9227583, 15.1841626], [102.9226826, 15.1842707], [102.9226441, 15.1843431], [102.9226191, 15.1844264], [102.922611, 15.1844983], [102.9226121, 15.184559], [102.9226305, 15.1846323], [102.9226622, 15.1847035], [102.9227383, 15.1848255], [102.9228102, 15.1849218], [102.9228875, 15.1850014], [102.922953, 15.1850555], [102.9230352, 15.1850946], [102.9231225, 15.1851059], [102.9232115, 15.1850989], [102.9233079, 15.1850843], [102.9234192, 15.1850566], [102.9235659, 15.1849988], [102.9237235, 15.1849096], [102.9238332, 15.1848282], [102.9239497, 15.1847418], [102.9240377, 15.1846851], [102.9241147, 15.1846506], [102.9242013, 15.1846178], [102.9242902, 15.184607], [102.9243832, 15.1846146], [102.9244786, 15.1846498], [102.9245226, 15.1846748], [102.9245902, 15.1847435], [102.9246274, 15.1848073], [102.9247098, 15.1849695], [102.9247628, 15.1850391], [102.9248219, 15.1850795], [102.9248905, 15.1851032], [102.9249718, 15.1851169], [102.9250712, 15.1851152], [102.9255551, 15.1851057], [102.9257149, 15.1851026], [102.9258115, 15.1850995], [102.9258996, 15.185098], [102.9259963, 15.1851032], [102.9261004, 15.1851207], [102.9261861, 15.1851427], [102.926293, 15.1851574], [102.9264026, 15.1851665], [102.9264792, 15.1851624], [102.9265655, 15.185136], [102.9266245, 15.1851005], [102.9266802, 15.1850388], [102.9266868, 15.1850284], [102.9267548, 15.1849215], [102.9268035, 15.1848669], [102.9268569, 15.18483], [102.9269401, 15.1847968], [102.927004, 15.1847916], [102.9270822, 15.1847957], [102.9271579, 15.1848124], [102.9275267, 15.1849274], [102.9275896, 15.1849456], [102.9276506, 15.1849404], [102.9277357, 15.1849293], [102.9278366, 15.1849303], [102.9279066, 15.1849511], [102.927973, 15.1850024], [102.9280252, 15.1850581], [102.9281038, 15.1851616], [102.928186, 15.1852265], [102.9282863, 15.1852647], [102.9283745, 15.1852742], [102.9284797, 15.1852752], [102.9285731, 15.1852501], [102.9286492, 15.1852184], [102.928733, 15.1851703], [102.928812, 15.185101], [102.9288542, 15.1850707], [102.9288751, 15.1850557], [102.9289651, 15.1850044], [102.9290834, 15.1849444], [102.9291521, 15.1848935], [102.9291788, 15.1848598], [102.9292187, 15.1848095], [102.9292691, 15.1846913], [102.9292907, 15.1845515], [102.9292892, 15.1843928], [102.9292879, 15.1840135], [102.9292998, 15.1836991], [102.9293457, 15.1833106], [102.9293762, 15.1831849], [102.9294029, 15.183128], [102.9294676, 15.1830729], [102.9295426, 15.1830274], [102.9296022, 15.1829749], [102.9296365, 15.1829154], [102.9296604, 15.1828413], [102.9296763, 15.1827454], [102.9296995, 15.1826345], [102.9297069, 15.1826184], [102.9297311, 15.1825653], [102.9297931, 15.1825028], [102.929898, 15.1824372], [102.9299658, 15.1824139], [102.9300967, 15.1823871], [102.9301901, 15.182383], [102.9302937, 15.1823837], [102.9303778, 15.182419], [102.9304498, 15.1824865], [102.9304838, 15.1825521], [102.9305351, 15.1825905], [102.9305683, 15.1825976], [102.9305985, 15.1826041], [102.930679, 15.182588], [102.9307642, 15.1825472], [102.9308465, 15.1824893], [102.9309242, 15.1824536], [102.9309971, 15.1824352], [102.9310754, 15.1824338], [102.9311386, 15.1824352], [102.9311993, 15.1824365], [102.9312897, 15.1824055], [102.9313419, 15.1823629], [102.9313485, 15.1823508], [102.9313835, 15.1822861], [102.9314332, 15.1822435], [102.9315134, 15.1822053], [102.9315664, 15.1822044], [102.9316324, 15.1822179], [102.9317144, 15.1822803], [102.9317854, 15.1822963], [102.931846, 15.1822903], [102.9319211, 15.1822571], [102.9319834, 15.1822094], [102.9320633, 15.1821589], [102.9321592, 15.1821498], [102.9322327, 15.1821608], [102.9322866, 15.1822065], [102.9323431, 15.1822571], [102.9323725, 15.1823424], [102.9323902, 15.1824795], [102.9324112, 15.1826583], [102.9324546, 15.1827412], [102.9324967, 15.1827721], [102.9325767, 15.1827753], [102.9326731, 15.1827494], [102.9327478, 15.1826892], [102.9328355, 15.1826484], [102.9329062, 15.1826472], [102.9329752, 15.1826852], [102.9330343, 15.1827407], [102.9331008, 15.1827812], [102.9331568, 15.1828072], [102.9332353, 15.1828157], [102.9333237, 15.1828141], [102.9334196, 15.1828051], [102.9335257, 15.1828057], [102.9335511, 15.1828085], [102.9336219, 15.1828163], [102.9336628, 15.1828155], [102.9337255, 15.1828145], [102.9338311, 15.1827881], [102.933937, 15.1827739], [102.9340129, 15.1827775], [102.9341168, 15.1827978], [102.9341906, 15.1828235], [102.9342722, 15.1828638], [102.9343262, 15.1829144], [102.9343502, 15.1829827], [102.9343566, 15.1830537], [102.9343432, 15.1831496], [102.9343295, 15.1832309], [102.934328, 15.1832824], [102.9343364, 15.1833289], [102.9343676, 15.183375], [102.9344214, 15.1834158], [102.9344952, 15.1834414], [102.9345814, 15.1834596], [102.93467, 15.1834703], [102.9347914, 15.1834731], [102.9354628, 15.1834343], [102.9363185, 15.18325], [102.936593, 15.1832035], [102.9368854, 15.1831665], [102.9370899, 15.1831531], [102.9372566, 15.1831502], [102.9374413, 15.1831666], [102.937591, 15.1831983], [102.93768, 15.1832311], [102.9378396, 15.1833116], [102.9379762, 15.1834095], [102.9381997, 15.1835932], [102.9382782, 15.1837052], [102.9383204, 15.1838005], [102.9384027, 15.1838819], [102.9384796, 15.1839067], [102.9385877, 15.1839223], [102.938673, 15.1839208], [102.938759, 15.1839336], [102.93881, 15.1839573], [102.9388739, 15.1839979], [102.9393221, 15.1844562], [102.939395, 15.1845727], [102.9394561, 15.1847336], [102.9395582, 15.1850479], [102.9395874, 15.1850929], [102.9396234, 15.1851144], [102.9396634, 15.1851275], [102.9397056, 15.1851244], [102.939751, 15.1850983], [102.9397747, 15.185073], [102.9397951, 15.1850216], [102.9398188, 15.1849232], [102.939834, 15.184877], [102.9398403, 15.184858], [102.9398665, 15.1848119], [102.9399043, 15.1847837], [102.9399495, 15.1847677], [102.9399978, 15.1847655], [102.9400349, 15.1847731], [102.9400665, 15.1847933], [102.9400898, 15.1848218], [102.9401091, 15.184867], [102.9401186, 15.1849193], [102.940128, 15.1849661], [102.9401413, 15.1849907], [102.9401704, 15.1850261], [102.940202, 15.1850449], [102.940249, 15.1850523], [102.9402902, 15.1850488], [102.9403379, 15.1850149], [102.9403845, 15.1850016], [102.9404229, 15.1849996], [102.9404811, 15.1849986], [102.9407111, 15.1850622], [102.9407566, 15.1850628], [102.9408006, 15.1850578], [102.940857, 15.1850361], [102.9408947, 15.1849996], [102.9409166, 15.1849509], [102.9409413, 15.1849035], [102.9409746, 15.1848629], [102.9410099, 15.1848471], [102.9410467, 15.1848423], [102.9411039, 15.1848565], [102.9411983, 15.184888], [102.9412773, 15.1849335], [102.9413349, 15.1849767], [102.9413742, 15.1850257], [102.9414137, 15.1850844], [102.9414394, 15.1851667], [102.9414616, 15.1852174], [102.941501, 15.1852706], [102.9415371, 15.1852989], [102.9416003, 15.1853392], [102.9416649, 15.1853726], [102.9417222, 15.185395], [102.9417694, 15.1854108], [102.9418237, 15.185425], [102.9418808, 15.1854378], [102.9419448, 15.1854422], [102.9420073, 15.1854384], [102.9420639, 15.1854263], [102.9421319, 15.1854127], [102.9422113, 15.1854058], [102.9422796, 15.1854101], [102.9423168, 15.1854205], [102.9423372, 15.1854478], [102.9423394, 15.1854891], [102.9423247, 15.1855391], [102.9422916, 15.1855976], [102.9422464, 15.1856868], [102.9422273, 15.1857299], [102.9422212, 15.1857852], [102.9422347, 15.1859009], [102.9424601, 15.1863276], [102.9425048, 15.18636], [102.9425521, 15.1863826], [102.9426094, 15.1864078], [102.9426483, 15.1864306], [102.9426787, 15.1864659], [102.9426982, 15.1865181], [102.9426977, 15.1865691], [102.9426916, 15.1866231], [102.942693, 15.1866962], [102.9426986, 15.1867679], [102.9428996, 15.1871053], [102.9429387, 15.1871433], [102.9429718, 15.1871675], [102.9430104, 15.1871807], [102.9430644, 15.1871811], [102.9431069, 15.1871721], [102.9431747, 15.1871474], [102.9433257, 15.1870882], [102.9434006, 15.1870703], [102.9434518, 15.1870694], [102.9435004, 15.1870837], [102.9435693, 15.1871184], [102.9437124, 15.1871711], [102.9437737, 15.1871797], [102.9438518, 15.1871769], [102.9439383, 15.1871671], [102.9443302, 15.1871492], [102.9444641, 15.1871648], [102.9445625, 15.187181], [102.9446797, 15.1872135], [102.9448127, 15.1872595], [102.9449177, 15.1873239], [102.9450031, 15.187408], [102.9450906, 15.1875265], [102.9451716, 15.1876051], [102.9452506, 15.1876465], [102.9453362, 15.187663], [102.9454283, 15.1876604], [102.945534, 15.1876389], [102.9456273, 15.1876299], [102.9457286, 15.1876404], [102.946178, 15.1877552], [102.9462569, 15.1877857], [102.9463233, 15.1878262], [102.9463647, 15.1878795], [102.9463787, 15.1879529], [102.946484, 15.1884783], [102.9465563, 15.1886611], [102.9466303, 15.1887929], [102.946721, 15.1888665], [102.9468113, 15.188917], [102.946937, 15.1889552], [102.9470505, 15.1889706], [102.9471992, 15.1889564], [102.9473234, 15.1889137], [102.9474894, 15.1888469], [102.9475869, 15.1888452], [102.9476997, 15.1888764], [102.9478666, 15.188935], [102.9480773, 15.1889929], [102.9481553, 15.1889915], [102.9482137, 15.1889858], [102.9482963, 15.1889654], [102.9483979, 15.1889257], [102.9485339, 15.1888949], [102.948685, 15.1888922], [102.9488365, 15.1889085], [102.9489693, 15.1889725], [102.9491166, 15.189022], [102.9492337, 15.1890294], [102.9493311, 15.189023], [102.9494574, 15.1889923], [102.949627, 15.1889373], [102.9497716, 15.1888447], [102.9498968, 15.188762], [102.9500325, 15.188717], [102.9501498, 15.1887292], [102.9502627, 15.1887698], [102.9511888, 15.1890093], [102.9513608, 15.1890773], [102.9514741, 15.1891416], [102.9515437, 15.1892114], [102.9517874, 15.1894676], [102.9518813, 15.1895322], [102.9520182, 15.1895535], [102.952297, 15.1895959], [102.9526479, 15.189585], [102.9527543, 15.1895405], [102.9528013, 15.1895011], [102.9528407, 15.189468], [102.9529122, 15.1893768], [102.9529379, 15.189332], [102.9529972, 15.1892285], [102.9530838, 15.1891654], [102.9531614, 15.1891403], [102.9532878, 15.1891239], [102.953405, 15.1891313], [102.9535572, 15.1891855], [102.9537199, 15.1892821], [102.9544735, 15.189946], [102.9545617, 15.1899681], [102.9547958, 15.1899687], [102.9549279, 15.1899901], [102.9550553, 15.1900257], [102.9551636, 15.1900807], [102.9557116, 15.1904404], [102.9558303, 15.1905283], [102.9560696, 15.1908082], [102.956347, 15.1910401], [102.9566684, 15.191276], [102.9567777, 15.1913877], [102.9568678, 15.1915092], [102.9569623, 15.191607], [102.9570413, 15.1916625], [102.9576593, 15.1918552], [102.9581193, 15.1919371], [102.9582512, 15.191949], [102.9583447, 15.1919994], [102.958439, 15.192083], [102.9585741, 15.19227], [102.9586483, 15.1923256], [102.9587216, 15.1923337], [102.9587899, 15.1923325], [102.9589016, 15.1923116], [102.9590521, 15.1922758], [102.9591496, 15.1922741], [102.9592619, 15.1922816], [102.9593947, 15.1923408], [102.9602398, 15.1926811], [102.9603623, 15.1927121], [102.9604844, 15.1927242], [102.9606057, 15.1926889], [102.9606933, 15.1926192], [102.9607005, 15.1926104], [102.9607632, 15.1925062], [102.9608305, 15.1924529], [102.9609134, 15.1924514], [102.9610022, 15.1925114], [102.961067, 15.192586], [102.9613266, 15.1929082], [102.9614204, 15.1929681], [102.9615087, 15.192995], [102.962398, 15.193093], [102.9625491, 15.1930856], [102.9627337, 15.1930492], [102.9629276, 15.1929889], [102.9637215, 15.1926766], [102.9643312, 15.1922427], [102.9644279, 15.1922188], [102.9646659, 15.19216], [102.9648298, 15.1921194], [102.9654398, 15.192158], [102.9656049, 15.1921782], [102.9657918, 15.1922631], [102.9663804, 15.19284], [102.9668032, 15.1943955], [102.9674849, 15.1962095], [102.9681787, 15.1975566], [102.9690574, 15.1987381], [102.9701889, 15.1998207], [102.9712656, 15.2014565], [102.9713653, 15.2017629], [102.9715044, 15.2022854], [102.9715888, 15.2030257], [102.9717533, 15.2036505], [102.9720334, 15.2041705], [102.9722135, 15.2043728], [102.9729902, 15.2050552], [102.9737934, 15.2058969], [102.9744704, 15.2068008], [102.9745626, 15.2069238], [102.9735377, 15.2080463], [102.9726421, 15.2086163], [102.9714617, 15.2092076], [102.9696168, 15.2101691], [102.9684256, 15.2109338], [102.9675632, 15.2116395], [102.9659867, 15.2125963], [102.9632525, 15.2144698], [102.9616299, 15.2156556], [102.9607221, 15.2164701], [102.9600641, 15.2171825], [102.9594118, 15.2182045], [102.9591562, 15.2188934], [102.9590158, 15.2194663], [102.9589276, 15.2210324], [102.9591393, 15.2233754], [102.9592354, 15.2249219], [102.9593919, 15.2261089], [102.9595997, 15.2280181], [102.9598834, 15.2303965], [102.9599997, 15.2318978], [102.96032, 15.2335423], [102.9606395, 15.2351378], [102.9607907, 15.2371641], [102.9608985, 15.2382133], [102.9608139, 15.2390704], [102.9607057, 15.2400135], [102.9606489, 15.2403445], [102.9603362, 15.2411201], [102.9602479, 15.2413318], [102.9600229, 15.2418712], [102.9596177, 15.2430884], [102.9594157, 15.2443998], [102.9591505, 15.2455245], [102.9590308, 15.2460322], [102.9588315, 15.246818], [102.9585183, 15.2475691], [102.9584974, 15.2476029], [102.9581127, 15.2482236], [102.9579439, 15.248496], [102.9575288, 15.2491878], [102.9570554, 15.2502947], [102.9568261, 15.2511605], [102.9567472, 15.252078], [102.9567409, 15.252152], [102.9567645, 15.2524083], [102.9568148, 15.2525724], [102.9571107, 15.2527413], [102.9581401, 15.2530874], [102.9583954, 15.2534056], [102.9586515, 15.2537642], [102.9601134, 15.2568995], [102.960733, 15.2583873], [102.9608671, 15.2588892], [102.9609166, 15.259312], [102.9609068, 15.2598972], [102.960897, 15.2604823], [102.9608836, 15.2622767], [102.9608792, 15.262873], [102.9608734, 15.2636499], [102.9608047, 15.2644177], [102.960461, 15.2649281], [102.9590438, 15.2661469], [102.9563253, 15.2682288], [102.9555741, 15.2691701], [102.9550544, 15.2702686], [102.9550137, 15.2714192], [102.9551142, 15.2723453], [102.9556736, 15.2733643], [102.9571468, 15.2754563], [102.9580511, 15.2767719], [102.9597417, 15.2792308], [102.9598993, 15.2794688], [102.9614791, 15.2818524], [102.9628748, 15.2837504], [102.9678785, 15.2909394], [102.9677266, 15.2922254], [102.9669654, 15.2944956], [102.9660553, 15.2960873], [102.9647425, 15.297756], [102.9629443, 15.2995698], [102.9602439, 15.3018496], [102.95776, 15.3036023], [102.9549531, 15.3059402], [102.9530184, 15.3085346], [102.9522353, 15.3105515], [102.952112, 15.3129994], [102.9521343, 15.3131181], [102.952144, 15.3133048], [102.9522279, 15.3137023], [102.9522503, 15.3137943], [102.9523026, 15.313934], [102.9523857, 15.3143865], [102.9524031, 15.3146514], [102.9524206, 15.3147033], [102.9524876, 15.3147423], [102.9525706, 15.3147569], [102.9526228, 15.3147574], [102.9537231, 15.3147693], [102.954143, 15.3147738], [102.9542641, 15.3147751], [102.9542933, 15.3147906], [102.9543015, 15.3148016], [102.9543312, 15.3148417], [102.9542719, 15.3151928], [102.9542656, 15.3152974], [102.9543629, 15.3154081], [102.9544632, 15.3154586], [102.9545958, 15.3154683], [102.9548239, 15.3154814], [102.9573226, 15.3156248], [102.9574069, 15.3155649], [102.9576285, 15.3151513], [102.9578438, 15.3148892], [102.9580657, 15.3147339], [102.9581474, 15.3146879], [102.9582028, 15.3147047], [102.9582179, 15.3147757], [102.9582275, 15.3150427], [102.9582917, 15.3152865], [102.9583945, 15.3156275], [102.9584671, 15.3157074], [102.958541, 15.3158565], [102.9587067, 15.31637], [102.9588731, 15.3166788], [102.9589246, 15.3167358], [102.9589617, 15.3167529], [102.9590577, 15.3167379], [102.9593521, 15.3165323], [102.9597698, 15.3163022], [102.9600014, 15.3161734], [102.9603701, 15.3160199], [102.9608707, 15.3158018], [102.9611916, 15.3156674], [102.9612952, 15.315626], [102.9615808, 15.3155459], [102.96185, 15.3154822], [102.9620369, 15.3154414], [102.9622243, 15.3154274], [102.9627349, 15.3152844], [102.9628839, 15.3152817], [102.9631166, 15.3153312], [102.9633545, 15.3153591], [102.9637737, 15.3153463], [102.9647694, 15.3154625], [102.9648367, 15.3155202], [102.9648599, 15.3156701], [102.9649624, 15.3163322], [102.9649701, 15.3164446], [102.9650163, 15.3165563], [102.9651002, 15.3166137], [102.9660236, 15.3169937], [102.9661825, 15.3170495], [102.9673828, 15.3174709], [102.9677516, 15.3176004], [102.9677736, 15.3176076], [102.9680015, 15.3176817], [102.9683612, 15.3177342], [102.9686429, 15.3177453], [102.969079, 15.3177482], [102.9693687, 15.3177431], [102.969565, 15.3177396], [102.9695922, 15.3177391], [102.9706058, 15.3176353], [102.9712068, 15.3176032], [102.9714067, 15.3176693], [102.9716512, 15.317756], [102.9719995, 15.3177873], [102.9721171, 15.3177995], [102.9723745, 15.3178262], [102.9735867, 15.3179519], [102.9741567, 15.3180328], [102.9743352, 15.3180866], [102.974661, 15.3182457], [102.9747269, 15.3183002], [102.9747966, 15.3183968], [102.9748044, 15.3184163], [102.9748676, 15.318613], [102.9749281, 15.3188923], [102.9749761, 15.3189615], [102.97504, 15.3190369], [102.9751953, 15.3190978], [102.9754222, 15.3191885], [102.9756516, 15.3191927], [102.9761352, 15.3191552], [102.9761707, 15.3191689], [102.9761819, 15.3191781], [102.9762225, 15.3192112], [102.9763755, 15.3195483], [102.9765204, 15.3198681], [102.9765425, 15.3203246], [102.9765467, 15.3205465], [102.9765802, 15.3206131], [102.976598, 15.320623], [102.9766715, 15.3206641], [102.9767421, 15.3206823], [102.9768769, 15.3206973], [102.9769977, 15.3206864], [102.9771226, 15.3206343], [102.9771716, 15.3206311], [102.9781194, 15.320723], [102.9788295, 15.320795], [102.9794268, 15.3209025], [102.9795995, 15.3209738], [102.9797215, 15.3209891], [102.9807882, 15.3211233], [102.9811726, 15.3211864], [102.9816064, 15.3212312], [102.9817326, 15.3212289], [102.9818537, 15.3211961], [102.982114, 15.3211302], [102.9824731, 15.3210451], [102.9826435, 15.3209983], [102.9828641, 15.3209768], [102.9831826, 15.3209876], [102.983247, 15.3210079], [102.9833934, 15.3210724], [102.9835304, 15.3211618], [102.9836949, 15.3212176], [102.9837755, 15.321245], [102.9840482, 15.3213099], [102.9842731, 15.3213465], [102.9843449, 15.3213602], [102.9843861, 15.3213904], [102.9844359, 15.3214766], [102.9844528, 15.3215012], [102.9844808, 15.3215284], [102.9845105, 15.3215409], [102.9846559, 15.3215701], [102.984832, 15.3216083], [102.9847729, 15.3220735], [102.984648, 15.3225522], [102.9845679, 15.3230364], [102.9845684, 15.3233954], [102.9845768, 15.3258584], [102.9846485, 15.3266122], [102.9846441, 15.3270517], [102.9845799, 15.3273623], [102.98438, 15.32943], [102.984372, 15.329749], [102.9843546, 15.3297771], [102.9842724, 15.3297891], [102.9841399, 15.3298019], [102.9840717, 15.3298031], [102.98378, 15.3298161], [102.9836811, 15.3298205], [102.98366, 15.3298452], [102.9836529, 15.329931], [102.9836538, 15.3299825], [102.9836476, 15.3299907], [102.9836506, 15.3304858], [102.9837254, 15.333418], [102.98379, 15.3337944], [102.9837915, 15.3338748], [102.9837219, 15.333907], [102.9834237, 15.3339866], [102.9831503, 15.3340286], [102.9828255, 15.334053], [102.9825833, 15.3340635], [102.9823792, 15.334061], [102.9821306, 15.3340654], [102.9820157, 15.3340613], [102.9818241, 15.3340461], [102.9816263, 15.3340435], [102.981512, 15.3340703], [102.9814736, 15.3340943], [102.9814082, 15.334203], [102.9813359, 15.3343305], [102.9812093, 15.3343842], [102.981051, 15.3344221], [102.9807368, 15.3344955], [102.9804562, 15.334559], [102.9804043, 15.3345785], [102.9802218, 15.3346473], [102.9801572, 15.3346695], [102.9801176, 15.3347427], [102.9799769, 15.3350748], [102.9799517, 15.3351407], [102.9799423, 15.3351916], [102.979908, 15.3353776], [102.9798875, 15.3354411], [102.9798475, 15.3354909], [102.9796956, 15.3356105], [102.9796337, 15.3356592], [102.9795437, 15.3357301], [102.9790059, 15.3363311], [102.9787721, 15.3365808], [102.9787135, 15.3366636], [102.9786979, 15.336734], [102.9786969, 15.3368042], [102.978703, 15.3368719], [102.9787048, 15.336884], [102.9787773, 15.3373615], [102.9788435, 15.3376759], [102.9788789, 15.3378903], [102.9789038, 15.3380437], [102.9789552, 15.3383588], [102.9789773, 15.338508], [102.9790035, 15.3386221], [102.9791293, 15.339029], [102.9791483, 15.3391432], [102.9791609, 15.3392996], [102.9791452, 15.3394869], [102.9791403, 15.3397722], [102.9791368, 15.3399817], [102.9791187, 15.3402109], [102.9790977, 15.3404873], [102.9790593, 15.3412253], [102.9791196, 15.341838], [102.9791213, 15.3419288], [102.9791035, 15.3419763], [102.9774121, 15.3440712], [102.9795493, 15.3493373], [102.9797001, 15.3496237], [102.9816507, 15.3533283], [102.9836766, 15.3569732], [102.983855, 15.3572289], [102.9849288, 15.3587175], [102.98524, 15.3596956], [102.9856693, 15.3610446], [102.9862214, 15.3651282], [102.9861736, 15.3667548], [102.9861574, 15.3673048], [102.9861325, 15.3675574], [102.9860689, 15.3682021], [102.986046, 15.3688424], [102.9860692, 15.3691175], [102.9861027, 15.3695153], [102.9861071, 15.3696048], [102.9861606, 15.3707086], [102.9862439, 15.3720536], [102.9863277, 15.3734444], [102.9863456, 15.3737404], [102.9863581, 15.3739473], [102.985175, 15.3741745], [102.9839057, 15.3743402], [102.9805336, 15.3745623], [102.9791239, 15.3745034], [102.9778221, 15.3744491], [102.9763239, 15.3742499], [102.9752969, 15.3742129], [102.9750097, 15.374222], [102.9731597, 15.3742804], [102.9720684, 15.3744362], [102.9718938, 15.3744754], [102.9700889, 15.3748807], [102.9697134, 15.375036], [102.9691865, 15.3752539], [102.9663292, 15.37601], [102.9625162, 15.3774948], [102.9579366, 15.38041], [102.9562911, 15.3817575], [102.9556208, 15.3823184], [102.9550974, 15.382734], [102.9554115, 15.3832225], [102.9541109, 15.3864473], [102.9541109, 15.3878447], [102.9542595, 15.3897078], [102.9531446, 15.3909619], [102.9528102, 15.3921442], [102.952576, 15.3943966], [102.9526003, 15.3972605], [102.9532992, 15.3985669], [102.9538669, 15.3997398], [102.9539245, 15.3998825], [102.9536775, 15.4000108], [102.9536377, 15.4000533], [102.9535157, 15.4001412], [102.9533368, 15.4001928], [102.9532784, 15.4002097], [102.9526854, 15.4003874], [102.9523963, 15.4005168], [102.9521473, 15.4006627], [102.9519426, 15.4008206], [102.951835, 15.4009682], [102.951806, 15.4010716], [102.9517861, 15.4011876], [102.951801, 15.4012731], [102.9519531, 15.4016089], [102.9519684, 15.4017158], [102.9518858, 15.4019352], [102.9518759, 15.4019617], [102.9517927, 15.4022375], [102.951756, 15.4023967], [102.9517553, 15.4024351], [102.9517546, 15.4024782], [102.9517498, 15.4027697], [102.9517439, 15.4029283], [102.951729, 15.4030743], [102.9517109, 15.4032846], [102.9517385, 15.4035756], [102.9517831, 15.4038319], [102.9518753, 15.404036], [102.9519238, 15.4041147], [102.9521078, 15.4044132], [102.952346, 15.4046319], [102.9525127, 15.4048003], [102.9527662, 15.4050014], [102.9528087, 15.405035], [102.9529833, 15.4051562], [102.9532995, 15.405292], [102.9534146, 15.4053071], [102.9535824, 15.4053041], [102.9537016, 15.4052977], [102.9538606, 15.4052462], [102.9539255, 15.4052251], [102.9540923, 15.4051664], [102.9542813, 15.4051202], [102.9545192, 15.4050817], [102.9548061, 15.4050723], [102.9550628, 15.4050935], [102.9552534, 15.4051286], [102.9554849, 15.4052231], [102.9557163, 15.4053132], [102.9559485, 15.4054419], [102.9561277, 15.4055759], [102.9563614, 15.405786], [102.9565191, 15.4059503], [102.9566532, 15.4062651], [102.956728, 15.4064823], [102.9567323, 15.4067093], [102.9566886, 15.4069673], [102.9563856, 15.4076478], [102.9561674, 15.4081379], [102.9561356, 15.4083271], [102.9561359, 15.4085756], [102.9561574, 15.4087767], [102.9562199, 15.4090455], [102.9564734, 15.4098338], [102.9565669, 15.4100186], [102.9565744, 15.4100335], [102.9566431, 15.4101608], [102.9567426, 15.4102833], [102.9568321, 15.410346], [102.9569398, 15.4104341], [102.9570734, 15.4104874], [102.9572379, 15.4105445], [102.9573795, 15.4105591], [102.957539, 15.410582], [102.9577245, 15.4105787], [102.9577848, 15.4105765], [102.959163, 15.410527], [102.9593844, 15.410519], [102.959556, 15.4104817], [102.9597048, 15.4104105], [102.9598622, 15.410322], [102.9603525, 15.4098504], [102.9613078, 15.4089805], [102.961407, 15.4088502], [102.9614664, 15.4087248], [102.9614996, 15.4086085], [102.9615215, 15.4083681], [102.9615207, 15.4080939], [102.9617629, 15.4068853], [102.9617822, 15.4067393], [102.9617745, 15.4065637], [102.961741, 15.4064314], [102.9617034, 15.4063121], [102.961635, 15.4061976], [102.9615393, 15.4060451], [102.9614, 15.405919], [102.9612923, 15.4058309], [102.9611628, 15.4057604], [102.9609848, 15.4056907], [102.9607235, 15.4056568], [102.9603433, 15.4056421], [102.9600555, 15.4056044], [102.959825, 15.4055657], [102.9588464, 15.4052103], [102.9584351, 15.4051833], [102.9584061, 15.4051808], [102.9581917, 15.405162], [102.9579918, 15.4051012], [102.9578311, 15.4050141], [102.9577321, 15.4049173], [102.9576367, 15.4047819], [102.957581, 15.4046372], [102.9575785, 15.4045086], [102.9575991, 15.4044245], [102.9576195, 15.4043408], [102.9579974, 15.4035326], [102.9580714, 15.4034756], [102.9581857, 15.4034436], [102.9583051, 15.4034543], [102.9585667, 15.4035819], [102.9590765, 15.4038305], [102.959228, 15.4039007], [102.9593257, 15.4039246], [102.9594497, 15.4039439], [102.9595516, 15.4039592], [102.9596841, 15.4039568], [102.9597857, 15.403955], [102.9601358, 15.4038258], [102.9606762, 15.4036263], [102.9607494, 15.4035728], [102.9608283, 15.403495], [102.9609158, 15.4034463], [102.9610036, 15.403419], [102.9611135, 15.4033913], [102.9612282, 15.4033807], [102.9613563, 15.4033827], [102.9613905, 15.4033831], [102.9614977, 15.4033845], [102.9616348, 15.4033949], [102.9618032, 15.4034219], [102.9619412, 15.4034751], [102.9625197, 15.4039319], [102.9626455, 15.4040411], [102.9635978, 15.4055933], [102.963725, 15.4059932], [102.9637598, 15.406194], [102.9638331, 15.4063341], [102.9639241, 15.4064739], [102.9640365, 15.4065747], [102.9641976, 15.4066876], [102.9647569, 15.4070071], [102.9654329, 15.4072955], [102.9655432, 15.4073346], [102.9655707, 15.4073444], [102.9657033, 15.4073463], [102.9658225, 15.4073442], [102.9659944, 15.407324], [102.9661715, 15.4072738], [102.9662361, 15.4072554], [102.9663464, 15.4072491], [102.9665187, 15.4072504], [102.9666963, 15.4072943], [102.9668518, 15.407343], [102.966868, 15.4073546], [102.9669504, 15.4074141], [102.9670584, 15.4075193], [102.9671173, 15.4075996], [102.9671593, 15.4077146], [102.9671886, 15.4078641], [102.9671554, 15.4079761], [102.9670776, 15.4080675], [102.9668998, 15.4082421], [102.9662955, 15.4085229], [102.9662158, 15.4085368], [102.9659719, 15.4085795], [102.9651696, 15.40872], [102.9651507, 15.4087233], [102.965019, 15.4087642], [102.9648924, 15.4088436], [102.9648126, 15.4089521], [102.9647933, 15.4089782], [102.9647389, 15.4091378], [102.9647383, 15.4091648], [102.9647339, 15.4093393], [102.9647649, 15.4095744], [102.9648695, 15.4097354], [102.9649819, 15.4098363], [102.9652214, 15.4101191], [102.9657513, 15.4105725], [102.9659298, 15.4106679], [102.9660343, 15.4107182], [102.9661528, 15.4107753], [102.9662828, 15.4108758], [102.9664091, 15.411015], [102.9666826, 15.4114601], [102.9667076, 15.4116096], [102.9666869, 15.4119185], [102.966615, 15.4123184], [102.9665906, 15.4124303], [102.96665, 15.413462], [102.9666091, 15.4136342], [102.9665721, 15.4137805], [102.966419, 15.4140918], [102.966332, 15.4141662], [102.9659948, 15.4144929], [102.9657494, 15.4147314], [102.9656776, 15.4148336], [102.9656353, 15.4149329], [102.9656344, 15.4150187], [102.9656338, 15.4150829], [102.965643, 15.4151675], [102.9656552, 15.4152797], [102.9656847, 15.4154377], [102.9657223, 15.4155571], [102.9657916, 15.4157187], [102.9658695, 15.415863], [102.9659241, 15.4159477], [102.9660148, 15.4160704], [102.966026, 15.416081], [102.9662397, 15.4162849], [102.9663621, 15.4164456], [102.9664264, 15.4165773], [102.9664558, 15.4167267], [102.9664811, 15.4168977], [102.9664597, 15.4171681], [102.9664353, 15.4172757], [102.9663533, 15.41738], [102.9662093, 15.4174725], [102.966172, 15.4174988], [102.9659652, 15.417644], [102.9658799, 15.417671], [102.9651176, 15.417912], [102.9648818, 15.4180124], [102.9648292, 15.41808], [102.9647824, 15.4181709], [102.9647094, 15.4183388], [102.9646693, 15.4184986], [102.9646459, 15.4186619], [102.9646484, 15.4187947], [102.9646615, 15.4190173], [102.9646717, 15.4190623], [102.9647194, 15.4192734], [102.9648064, 15.4194347], [102.9648659, 15.419545], [102.9649336, 15.419621], [102.9650637, 15.4197258], [102.9652335, 15.4198256], [102.9653628, 15.4198876], [102.9655367, 15.4199744], [102.9657409, 15.4200265], [102.9659095, 15.4200621], [102.9660998, 15.4200801], [102.966312, 15.4200892], [102.9665549, 15.4200805], [102.967239, 15.4200469], [102.9674061, 15.4200053], [102.9684908, 15.4194331], [102.9686483, 15.4193531], [102.9688676, 15.4192678], [102.9690524, 15.4192259], [102.9692113, 15.4192188], [102.9693924, 15.4192198], [102.9695919, 15.4192548], [102.9698139, 15.4193151], [102.9702149, 15.4194922], [102.970474, 15.4196418], [102.970654, 15.4198143], [102.9708709, 15.4200676], [102.9710033, 15.4202966], [102.9710783, 15.4205224], [102.9711037, 15.4206977], [102.9710996, 15.4209463], [102.9710195, 15.4211449], [102.9709297, 15.4213007], [102.970907, 15.4213269], [102.9706876, 15.4215793], [102.9703105, 15.4219632], [102.970251, 15.4220843], [102.9701964, 15.4222353], [102.9701778, 15.4223415], [102.9701685, 15.4223943], [102.9701847, 15.4225483], [102.9702232, 15.4227147], [102.9706618, 15.4241725], [102.9706968, 15.4243862], [102.9707094, 15.4245831], [102.9707086, 15.4247717], [102.9706726, 15.4249694], [102.970583, 15.4251382], [102.9704963, 15.4252254], [102.9703205, 15.4253321], [102.9702779, 15.4253579], [102.970156, 15.4254501], [102.9700604, 15.4255375], [102.97, 15.4256115], [102.9699575, 15.4256979], [102.9699525, 15.4257764], [102.9699507, 15.4258052], [102.9699532, 15.425938], [102.9699778, 15.4260704], [102.9700022, 15.42619], [102.9700936, 15.4263512], [102.9701203, 15.4263964], [102.9702214, 15.4265674], [102.970356, 15.4266722], [102.9704766, 15.4267429], [102.9706725, 15.4268251], [102.9708503, 15.4268819], [102.9711429, 15.4269323], [102.9720723, 15.4271671], [102.9721728, 15.4271924], [102.9723861, 15.4272057], [102.9725355, 15.427215], [102.9731902, 15.4272556], [102.9734692, 15.4272935], [102.9737041, 15.4273321], [102.9739976, 15.427434], [102.9745405, 15.4276386], [102.9752821, 15.4280667], [102.9755289, 15.4282679], [102.9756514, 15.4284372], [102.9757302, 15.4286329], [102.9758872, 15.4289857], [102.976068, 15.4292011], [102.9763321, 15.4293806], [102.9764879, 15.4294421], [102.977663, 15.4294381], [102.9778868, 15.4294043], [102.9781252, 15.4293484], [102.9783579, 15.4292714], [102.9785683, 15.4291846], [102.9785858, 15.4291773], [102.9787031, 15.4290724], [102.978825, 15.4289759], [102.9789674, 15.4287976], [102.9790232, 15.4287212], [102.9790403, 15.4286979], [102.9790879, 15.4286326], [102.9791947, 15.4284421], [102.9793017, 15.4282602], [102.979342, 15.4280581], [102.9793473, 15.4278694], [102.9793375, 15.4271751], [102.9793349, 15.4269869], [102.9793046, 15.4267903], [102.978968, 15.4253564], [102.9789617, 15.4252022], [102.9789597, 15.4251551], [102.9789568, 15.4250009], [102.9789855, 15.4248847], [102.9790366, 15.4247888], [102.9790872, 15.4246936], [102.9791007, 15.4246683], [102.9791901, 15.4244953], [102.9792398, 15.4243187], [102.9792495, 15.4241343], [102.979238, 15.4239931], [102.9792079, 15.4238051], [102.9791205, 15.4236223], [102.9789892, 15.4234576], [102.9788448, 15.4232973], [102.9785585, 15.4231139], [102.9783306, 15.4229766], [102.9779955, 15.4227812], [102.9776653, 15.4226071], [102.977268, 15.4223914], [102.9769911, 15.4222335], [102.9769731, 15.4222167], [102.9767932, 15.4220485], [102.9765852, 15.4217994], [102.9764524, 15.4215532], [102.9763325, 15.4212896], [102.9762806, 15.4211149], [102.9762675, 15.4208923], [102.9762756, 15.4206221], [102.9763067, 15.4203987], [102.976364, 15.4201577], [102.976452, 15.4199076], [102.9765461, 15.4197473], [102.9767634, 15.4194593], [102.9767788, 15.4194389], [102.9769305, 15.4192862], [102.9770202, 15.419126], [102.9770923, 15.4189661], [102.9771589, 15.418755], [102.9772405, 15.4183978], [102.9773233, 15.4181049], [102.9774126, 15.4179233], [102.9775456, 15.4177152], [102.9775842, 15.4176616], [102.9777177, 15.4174764], [102.9778857, 15.4172506], [102.9780257, 15.4171096], [102.9781501, 15.4169844], [102.9783677, 15.4168134], [102.9785776, 15.4166982], [102.9788705, 15.4165387], [102.9791341, 15.4164611], [102.9793762, 15.4164139], [102.9807204, 15.4162441], [102.9810106, 15.4161746], [102.9819122, 15.4159613], [102.9821545, 15.4159269], [102.9822872, 15.4159374], [102.982438, 15.4159647], [102.9828087, 15.4161766], [102.9829384, 15.41626], [102.9830642, 15.4163734], [102.9832269, 15.4165634], [102.9833813, 15.4167834], [102.9834469, 15.4169794], [102.9834671, 15.4171119], [102.9834648, 15.4172519], [102.983463, 15.4173605], [102.9833703, 15.4175936], [102.9833159, 15.4177574], [102.9832831, 15.4178865], [102.9832868, 15.4180793], [102.9833166, 15.4182545], [102.9834494, 15.4185007], [102.9835196, 15.4187051], [102.9835711, 15.4188584], [102.983601, 15.4190115], [102.9836103, 15.4190592], [102.9836189, 15.4192818], [102.9835909, 15.4194323], [102.9835226, 15.4195578], [102.9834538, 15.4196576], [102.9833973, 15.4197078], [102.9833452, 15.4197539], [102.9831745, 15.4198341], [102.983014, 15.4199026], [102.9829334, 15.419937], [102.9827691, 15.4201199], [102.9826609, 15.4202376], [102.9825347, 15.4204537], [102.9822288, 15.4209781], [102.9819847, 15.4214888], [102.9819272, 15.4216092], [102.9819033, 15.421736], [102.9818429, 15.4220564], [102.9817633, 15.4222259], [102.9816099, 15.4225521], [102.9815707, 15.4226355], [102.9815585, 15.4226615], [102.9814206, 15.422844], [102.9813515, 15.4229007], [102.9813435, 15.4229072], [102.9813031, 15.4229403], [102.9811476, 15.423043], [102.9809884, 15.4231174], [102.9805715, 15.423262], [102.9803436, 15.4233604], [102.9802216, 15.4234483], [102.9800964, 15.4236005], [102.9800809, 15.4237122], [102.9800699, 15.4238546], [102.9800455, 15.4241723], [102.9800419, 15.4242186], [102.9800498, 15.4242468], [102.98017, 15.4246792], [102.9804446, 15.4252652], [102.9804648, 15.4253081], [102.9805351, 15.4255211], [102.9806761, 15.4260316], [102.9807059, 15.4261394], [102.9808082, 15.4264033], [102.9808177, 15.4264264], [102.9808448, 15.4264921], [102.980873, 15.4265607], [102.9809159, 15.4266128], [102.9809635, 15.4266705], [102.9810758, 15.426767], [102.9812138, 15.4268246], [102.9813559, 15.4268606], [102.9815371, 15.4268659], [102.9816828, 15.4268633], [102.9819117, 15.4268163], [102.9821714, 15.4267645], [102.9823874, 15.4267435], [102.9826215, 15.4267393], [102.98275, 15.4267584], [102.9829102, 15.4268198], [102.9830506, 15.4268612], [102.9830746, 15.4268683], [102.9831946, 15.4269047], [102.9832964, 15.4269157], [102.983438, 15.426926], [102.9835966, 15.426906], [102.9837551, 15.4268775], [102.9839776, 15.4267763], [102.9841736, 15.4266872], [102.984491, 15.4265428], [102.9845018, 15.4265343], [102.984652, 15.4264157], [102.984769, 15.4262979], [102.9848373, 15.4261724], [102.9848828, 15.4260087], [102.9848938, 15.4258928], [102.984895, 15.4257256], [102.9848328, 15.4254006], [102.9848165, 15.4253156], [102.9848007, 15.4251831], [102.9848586, 15.4249947], [102.9849099, 15.4248854], [102.9850809, 15.4245867], [102.9852103, 15.4244215], [102.9853538, 15.4243032], [102.9854893, 15.4242236], [102.9855988, 15.4241745], [102.9861744, 15.4240099], [102.9865757, 15.4239727], [102.9871698, 15.4238506], [102.9881232, 15.4235163], [102.9882812, 15.4234444], [102.9883586, 15.4234092], [102.9884849, 15.4233038], [102.9885108, 15.4232822], [102.9886451, 15.4231469], [102.9887136, 15.42303], [102.9887244, 15.423013], [102.9887908, 15.4229086], [102.9888363, 15.4227493], [102.9888644, 15.4225988], [102.9888705, 15.4224572], [102.9888637, 15.4223331], [102.9888434, 15.422192], [102.988757, 15.422065], [102.9886669, 15.4219724], [102.9885327, 15.4218848], [102.9880429, 15.4216737], [102.9877308, 15.4215392], [102.987587, 15.421409], [102.9874892, 15.4212862], [102.9874557, 15.4212442], [102.9874089, 15.4211079], [102.9873842, 15.4209669], [102.9873638, 15.4208259], [102.9873532, 15.4202732], [102.987337, 15.4201193], [102.9872588, 15.4199535], [102.9871632, 15.4198095], [102.9870545, 15.4196658], [102.9868748, 15.4195105], [102.9863655, 15.4192154], [102.9861693, 15.4191203], [102.9860021, 15.4189084], [102.985866, 15.4187358], [102.9858414, 15.4185916], [102.9858361, 15.4185606], [102.9858472, 15.4184447], [102.9858847, 15.4183283], [102.9859659, 15.4181855], [102.986074, 15.4180592], [102.9862442, 15.4179533], [102.9868389, 15.4177178], [102.9870664, 15.4176276], [102.9879893, 15.417262], [102.9883244, 15.4171302], [102.9885374, 15.4170465], [102.9887518, 15.4169398], [102.9889478, 15.4168044], [102.9890003, 15.4167682], [102.989144, 15.4166584], [102.9894382, 15.4163317], [102.9894525, 15.416308], [102.9896472, 15.4159861], [102.9896568, 15.4159702], [102.9898364, 15.4156732], [102.9900213, 15.4154042], [102.9902069, 15.415178], [102.9904368, 15.4149553], [102.9906327, 15.4148061], [102.9906647, 15.4147861], [102.9909296, 15.4146207], [102.991223, 15.4144869], [102.9915212, 15.4143701], [102.9918374, 15.4142744], [102.9920749, 15.4142187], [102.9923215, 15.41418], [102.9925154, 15.4141551], [102.9927274, 15.4141513], [102.9928913, 15.4141741], [102.9930334, 15.4142143], [102.9931983, 15.4142885], [102.9934035, 15.414392], [102.9935425, 15.4145009], [102.9940863, 15.4152153], [102.9958079, 15.416997], [102.9960293, 15.4172544], [102.9962019, 15.4174999], [102.9981045, 15.4206539], [102.9982672, 15.4210752], [102.9983201, 15.4213014], [102.9983236, 15.4214813], [102.9983261, 15.4216161], [102.998329, 15.4217641], [102.998425, 15.4222088], [102.9984424, 15.4222891], [102.998781, 15.4229906], [102.9990568, 15.4235508], [102.9992655, 15.4238342], [102.9997817, 15.4243025], [103.0000481, 15.424499], [103.000422, 15.4247748], [103.000574, 15.4249481], [103.0007111, 15.4252105], [103.0007353, 15.425321], [103.0007564, 15.4255557], [103.0007265, 15.4258433], [103.000691, 15.4260625], [103.0006972, 15.4263881], [103.0007162, 15.4266877], [103.0008427, 15.4270626], [103.0009939, 15.427347], [103.0011981, 15.4276261], [103.0014181, 15.4278605], [103.0016068, 15.4279744], [103.0018561, 15.4280728], [103.0020155, 15.4280913], [103.0021879, 15.4280968], [103.0024813, 15.4280915], [103.0025235, 15.4280907], [103.0028059, 15.4280727], [103.0029688, 15.4280441], [103.0030456, 15.428021], [103.0033334, 15.4279347], [103.0036283, 15.4278739], [103.0037207, 15.4278548], [103.0045468, 15.4277574], [103.0055786, 15.4276846], [103.0057979, 15.4276806], [103.0070136, 15.4278975], [103.0074449, 15.428037], [103.0089346, 15.4285024], [103.0122184, 15.4295283], [103.0123148, 15.4296015], [103.0124451, 15.4297003], [103.0125483, 15.4299828], [103.0125606, 15.4301844], [103.0124972, 15.4305045], [103.0122868, 15.4315664], [103.0121731, 15.4317798], [103.0119961, 15.4320687], [103.0118169, 15.4322491], [103.0116251, 15.432384], [103.0114096, 15.4325079], [103.0113277, 15.432533], [103.0111519, 15.4325868], [103.0108701, 15.4326376], [103.00871, 15.4324196], [103.0080441, 15.4324088], [103.0076206, 15.4324393], [103.0073455, 15.43253], [103.0070709, 15.4326492], [103.0068789, 15.4327727], [103.0066949, 15.4330045], [103.0066692, 15.4330652], [103.0066047, 15.4332176], [103.0065393, 15.433493], [103.0065318, 15.433716], [103.0065528, 15.433887], [103.0065914, 15.4340578], [103.0066829, 15.4342218], [103.0067744, 15.4343858], [103.0070983, 15.4346885], [103.0074115, 15.4349003], [103.0076107, 15.4349878], [103.007873, 15.4351488], [103.009367, 15.4362588], [103.0096228, 15.4363913], [103.009765, 15.4364344], [103.0100693, 15.4365086], [103.009978, 15.4370473], [103.0099343, 15.4374508], [103.009875, 15.4377547], [103.0098345, 15.4379684], [103.0097997, 15.4381221], [103.0097343, 15.4382269], [103.0097032, 15.4382769], [103.009619, 15.4383616], [103.0095171, 15.43841], [103.0094142, 15.4384152], [103.0093394, 15.4383933], [103.0093073, 15.4383839], [103.0092234, 15.4383022], [103.0091749, 15.4382296], [103.0091421, 15.4381805], [103.0090431, 15.4380259], [103.0089832, 15.4379438], [103.0088924, 15.4378623], [103.0088053, 15.437794], [103.0087052, 15.4377625], [103.0086125, 15.4377575], [103.0084928, 15.4377763], [103.008401, 15.4378213], [103.0083196, 15.4378693], [103.0082114, 15.4379511], [103.0081001, 15.4380497], [103.0079745, 15.4381185], [103.0078788, 15.4381369], [103.0077859, 15.4381252], [103.0076925, 15.4380837], [103.0076295, 15.4380182], [103.0075589, 15.4379197], [103.0074713, 15.4378248], [103.007364, 15.4377735], [103.0072299, 15.4377593], [103.0071307, 15.437771], [103.0070219, 15.4378229], [103.0069207, 15.4379113], [103.0068343, 15.4380008], [103.0068063, 15.4380298], [103.0066558, 15.4382322], [103.0064443, 15.4384723], [103.0063751, 15.4385439], [103.0063232, 15.4385976], [103.0060627, 15.4387887], [103.0058797, 15.4389084], [103.0058153, 15.438981], [103.0057958, 15.4390031], [103.0057803, 15.4390899], [103.0057898, 15.4392295], [103.0057999, 15.4393957], [103.0058243, 15.4395949], [103.0058136, 15.4397549], [103.0057953, 15.4398717], [103.0057527, 15.4399756], [103.0057029, 15.4400597], [103.0056391, 15.440134], [103.0055513, 15.4402088], [103.0054025, 15.440318], [103.0053329, 15.4403667], [103.0052705, 15.4404103], [103.0050531, 15.4405273], [103.0048626, 15.4406106], [103.004553, 15.440746], [103.0044172, 15.4408217], [103.004313, 15.4409334], [103.0043041, 15.4409535], [103.0042374, 15.4411045], [103.004196, 15.4412716], [103.0041623, 15.4414818], [103.0041369, 15.4415888], [103.0040668, 15.4416899], [103.0039515, 15.4417619], [103.0039245, 15.4417666], [103.0038455, 15.4417804], [103.0036676, 15.4418069], [103.0035347, 15.4418526], [103.0034259, 15.4419045], [103.0033551, 15.441969], [103.0032646, 15.4420771], [103.0032046, 15.4421714], [103.003192, 15.4422027], [103.0031522, 15.4423021], [103.0030849, 15.4425495], [103.0030083, 15.4428471], [103.002951, 15.4430777], [103.0028852, 15.4434051], [103.0028355, 15.4436755], [103.002827, 15.4437688], [103.002849, 15.4438383], [103.0029017, 15.4439072], [103.0029916, 15.4439422], [103.0032628, 15.4439506], [103.00365, 15.4439237], [103.0038252, 15.4439371], [103.0039184, 15.4439654], [103.0039745, 15.4440276], [103.0039905, 15.4441438], [103.0039824, 15.4442604], [103.0039437, 15.4443876], [103.0038738, 15.444502], [103.0037962, 15.4445666], [103.0036973, 15.4446017], [103.0036148, 15.4446205], [103.0035709, 15.4446306], [103.0033935, 15.4446338], [103.0033549, 15.4446345], [103.0031142, 15.4446089], [103.0028799, 15.4445565], [103.0027173, 15.4444863], [103.002534, 15.4444097], [103.0023924, 15.444359], [103.0023305, 15.4443535], [103.0022725, 15.4443679], [103.002222, 15.4444187], [103.0021722, 15.4445061], [103.0021524, 15.4445781], [103.0021401, 15.4446231], [103.0021283, 15.4447232], [103.0021298, 15.4447997], [103.0021727, 15.4448888], [103.0022231, 15.4450143], [103.0022425, 15.4451304], [103.0022376, 15.4452304], [103.002199, 15.4453642], [103.0020963, 15.4455557], [103.0019766, 15.4457575], [103.00186, 15.4459053], [103.001755, 15.4460078], [103.0016135, 15.4461401], [103.0014853, 15.4462556], [103.0013947, 15.4463604], [103.0011941, 15.4466369], [103.0010546, 15.4468723], [103.0009918, 15.4470028], [103.0009754, 15.4470368], [103.0009566, 15.4471337], [103.0009553, 15.4472435], [103.0009725, 15.4474229], [103.0009972, 15.4476387], [103.0010296, 15.4478977], [103.0010525, 15.4481968], [103.0010568, 15.4484197], [103.0010541, 15.448636], [103.0010428, 15.4487627], [103.0009758, 15.4490235], [103.0009248, 15.449224], [103.0008423, 15.4493986], [103.0007435, 15.44961], [103.0006069, 15.4498221], [103.0004821, 15.4499375], [103.0003601, 15.4500163], [103.0003129, 15.4500316], [103.000176, 15.4500762], [103.0000949, 15.4501111], [102.9999344, 15.4501803], [102.9998499, 15.4502421], [102.9998347, 15.4502538], [102.9997725, 15.4503264], [102.9997364, 15.4504102], [102.9997071, 15.4504939], [102.9996759, 15.4506542], [102.9996168, 15.4507951], [102.9995605, 15.4508992], [102.9994838, 15.4510138], [102.9993587, 15.4511092], [102.9991754, 15.4512123], [102.9989577, 15.4513128], [102.9987601, 15.4513862], [102.9987361, 15.4513976], [102.9985765, 15.4514727], [102.9985524, 15.451483], [102.9981409, 15.451657], [102.9979569, 15.4517235], [102.9978472, 15.4517288], [102.9977608, 15.4516938], [102.9976286, 15.451603], [102.9974921, 15.4514624], [102.9973911, 15.451381], [102.9972975, 15.4513328], [102.9971943, 15.451318], [102.9970985, 15.4513331], [102.9970693, 15.4513425], [102.9969792, 15.4513718], [102.9968682, 15.451487], [102.9968283, 15.4515576], [102.9968037, 15.4517044], [102.996764, 15.4519614], [102.9967353, 15.452075], [102.9966817, 15.4521392], [102.9966686, 15.452146], [102.9965696, 15.4521978], [102.9964197, 15.4522538], [102.9962597, 15.4523199], [102.9961374, 15.452382], [102.9960569, 15.45248], [102.9960066, 15.4525408], [102.9959776, 15.452594], [102.995937, 15.4526685], [102.9958821, 15.4528458], [102.9958077, 15.4530834], [102.9957322, 15.4532612], [102.9956596, 15.4533671], [102.9956421, 15.4533926], [102.995521, 15.4535212], [102.995486, 15.4535784], [102.9954778, 15.4535919], [102.9954657, 15.4536786], [102.9954948, 15.4537646], [102.9955908, 15.4539393], [102.9956483, 15.4540747], [102.9956639, 15.4541709], [102.9956553, 15.4542609], [102.9956264, 15.4543612], [102.9955363, 15.454496], [102.9955191, 15.4545151], [102.9954389, 15.4546042], [102.9953579, 15.4546756], [102.9952354, 15.4547277], [102.9951296, 15.4547596], [102.9950513, 15.4547909], [102.9949464, 15.4548627], [102.9948694, 15.4549672], [102.9947638, 15.4551821], [102.9946644, 15.4553703], [102.99454, 15.455682], [102.9944326, 15.4559834], [102.994407, 15.4560661], [102.9943776, 15.4561613], [102.9943518, 15.4562444], [102.9942977, 15.4564617], [102.9942933, 15.4565234], [102.9942869, 15.456615], [102.9942796, 15.4567715], [102.9942925, 15.4569077], [102.9943408, 15.4570999], [102.9944451, 15.4573509], [102.9945493, 15.4575919], [102.9947334, 15.4578881], [102.9950868, 15.4584242], [102.9951811, 15.4585123], [102.9952437, 15.4585544], [102.9953231, 15.4585829], [102.9954434, 15.4585941], [102.995587, 15.4585649], [102.995709, 15.4584895], [102.9959123, 15.4583527], [102.9961695, 15.458165], [102.9962747, 15.4581065], [102.9963534, 15.4580951], [102.9964635, 15.4581098], [102.9965676, 15.4581711], [102.9966963, 15.4582653], [102.996811, 15.4583398], [102.9969392, 15.458404], [102.9970982, 15.4584677], [102.9972603, 15.4585114], [102.9973643, 15.458566], [102.9974617, 15.4586342], [102.9975427, 15.4587425], [102.9975968, 15.458878], [102.9976125, 15.4589193], [102.997651, 15.4590201], [102.9976565, 15.4590399], [102.9976878, 15.4591525], [102.9976973, 15.4592888], [102.9976902, 15.459452], [102.9976549, 15.4595953], [102.9975476, 15.4597396], [102.9973083, 15.4598934], [102.9971261, 15.4599608], [102.9968346, 15.4600729], [102.9965064, 15.4601785], [102.9961637, 15.4602986], [102.995828, 15.4604043], [102.9955076, 15.4605382], [102.9952316, 15.4606927], [102.9949561, 15.4608685], [102.9947316, 15.4610292], [102.9945304, 15.4612535], [102.9943003, 15.4615069], [102.9940787, 15.461817], [102.9938369, 15.46222], [102.9936669, 15.4625435], [102.9935137, 15.4629734], [102.9934036, 15.4633598], [102.9933257, 15.463888], [102.9932735, 15.4642307], [102.993204, 15.4648157], [102.9931382, 15.4652085], [102.9930184, 15.4658514], [102.9929351, 15.4664865], [102.9929055, 15.4668572], [102.9929178, 15.4671133], [102.9929824, 15.4674182], [102.9932591, 15.4680682], [102.9933464, 15.4684083], [102.9933429, 15.4686078], [102.9933167, 15.468772], [102.9932381, 15.4688873], [102.9930641, 15.4689972], [102.9928964, 15.4690572], [102.9927277, 15.4690674], [102.992588, 15.4690556], [102.9924839, 15.4689863], [102.9924078, 15.4688857], [102.9923936, 15.4688669], [102.992271, 15.4685986], [102.9921017, 15.4681959], [102.9918769, 15.4675735], [102.9917622, 15.4673335], [102.991553, 15.467145], [102.9909521, 15.4668142], [102.9904495, 15.4666381], [102.9901398, 15.4665654], [102.9898534, 15.4665563], [102.9895602, 15.466583], [102.9892682, 15.4666665], [102.9888157, 15.4668029], [102.9884211, 15.4668954], [102.988194, 15.4669209], [102.9880177, 15.4669169], [102.9878185, 15.4668636], [102.9875814, 15.4667468], [102.9872628, 15.4665959], [102.9868641, 15.466475], [102.9866289, 15.4664578], [102.9863429, 15.4664772], [102.9860434, 15.4665538], [102.9856199, 15.4666683], [102.9853425, 15.4667516], [102.985118, 15.4669122], [102.9850028, 15.4670282], [102.9849423, 15.4671454], [102.9849249, 15.4671791], [102.9848921, 15.4673791], [102.9848811, 15.4675715], [102.984878, 15.4677922], [102.9848909, 15.4680839], [102.9849258, 15.4683751], [102.9849892, 15.4686161], [102.9849778, 15.4687871], [102.9849122, 15.4689126], [102.9848904, 15.4689544], [102.9846998, 15.4692236], [102.9844578, 15.4695318], [102.9841403, 15.4699931], [102.9837371, 15.4706367], [102.9836591, 15.4707612], [102.9831656, 15.4715674], [102.9825559, 15.472439], [102.9822389, 15.4729257], [102.9821268, 15.4732062], [102.9820314, 15.4736762], [102.9819996, 15.4740564], [102.9819455, 15.4746396], [102.9818394, 15.4752364], [102.9817779, 15.4761108], [102.9816332, 15.4767336], [102.9814629, 15.4773821], [102.9811361, 15.4780335], [102.9809139, 15.4784257], [102.9806253, 15.4787945], [102.9803902, 15.4791288], [102.9803109, 15.4792416], [102.9799615, 15.4797818], [102.9797254, 15.4801065], [102.979597, 15.480301], [102.9794418, 15.4806313], [102.9794163, 15.4807012], [102.9793372, 15.4809179], [102.9792039, 15.4812407], [102.9790835, 15.4814707], [102.9788185, 15.4818172], [102.9785656, 15.4820282], [102.978341, 15.4821817], [102.9781504, 15.4822488], [102.9780639, 15.4822793], [102.9778512, 15.4822902], [102.9776158, 15.482266], [102.9769869, 15.4820139], [102.9758687, 15.4815072], [102.9753813, 15.481279], [102.975239, 15.4812124], [102.9751763, 15.4811735], [102.9750607, 15.4811017], [102.9750169, 15.4810404], [102.9750004, 15.4810173], [102.9749614, 15.480897], [102.9749426, 15.4806838], [102.9749212, 15.4803353], [102.9749483, 15.4798293], [102.9749676, 15.4793022], [102.9749468, 15.4789822], [102.9748951, 15.4785844], [102.9747639, 15.4782522], [102.9746484, 15.4779695], [102.9744972, 15.4777373], [102.9742949, 15.4775273], [102.9740491, 15.4773395], [102.9738121, 15.4772299], [102.9734204, 15.4770945], [102.9730521, 15.4770299], [102.9727502, 15.4769855], [102.9724347, 15.4769912], [102.9720402, 15.4770909], [102.9718931, 15.4771623], [102.9717056, 15.4772535], [102.9714736, 15.4774072], [102.9712432, 15.4776462], [102.9709843, 15.4779285], [102.9709352, 15.4779685], [102.9707602, 15.4781106], [102.9705422, 15.4782414], [102.970528, 15.47825], [102.9702208, 15.4783125], [102.9700987, 15.4783112], [102.9699712, 15.4783098], [102.9696764, 15.4782511], [102.9696366, 15.4782376], [102.9693956, 15.4781564], [102.9691659, 15.4780466], [102.9687952, 15.477854], [102.9685871, 15.4777224], [102.9682703, 15.477664], [102.9680063, 15.4776759], [102.9677281, 15.4777165], [102.9675018, 15.4777846], [102.9672981, 15.4778808], [102.9671677, 15.4779757], [102.9671036, 15.4780765], [102.9670643, 15.4783264], [102.9670466, 15.4785546], [102.9670503, 15.4787467], [102.9670687, 15.4789386], [102.9670882, 15.4791946], [102.9670922, 15.479401], [102.967037, 15.479587], [102.9669293, 15.4797171], [102.9667274, 15.4799059], [102.9665031, 15.4800808], [102.9663521, 15.4802472], [102.9662523, 15.4803985], [102.9661889, 15.480542], [102.9661484, 15.4807279], [102.9661378, 15.4809416], [102.966142, 15.4811623], [102.9662051, 15.4813889], [102.9663048, 15.481615], [102.9664562, 15.4818543], [102.966734, 15.4821768], [102.9669443, 15.4824222], [102.9670205, 15.4825704], [102.9670685, 15.482776], [102.9670641, 15.4829327], [102.9670389, 15.4831467], [102.9669149, 15.4835761], [102.9667897, 15.4839414], [102.9665893, 15.4845929], [102.9664845, 15.4848724], [102.966371, 15.4850809], [102.9662121, 15.4852191], [102.9660742, 15.4852998], [102.9658256, 15.4853541], [102.9657955, 15.4853562], [102.9655396, 15.4853735], [102.9652235, 15.4853507], [102.9649438, 15.485313], [102.9647516, 15.4852453], [102.9644855, 15.4851504], [102.9642262, 15.4850269], [102.9639072, 15.4848546], [102.963647, 15.4846813], [102.9633807, 15.4845793], [102.963094, 15.484556], [102.9628004, 15.4845612], [102.9624632, 15.4845886], [102.9615924, 15.4847395], [102.961402, 15.4847643], [102.9612329, 15.4847531], [102.9610406, 15.4846782], [102.9609053, 15.4845098], [102.9607266, 15.4843777], [102.9602766, 15.4842647], [102.9597537, 15.4841816], [102.9590986, 15.4840936], [102.9587307, 15.4840504], [102.9585383, 15.4839684], [102.9583738, 15.4838147], [102.958261, 15.4836743], [102.9581761, 15.4834552], [102.9581552, 15.483128], [102.9581782, 15.482793], [102.9582766, 15.4825634], [102.9584268, 15.4823543], [102.9585995, 15.4821732], [102.9587734, 15.482049], [102.9594024, 15.4819239], [102.9602584, 15.4817733], [102.9606902, 15.4817014], [102.9608505, 15.4816345], [102.9609732, 15.4815255], [102.9610581, 15.4813602], [102.9611173, 15.4809961], [102.9611626, 15.4802904], [102.961241, 15.4797836], [102.9612371, 15.4795772], [102.9611824, 15.4794073], [102.9610763, 15.4792312], [102.9608828, 15.4790923], [102.9605283, 15.4789847], [102.9600864, 15.4789072], [102.9597712, 15.4789342], [102.9594051, 15.4789835], [102.9590172, 15.4790474], [102.9584973, 15.4791208], [102.9580536, 15.4791677], [102.9577027, 15.4791739], [102.9573223, 15.4791487], [102.9568752, 15.4790886], [102.9565477, 15.4790224], [102.9561366, 15.4789056], [102.9557832, 15.4787758], [102.9553586, 15.4785992], [102.9548887, 15.4784274], [102.9544658, 15.4783388], [102.9541393, 15.4783247], [102.9539825, 15.4783355], [102.9538553, 15.4783778], [102.9537939, 15.478423], [102.9537494, 15.4784558], [102.9536479, 15.4785457], [102.9535671, 15.4786392], [102.9534786, 15.478765], [102.9534231, 15.4788821], [102.9533474, 15.4790316], [102.9532308, 15.4791939], [102.9531377, 15.4792957], [102.952987, 15.4794025], [102.9528436, 15.4794651], [102.9527039, 15.4795037], [102.9525536, 15.4795176], [102.9525432, 15.4795186], [102.9523816, 15.4794934], [102.9522275, 15.4794241], [102.9521022, 15.4793502], [102.951996, 15.479192], [102.9519144, 15.4790252], [102.9518142, 15.4787547], [102.9517053, 15.4784563], [102.9515704, 15.4780943], [102.951424, 15.4777765], [102.951198, 15.4774041], [102.9510005, 15.4772234], [102.9508624, 15.4771298], [102.9507544, 15.4770917], [102.9506385, 15.4770777], [102.9505229, 15.4770798], [102.9503669, 15.4771306], [102.950329, 15.4771493], [102.9502237, 15.4772013], [102.9500429, 15.4772967], [102.9500275, 15.4773049], [102.9497334, 15.4774743], [102.949436, 15.4776919], [102.9491662, 15.4778369], [102.9488223, 15.4779912], [102.9485483, 15.4781323], [102.9483693, 15.4782756], [102.9482444, 15.478442], [102.9481726, 15.4785755], [102.9481219, 15.4787326], [102.9481079, 15.478865], [102.948102, 15.4789336], [102.9480944, 15.4790214], [102.9480998, 15.4791432], [102.9481016, 15.4791815], [102.9481575, 15.4793006], [102.9482132, 15.4794037], [102.9483107, 15.4795382], [102.9484868, 15.4796792], [102.9487248, 15.4798151], [102.9492047, 15.4800788], [102.949305, 15.4801411], [102.949373, 15.480244], [102.9494003, 15.4803757], [102.9493998, 15.4805639], [102.9493663, 15.4807608], [102.9493166, 15.4809699], [102.9492668, 15.481171], [102.9492044, 15.4813644], [102.9491094, 15.4815823], [102.9490055, 15.4817684], [102.9488726, 15.481943], [102.9487425, 15.4820534], [102.9485714, 15.4821726], [102.9483345, 15.482313], [102.9480522, 15.4824542], [102.9476668, 15.4826013], [102.9474361, 15.4826557], [102.9473544, 15.4826749], [102.9471077, 15.4827314], [102.9468439, 15.4827601], [102.9466946, 15.4827661], [102.9466623, 15.4827674], [102.94653, 15.4827643], [102.9464682, 15.4827628], [102.9462402, 15.4827189], [102.9460159, 15.4826508], [102.9457375, 15.4825596], [102.9454046, 15.4824254], [102.944939, 15.4822655], [102.9445068, 15.4821211], [102.9444534, 15.48211], [102.9440797, 15.4820326], [102.9438681, 15.4819763], [102.9436635, 15.4818598], [102.9435459, 15.4817578], [102.9434573, 15.4816592], [102.9433677, 15.4815086], [102.9433402, 15.481365], [102.9433785, 15.4812041], [102.9434248, 15.481118], [102.9434742, 15.4810262], [102.9436276, 15.4808392], [102.9438755, 15.4806265], [102.944131, 15.4803817], [102.944354, 15.4801655], [102.9444828, 15.479987], [102.9445498, 15.4798176], [102.94458, 15.4796688], [102.944581, 15.4795046], [102.9445719, 15.4792405], [102.9445422, 15.4789847], [102.9445167, 15.4787289], [102.9445055, 15.4784294], [102.9444823, 15.4780774], [102.9445313, 15.4777561], [102.9445659, 15.4775473], [102.9445578, 15.4774139], [102.9445005, 15.4772921], [102.9443883, 15.477182], [102.9442435, 15.4770991], [102.9440498, 15.4770439], [102.9438403, 15.4770316], [102.9436702, 15.4770613], [102.9435011, 15.4771444], [102.9433814, 15.4772213], [102.9432407, 15.477352], [102.9431654, 15.4774441], [102.9430915, 15.4776163], [102.9430843, 15.4776413], [102.9430088, 15.4779007], [102.9429182, 15.4783456], [102.9428691, 15.4786615], [102.9428233, 15.4788599], [102.9427486, 15.478984], [102.9426298, 15.4791089], [102.9425101, 15.4791858], [102.9423732, 15.4792256], [102.9422192, 15.4792337], [102.9419737, 15.4791811], [102.9417983, 15.4791024], [102.9415694, 15.478941], [102.941273, 15.4786953], [102.940948, 15.4784021], [102.9407403, 15.4781922], [102.9406328, 15.4780392], [102.9406034, 15.4779383], [102.9406501, 15.477788], [102.9407084, 15.4776695], [102.9408437, 15.4775442], [102.9411159, 15.4773792], [102.9413635, 15.4772211], [102.9415892, 15.4770771], [102.9419637, 15.4768483], [102.9420845, 15.4767745], [102.9421515, 15.4767158], [102.9422524, 15.4766274], [102.9423812, 15.4764542], [102.9424662, 15.4762872], [102.9424963, 15.4761318], [102.9424761, 15.4759399], [102.942412, 15.4757542], [102.9423097, 15.4755851], [102.9421082, 15.4754125], [102.9417733, 15.4751729], [102.9414783, 15.4750072], [102.9412178, 15.4749158], [102.9410076, 15.4748661], [102.9407046, 15.4748555], [102.940468, 15.4748651], [102.9402265, 15.4749067], [102.9401576, 15.4749316], [102.9398219, 15.4750528], [102.9393901, 15.4752207], [102.93921, 15.4752933], [102.9390021, 15.4753771], [102.9388507, 15.4754346], [102.9385156, 15.475562], [102.938095, 15.4757403], [102.9377016, 15.4759022], [102.9373848, 15.476036], [102.9370688, 15.4762125], [102.9368412, 15.4764088], [102.936647, 15.4766205], [102.9364807, 15.476853], [102.9364554, 15.4769228], [102.9363656, 15.4771701], [102.9363047, 15.4774436], [102.9362727, 15.4777912], [102.9362845, 15.4781221], [102.9363215, 15.4783296], [102.9363642, 15.478458], [102.9363798, 15.4785048], [102.9364714, 15.4786847], [102.9366057, 15.4787998], [102.9367509, 15.4789094], [102.9369791, 15.4790388], [102.9373059, 15.4791398], [102.9377862, 15.479206], [102.938044, 15.4792366], [102.9382939, 15.4792663], [102.9385595, 15.4793364], [102.9388208, 15.4794652], [102.9391222, 15.4796788], [102.9393191, 15.4798995], [102.9394714, 15.4800944], [102.9395476, 15.4803386], [102.9395799, 15.480589], [102.9395797, 15.4808667], [102.9395489, 15.481147], [102.9395421, 15.4812091], [102.9394723, 15.4815948], [102.9393653, 15.4820506], [102.9393053, 15.4823667], [102.9392624, 15.4827199], [102.939254, 15.4831472], [102.939267, 15.4835421], [102.939299, 15.4840702], [102.939343, 15.4843577], [102.9394143, 15.4846341], [102.9394907, 15.4848891], [102.9395822, 15.485069], [102.9396908, 15.4852753], [102.9398319, 15.4854597], [102.9400552, 15.4856212], [102.9404707, 15.4857526], [102.9411741, 15.4859697], [102.9421933, 15.4862826], [102.9428411, 15.4864739], [102.94331, 15.4865189], [102.9437068, 15.4865332], [102.943972, 15.4865819], [102.9443218, 15.4867358], [102.9446611, 15.4869167], [102.94484, 15.4870576], [102.9449749, 15.4871994], [102.9450718, 15.4873739], [102.9451651, 15.4876499], [102.9451861, 15.4878844], [102.9451375, 15.488227], [102.9449754, 15.4886785], [102.9447177, 15.4893132], [102.9445336, 15.4897703], [102.9442513, 15.4902719], [102.9439776, 15.4906453], [102.9436646, 15.4909819], [102.9432908, 15.4913675], [102.9432379, 15.4914221], [102.9428916, 15.4917433], [102.9422607, 15.4922464], [102.9420834, 15.4923878], [102.9414481, 15.4928637], [102.941004, 15.4932561], [102.9407237, 15.4935708], [102.9405094, 15.4938843], [102.9403136, 15.4943043], [102.9401828, 15.4946697], [102.9400908, 15.4950398], [102.9400895, 15.4950559], [102.9400597, 15.4954355], [102.940036, 15.4959272], [102.9399889, 15.4963445], [102.9399372, 15.4965216], [102.939873, 15.4966242], [102.9397704, 15.4967275], [102.9396566, 15.4968257], [102.9395425, 15.4969078], [102.9394118, 15.4969849], [102.9392293, 15.4970193], [102.939046, 15.4970418], [102.938862, 15.4970259], [102.938766, 15.4969906], [102.938662, 15.4969524], [102.9384464, 15.4968359], [102.938169, 15.4966098], [102.9377817, 15.4963471], [102.9374193, 15.4960839], [102.9372634, 15.4959808], [102.9372071, 15.4958903], [102.9372156, 15.4958132], [102.9372637, 15.4957305], [102.9373555, 15.4955989], [102.9374729, 15.4955053], [102.9375713, 15.4954602], [102.9376663, 15.4954159], [102.9376894, 15.4954051], [102.9377618, 15.4953575], [102.9378022, 15.4953309], [102.9378798, 15.4952333], [102.9378866, 15.4950695], [102.9378625, 15.4948436], [102.9378335, 15.4946275], [102.9378101, 15.4944402], [102.9378231, 15.4943003], [102.9378307, 15.4942183], [102.9378923, 15.4940632], [102.9379891, 15.4939315], [102.9381259, 15.4938135], [102.9382581, 15.4937149], [102.938409, 15.4936507], [102.9384945, 15.4936144], [102.9386769, 15.4935485], [102.9388789, 15.4934679], [102.9389672, 15.4934086], [102.9390349, 15.4933159], [102.9390767, 15.4931659], [102.9390589, 15.4930122], [102.9390105, 15.4928157], [102.9389224, 15.4926198], [102.9388396, 15.4924432], [102.9387278, 15.4923056], [102.9385442, 15.4920489], [102.9383, 15.4917355], [102.9381436, 15.4916035], [102.9379732, 15.4915199], [102.9376988, 15.4914478], [102.9374397, 15.4913994], [102.9370969, 15.4913863], [102.9368438, 15.4913908], [102.9365713, 15.4914197], [102.9362747, 15.4914876], [102.9358891, 15.4915763], [102.9356076, 15.4916535], [102.9352974, 15.491789], [102.9351784, 15.4918455], [102.9351489, 15.4918595], [102.935076, 15.4918941], [102.9348894, 15.4920033], [102.9347128, 15.4921172], [102.9345713, 15.4922449], [102.9344545, 15.4923673], [102.934342, 15.492456], [102.9342185, 15.4924919], [102.9340643, 15.4924754], [102.9340011, 15.4924346], [102.9338683, 15.4923489], [102.9336609, 15.4921455], [102.9335278, 15.4919313], [102.9334385, 15.4916729], [102.9334247, 15.491471], [102.9334369, 15.4913263], [102.9334644, 15.4912055], [102.9335015, 15.49107], [102.9336183, 15.4909476], [102.9337503, 15.4908393], [102.9339367, 15.4907205], [102.9340788, 15.4906216], [102.9341768, 15.4905525], [102.934239, 15.4904262], [102.9343043, 15.4902036], [102.9342918, 15.4898091], [102.9342464, 15.4895066], [102.9341383, 15.4890415], [102.9340797, 15.4888308], [102.934013, 15.4887164], [102.9339064, 15.4885931], [102.9337855, 15.4885038], [102.9335661, 15.48845], [102.9333717, 15.4884101], [102.9330731, 15.4883721], [102.9329042, 15.4883655], [102.9326846, 15.4883068], [102.9324196, 15.4882056], [102.932125, 15.4881146], [102.9317912, 15.4880531], [102.9315479, 15.4880526], [102.9312903, 15.4880813], [102.9309691, 15.4881592], [102.9307327, 15.4882597], [102.9305362, 15.4883691], [102.9302666, 15.488552], [102.9300219, 15.4887393], [102.9297522, 15.4889174], [102.9294931, 15.489129], [102.9292735, 15.4893303], [102.9289272, 15.4896542], [102.928742, 15.489867], [102.9282065, 15.4904824], [102.928174, 15.4905197], [102.9279017, 15.4908182], [102.9278112, 15.491022], [102.9277795, 15.4911863], [102.9277678, 15.491355], [102.927775, 15.4914704], [102.9277863, 15.4915157], [102.9277978, 15.4915622], [102.927818, 15.491643], [102.9278395, 15.4916764], [102.92791, 15.4917857], [102.9280757, 15.4918839], [102.9283102, 15.4919423], [102.9284997, 15.4919871], [102.9286686, 15.4919937], [102.9288919, 15.4919897], [102.9290117, 15.4920213], [102.9291265, 15.492053], [102.9292318, 15.4921089], [102.9292931, 15.492204], [102.9293313, 15.4923815], [102.9293342, 15.4925355], [102.9293069, 15.4926708], [102.9292093, 15.4928327], [102.9291866, 15.4928703], [102.9288379, 15.4933338], [102.9285871, 15.4937234], [102.9285212, 15.4939124], [102.9285037, 15.4940379], [102.9285064, 15.4941822], [102.9285218, 15.4942441], [102.9285387, 15.4943116], [102.9285514, 15.4944607], [102.9285294, 15.4946103], [102.9283519, 15.494936], [102.9283126, 15.4949863], [102.9281115, 15.4952437], [102.9280659, 15.4953021], [102.927823, 15.4955857], [102.9275415, 15.4959229], [102.9273412, 15.4960949], [102.92712, 15.4962144], [102.9270826, 15.4962321], [102.9268346, 15.4963495], [102.9262677, 15.4965617], [102.9255517, 15.496767], [102.9246778, 15.4970233], [102.9239767, 15.4972331], [102.9236108, 15.4973118], [102.9232702, 15.4974142], [102.9230581, 15.4974902], [102.9228917, 15.4976135], [102.9227544, 15.4977074], [102.9226134, 15.4978639], [102.9225269, 15.4980147], [102.9223979, 15.4982818], [102.9223136, 15.4985529], [102.9222514, 15.4988224], [102.922231, 15.4989106], [102.9222159, 15.4991612], [102.9222152, 15.4993875], [102.9222284, 15.4995606], [102.9222923, 15.4997905], [102.9224706, 15.500288], [102.9226374, 15.5009039], [102.9227107, 15.5011744], [102.9227703, 15.5016981], [102.9228088, 15.5018996], [102.9228666, 15.5020671], [102.9229486, 15.5022004], [102.9230501, 15.502319], [102.9231312, 15.5024042], [102.9232216, 15.5024603], [102.9233097, 15.5024981], [102.9233617, 15.5025204], [102.9235405, 15.5025221], [102.9237137, 15.5024901], [102.9238268, 15.5024351], [102.923988, 15.5022927], [102.9241778, 15.5020919], [102.9242828, 15.5018686], [102.924359, 15.5016939], [102.9244162, 15.5015725], [102.9245476, 15.5014306], [102.9247882, 15.5012915], [102.9249707, 15.5012257], [102.9252183, 15.5011924], [102.9254268, 15.5011887], [102.9256007, 15.5011952], [102.9257602, 15.5012309], [102.9259308, 15.5013242], [102.9260764, 15.5014082], [102.9262534, 15.5015832], [102.9265185, 15.5019492], [102.9267687, 15.5023106], [102.9269022, 15.5025489], [102.9269301, 15.5027073], [102.9269378, 15.5028516], [102.9268914, 15.5030257], [102.9268673, 15.5030617], [102.9267707, 15.503206], [102.9266298, 15.5033674], [102.9265028, 15.5034804], [102.9263909, 15.5036027], [102.9262941, 15.5037344], [102.926222, 15.5038561], [102.926218, 15.5038745], [102.9261854, 15.5040252], [102.9261639, 15.5041989], [102.9261728, 15.5042948], [102.9261764, 15.5043335], [102.9262577, 15.5044331], [102.9262686, 15.5044379], [102.9263628, 15.5044794], [102.926542, 15.5045003], [102.9267004, 15.5044782], [102.9267586, 15.5044552], [102.9268532, 15.5044177], [102.9269849, 15.5042902], [102.9272763, 15.503948], [102.9277334, 15.503444], [102.927981, 15.503146], [102.9281481, 15.5028366], [102.9282304, 15.5026842], [102.9283361, 15.5024945], [102.9284681, 15.5023863], [102.9286153, 15.502297], [102.9287932, 15.5022505], [102.9289662, 15.5022089], [102.9292434, 15.5021655], [102.9295607, 15.5021406], [102.929859, 15.5021641], [102.9301274, 15.5021786], [102.9303912, 15.5022172], [102.9306406, 15.5022754], [102.9308251, 15.5023203], [102.9309553, 15.5023757], [102.9310762, 15.5024698], [102.9311926, 15.5025881], [102.9313408, 15.5028069], [102.9315309, 15.5031173], [102.9316962, 15.5034567], [102.9318626, 15.5038559], [102.9319752, 15.5042048], [102.9320352, 15.5045803], [102.9320528, 15.5050422], [102.9320531, 15.5055215], [102.9320153, 15.5058559], [102.9319237, 15.5061485], [102.9317706, 15.5064508], [102.931742, 15.5064905], [102.9316309, 15.5066444], [102.9314954, 15.5068323], [102.9314767, 15.5068484], [102.9313127, 15.5069899], [102.9311914, 15.5070945], [102.9310176, 15.5072189], [102.9309575, 15.507262], [102.9308605, 15.5073314], [102.9307619, 15.5073794], [102.9298372, 15.5078289], [102.9293308, 15.5081204], [102.9289131, 15.5084359], [102.928532, 15.5088193], [102.9281773, 15.5092022], [102.9276646, 15.5096307], [102.9274648, 15.5097625], [102.9272113, 15.5099297], [102.9267665, 15.5102115], [102.9263465, 15.5104073], [102.9258911, 15.5105951], [102.9250469, 15.5107642], [102.9245824, 15.5108301], [102.9242194, 15.5108816], [102.9237174, 15.5109419], [102.9233461, 15.5109143], [102.9232168, 15.510875], [102.9231331, 15.5108496], [102.9229373, 15.5107675], [102.9227944, 15.5106759], [102.922633, 15.5105418], [102.9224881, 15.5103476], [102.9222945, 15.5099145], [102.9218796, 15.5089804], [102.9216425, 15.5085738], [102.9213613, 15.5081766], [102.9211532, 15.5079064], [102.9208745, 15.5076375], [102.9204651, 15.5073455], [102.9197508, 15.5068527], [102.9192536, 15.5065534], [102.9188775, 15.5063579], [102.918488, 15.5062396], [102.9182686, 15.5061906], [102.9180398, 15.5061657], [102.9177867, 15.506175], [102.9175693, 15.506227], [102.9173324, 15.5063035], [102.9169287, 15.5064888], [102.9166385, 15.5066335], [102.9161497, 15.506777], [102.9157398, 15.506895], [102.9143108, 15.5072044], [102.9137515, 15.5072962], [102.9136565, 15.5073149], [102.9134299, 15.5073596], [102.9132179, 15.5074356], [102.9128483, 15.5075866], [102.9124068, 15.5078688], [102.9114393, 15.50843], [102.9103835, 15.5090505], [102.9100989, 15.5092337], [102.9099572, 15.5093517], [102.9098992, 15.5094394], [102.9098833, 15.509569], [102.909882, 15.5095793], [102.9098799, 15.5097286], [102.9099327, 15.5098962], [102.9099566, 15.5099558], [102.9100994, 15.510312], [102.9101726, 15.5105081], [102.9101855, 15.5106668], [102.9101583, 15.5108021], [102.9100759, 15.5109094], [102.9100553, 15.5109256], [102.9099634, 15.5109981], [102.9097476, 15.5111415], [102.9096106, 15.5112499], [102.9094889, 15.5113772], [102.909398, 15.5115617], [102.9093847, 15.5116121], [102.9093702, 15.5116669], [102.909361, 15.511702], [102.9093485, 15.5118395], [102.9093404, 15.5119287], [102.9093332, 15.512338], [102.909338, 15.512853], [102.909356, 15.5130212], [102.9093889, 15.5131843], [102.9094506, 15.5132988], [102.9095317, 15.513384], [102.9096766, 15.5134344], [102.9097965, 15.5134708], [102.9099559, 15.5134968], [102.9101062, 15.5135712], [102.9102822, 15.5136884], [102.9104751, 15.5139113], [102.9106229, 15.5141109], [102.910771, 15.5143297], [102.9108986, 15.5145152], [102.9109666, 15.5146969], [102.9110095, 15.5148647], [102.9110024, 15.515014], [102.9109959, 15.5151971], [102.9109736, 15.5153323], [102.9109458, 15.5154387], [102.9108975, 15.5155036], [102.9108441, 15.5155753], [102.9107264, 15.5156544], [102.9105485, 15.5156961], [102.9103646, 15.5156897], [102.9102147, 15.5156394], [102.9100442, 15.5155461], [102.9098727, 15.5154048], [102.9097062, 15.5152681], [102.9095305, 15.5151653], [102.9093708, 15.515094], [102.9090695, 15.5150309], [102.9087424, 15.5150025], [102.9084427, 15.5150249], [102.908117, 15.5150735], [102.9078449, 15.5151553], [102.9075149, 15.5153099], [102.9071612, 15.5155112], [102.9068701, 15.5156788], [102.9065687, 15.5158864], [102.9063046, 15.5161041], [102.9060667, 15.5163213], [102.9058731, 15.5165233], [102.9055602, 15.5169116], [102.9053529, 15.5171714], [102.9052285, 15.517293], [102.905133, 15.5173633], [102.9050222, 15.5174158], [102.9048999, 15.5174469], [102.9047847, 15.5174597], [102.9046582, 15.5174656], [102.9044943, 15.5174649], [102.9042668, 15.5174472], [102.9040247, 15.5174443], [102.9036559, 15.5174364], [102.903479, 15.517434], [102.9033058, 15.5174317], [102.9031387, 15.51746], [102.9029981, 15.5175058], [102.9027689, 15.5175965], [102.902522, 15.5177345], [102.9023446, 15.5178381], [102.9022162, 15.5179132], [102.9017693, 15.5181089], [102.9017065, 15.5181355], [102.9015292, 15.5182106], [102.9013077, 15.5183156], [102.9011829, 15.5184153], [102.9011531, 15.5184501], [102.9010918, 15.5185216], [102.901005, 15.5186568], [102.9008036, 15.5190359], [102.9006772, 15.5192439], [102.9005936, 15.5193537], [102.9005427, 15.519403], [102.9004948, 15.5194493], [102.9003553, 15.5195529], [102.9001672, 15.5196501], [102.8998832, 15.5197959], [102.8996214, 15.5199378], [102.8994881, 15.5199799], [102.8993397, 15.5200078], [102.8991391, 15.5200366], [102.8989866, 15.5200465], [102.8988153, 15.5200423], [102.8986732, 15.5200159], [102.8984973, 15.5199685], [102.8982691, 15.5199148], [102.89809, 15.5198926], [102.8978516, 15.5198896], [102.8976845, 15.5199179], [102.8974511, 15.5199834], [102.8972738, 15.5200587], [102.8970857, 15.5201559], [102.8969052, 15.5202638], [102.8967764, 15.5203419], [102.8966035, 15.5204569], [102.8964825, 15.5205566], [102.8963765, 15.5206667], [102.8962636, 15.5208023], [102.8961404, 15.5209814], [102.8960651, 15.5211344], [102.8960142, 15.5212435], [102.8960006, 15.5212728], [102.8959479, 15.5214604], [102.8955398, 15.5217169], [102.8954105, 15.5217798], [102.8953282, 15.5217929], [102.8951764, 15.5217878], [102.8950397, 15.5217386], [102.8949718, 15.5216675], [102.894925, 15.5215845], [102.8949023, 15.521439], [102.8949284, 15.5210566], [102.8950166, 15.5205814], [102.8950061, 15.5204448], [102.8949644, 15.5203513], [102.8948987, 15.520257], [102.8947693, 15.5200992], [102.8945742, 15.5199155], [102.894495, 15.5198821], [102.8943648, 15.519896], [102.8938281, 15.5201623], [102.8937004, 15.5201697], [102.8936535, 15.5201512], [102.8936036, 15.5201159], [102.8935423, 15.5200396], [102.8932528, 15.5195814], [102.8931696, 15.5194744], [102.8930228, 15.5193144], [102.8929417, 15.5192487], [102.8928743, 15.5192035], [102.8927845, 15.5191689], [102.8927034, 15.5191742], [102.8926321, 15.5192052], [102.8924464, 15.5193592], [102.8921933, 15.5195089], [102.8920438, 15.5195267], [102.8919497, 15.5195011], [102.8917887, 15.519398], [102.8917153, 15.5193116], [102.8916825, 15.5192274], [102.8917198, 15.5187245], [102.8917029, 15.5186522], [102.8915844, 15.5184909], [102.8915244, 15.5184556], [102.8914586, 15.5184387], [102.8910753, 15.5184696], [102.8909224, 15.5184693], [102.890756, 15.5184147], [102.8905859, 15.51833], [102.8905129, 15.5182647], [102.8904518, 15.518172], [102.8904028, 15.5180549], [102.8903823, 15.5179584], [102.8903859, 15.5178192], [102.8904246, 15.5175522], [102.8904197, 15.5174555], [102.8903614, 15.5173415], [102.8902754, 15.5172523], [102.8901617, 15.5171756], [102.8899888, 15.5171121], [102.8895783, 15.5170195], [102.8894993, 15.5169664], [102.8894633, 15.5168763], [102.8894586, 15.5167947], [102.8894916, 15.5167245], [102.8896823, 15.5165759], [102.8897464, 15.5164991], [102.8897887, 15.5164227], [102.8897997, 15.5163439], [102.8897859, 15.5162745], [102.8897179, 15.5161456], [102.8896294, 15.5159172], [102.8895917, 15.5157363], [102.8895952, 15.5155911], [102.889619, 15.5155301], [102.8896699, 15.5154704], [102.8897668, 15.5154216], [102.8902002, 15.5153104], [102.8903699, 15.5152076], [102.8904396, 15.5151004], [102.8905739, 15.5147743], [102.8907182, 15.5143119], [102.8907495, 15.514154], [102.8907447, 15.5140633], [102.8907242, 15.5139699], [102.8906148, 15.5137933], [102.8905068, 15.5136923], [102.8904, 15.5136549], [102.8902781, 15.5136449], [102.8900519, 15.5137276], [102.8897122, 15.5139181], [102.8895226, 15.5139578], [102.8893354, 15.513958], [102.8891978, 15.5139423], [102.8881167, 15.5137072], [102.8880076, 15.5137091], [102.8878708, 15.5137388], [102.8878029, 15.5137763], [102.8877602, 15.5138315], [102.8877255, 15.5139804], [102.8877331, 15.5140498], [102.8877853, 15.514173], [102.887954, 15.5145149], [102.8879555, 15.5145936], [102.8879293, 15.5146939], [102.8878774, 15.5147583], [102.8875658, 15.5149484], [102.8872868, 15.5150441], [102.8863371, 15.5151576], [102.8862009, 15.5152145], [102.8861455, 15.5152609], [102.8860676, 15.5154287], [102.88606, 15.5155226], [102.8860811, 15.5156493], [102.8861105, 15.5157244], [102.8862086, 15.5157923], [102.8867008, 15.5159137], [102.8874276, 15.5160643], [102.8875285, 15.51612], [102.8875437, 15.516268], [102.8874961, 15.5163899], [102.8873905, 15.5165823], [102.8873206, 15.5166804], [102.887213, 15.516767], [102.8871138, 15.5168021], [102.8865942, 15.5168899], [102.886152, 15.5171034], [102.8860278, 15.5171389], [102.885841, 15.5171603], [102.8853502, 15.5171145], [102.8850173, 15.5171688], [102.8849183, 15.5172159], [102.8847181, 15.5173556], [102.8846049, 15.5174786], [102.8845033, 15.5177164], [102.884457, 15.5179109], [102.884278, 15.5183528], [102.8842546, 15.5184349], [102.8842701, 15.518595], [102.8843366, 15.5186483], [102.8845658, 15.5187229], [102.8849345, 15.5187467], [102.8851227, 15.5187978], [102.8852785, 15.5189494], [102.8854629, 15.5193001], [102.8856008, 15.5194944], [102.8856641, 15.5195417], [102.8857612, 15.5195611], [102.8858979, 15.5195315], [102.8860525, 15.5194531], [102.8861694, 15.5193664], [102.8863747, 15.519163], [102.8865763, 15.5189265], [102.8866871, 15.5188489], [102.8868795, 15.5187911], [102.8870669, 15.5187968], [102.8871331, 15.518832], [102.8872697, 15.5189597], [102.8875355, 15.5194905], [102.8876729, 15.519827], [102.8877032, 15.5199475], [102.8876716, 15.5200903], [102.8875508, 15.5202102], [102.887397, 15.5202936], [102.8872481, 15.5203447], [102.8867616, 15.5204339], [102.8865303, 15.5205241], [102.8863659, 15.5206345], [102.8861693, 15.5207994], [102.8859405, 15.5210239], [102.8855381, 15.5214614], [102.8851616, 15.5217961], [102.8848926, 15.5219515], [102.8846516, 15.5221171], [102.8837951, 15.5225948], [102.8829981, 15.5229907], [102.8827719, 15.5230593], [102.8825452, 15.5231009], [102.8823162, 15.5230189], [102.8813675, 15.5224277], [102.8808644, 15.5222268], [102.8793317, 15.5218504], [102.8780072, 15.5216316], [102.8777292, 15.5216042], [102.8774407, 15.5216039], [102.8772802, 15.5216229], [102.8771687, 15.5215926], [102.8770901, 15.5215455], [102.8770382, 15.5214389], [102.8770078, 15.5212942], [102.8770293, 15.5209657], [102.8771202, 15.5207812], [102.8772494, 15.5205691], [102.8776025, 15.5201648], [102.877656, 15.5200617], [102.8776595, 15.5199541], [102.8776409, 15.5198468], [102.8776004, 15.5197561], [102.8775209, 15.5196606], [102.8773982, 15.5196251], [102.8772101, 15.5196553], [102.8770723, 15.5197008], [102.8767235, 15.5200404], [102.8765868, 15.520145], [102.8763888, 15.5202346], [102.8760965, 15.5203312], [102.874965, 15.5206415], [102.8745666, 15.520697], [102.8741445, 15.5206721], [102.8731429, 15.5205176], [102.87248, 15.5203732], [102.8720848, 15.5203048], [102.8718349, 15.5202877], [102.8716789, 15.5202528], [102.8715552, 15.5201689], [102.8714697, 15.5200467], [102.8713602, 15.5198281], [102.8713291, 15.5196457], [102.8713482, 15.5194786], [102.8715339, 15.5190289], [102.8719385, 15.5178169], [102.8721555, 15.517259], [102.8722143, 15.5171396], [102.8723506, 15.5170081], [102.8724312, 15.5168669], [102.8724238, 15.5161731], [102.8724938, 15.5160643], [102.8726247, 15.5159436], [102.8727566, 15.5158768], [102.8729278, 15.5158307], [102.8730487, 15.5157694], [102.8731742, 15.5156596], [102.873282, 15.515491], [102.873409, 15.5151606], [102.8735488, 15.5149215], [102.8736498, 15.5146884], [102.8736806, 15.5145534], [102.8736492, 15.5143549], [102.8732984, 15.5133982], [102.8733261, 15.5130965], [102.8735818, 15.5128284], [102.8736134, 15.5127364], [102.8735991, 15.5125646], [102.8735569, 15.5123878], [102.8734922, 15.5121899], [102.8734291, 15.512078], [102.873316, 15.5119617], [102.8731864, 15.5118564], [102.8730524, 15.5118103], [102.8728354, 15.5117765], [102.8726143, 15.511818], [102.8724935, 15.5118847], [102.8723461, 15.5120164], [102.8722214, 15.5121692], [102.8721622, 15.512267], [102.8721253, 15.5123699], [102.8721651, 15.5127188], [102.8722233, 15.5128684], [102.8723783, 15.5131454], [102.8723692, 15.5132532], [102.8723377, 15.5133452], [102.8719991, 15.5136362], [102.8714827, 15.5139088], [102.871361, 15.5139271], [102.8712326, 15.513881], [102.8710933, 15.5137751], [102.8708808, 15.5135368], [102.8707842, 15.5134901], [102.8705637, 15.513494], [102.870452, 15.5135282], [102.8702426, 15.5136771], [102.8700983, 15.5137482], [102.8699865, 15.5137784], [102.86982, 15.5137733], [102.8694249, 15.5135624], [102.8688931, 15.5131561], [102.8683284, 15.5127747], [102.8680938, 15.512686], [102.8678392, 15.5126461], [102.8676524, 15.5126696], [102.8674743, 15.512713], [102.8670071, 15.5128705], [102.8668493, 15.5128894], [102.8666867, 15.5128721], [102.8665694, 15.5128298], [102.8664201, 15.5126347], [102.8663848, 15.5125224], [102.866336, 15.5121399], [102.8663745, 15.5119698], [102.8666104, 15.5114574], [102.866792, 15.5109337], [102.8668093, 15.5107438], [102.8667695, 15.5106154], [102.8667052, 15.5105157], [102.8665779, 15.5103848], [102.8664094, 15.5102748], [102.8660622, 15.50995], [102.8658481, 15.509623], [102.8656203, 15.5092356], [102.8653728, 15.5089051], [102.8651222, 15.5086271], [102.8648219, 15.5083661], [102.8645306, 15.5081412], [102.8643546, 15.5080757], [102.8638924, 15.5080556], [102.8636473, 15.508076], [102.8627063, 15.5082619], [102.8625658, 15.5083168], [102.8624467, 15.5083996], [102.861878, 15.5091398], [102.8618012, 15.5092622], [102.8614965, 15.5101026], [102.861407, 15.5102171], [102.86126, 15.5103649], [102.8612282, 15.5104462], [102.8612195, 15.5106481], [102.8611227, 15.5114849], [102.861109, 15.5118643], [102.861134, 15.5120898], [102.8611277, 15.5121989], [102.8610955, 15.5122559], [102.8609338, 15.512287], [102.8607788, 15.5122292], [102.8605188, 15.5121208], [102.8601399, 15.5118853], [102.8598375, 15.5117333], [102.859699, 15.5116712], [102.859582, 15.5116409], [102.8594531, 15.5116472], [102.8593206, 15.5116818], [102.8591557, 15.5117654], [102.8588022, 15.5119975], [102.8586264, 15.512166], [102.8584125, 15.5125207], [102.8583531, 15.5126831], [102.8583153, 15.5128896], [102.8583139, 15.5130348], [102.858341, 15.5131513], [102.8583847, 15.5132635], [102.858617, 15.513675], [102.8586398, 15.5137795], [102.8586292, 15.5138806], [102.8585976, 15.5139699], [102.8585159, 15.514052], [102.8583879, 15.5141067], [102.8582633, 15.5141169], [102.8581258, 15.5141072], [102.8579628, 15.5140697], [102.8577782, 15.5139882], [102.8574245, 15.5137645], [102.8571925, 15.513595], [102.8567019, 15.5133938], [102.8565014, 15.5133489], [102.8561477, 15.513347], [102.8559736, 15.5133864], [102.8557426, 15.5134913], [102.8553472, 15.513712], [102.8551121, 15.513821], [102.85493, 15.5138726], [102.8547099, 15.5138966], [102.8544806, 15.5138724], [102.8543175, 15.5138268], [102.8540684, 15.5136375], [102.8538174, 15.5133393], [102.8536843, 15.5131157], [102.8535331, 15.5128198], [102.8533418, 15.5123754], [102.853214, 15.5119903], [102.8530825, 15.5111857], [102.8530127, 15.5110094], [102.8529489, 15.5109339], [102.852848, 15.5108791], [102.85271, 15.5108452], [102.852602, 15.5108512], [102.8524865, 15.5109097], [102.8520985, 15.5112997], [102.8518694, 15.5115095], [102.8517048, 15.5116092], [102.851585, 15.5116556], [102.8514897, 15.5116775], [102.851398, 15.511671], [102.8512134, 15.5115855], [102.8507129, 15.5112997], [102.8505369, 15.5112301], [102.8503745, 15.5112249], [102.8502252, 15.5112517], [102.8500692, 15.5113634], [102.8500042, 15.5114492], [102.8499767, 15.5115385], [102.8499745, 15.5116434], [102.8500099, 15.5117598], [102.850091, 15.5118673], [102.8502475, 15.5120058], [102.8513013, 15.5127337], [102.8513779, 15.5128292], [102.8513879, 15.5129178], [102.8513611, 15.5130434], [102.8512548, 15.5131461], [102.8511231, 15.513221], [102.8508206, 15.5132908], [102.8497164, 15.5134311], [102.8493175, 15.5134623], [102.8490801, 15.5134463], [102.848896, 15.513393], [102.8487154, 15.5133033], [102.8484585, 15.5131384], [102.8482552, 15.5129442], [102.8479595, 15.5127073], [102.8477739, 15.5125694], [102.8475972, 15.5124635], [102.8471343, 15.5124111], [102.846568, 15.5123887], [102.8460011, 15.512334], [102.8457936, 15.5123618], [102.845554, 15.5124548], [102.8453858, 15.5125828], [102.8449696, 15.5130298], [102.8447765, 15.5131622], [102.8443511, 15.513331], [102.8438839, 15.5134925], [102.8429442, 15.513755], [102.8425339, 15.5138428], [102.8419152, 15.5139141], [102.8416865, 15.5139221], [102.8414028, 15.5138786], [102.8411099, 15.5137909], [102.8403619, 15.5136224], [102.8397122, 15.5135893], [102.8388006, 15.5135729], [102.838568, 15.5135931], [102.8384063, 15.5136242], [102.8383031, 15.5136704], [102.838188, 15.513745], [102.8381111, 15.5138593], [102.8380592, 15.5139812], [102.8380362, 15.5140865], [102.8380254, 15.5141755], [102.8380361, 15.5143044], [102.8381511, 15.5146736], [102.8381791, 15.5148385], [102.838182, 15.5149958], [102.8381594, 15.5151253], [102.8380787, 15.5152598], [102.8379883, 15.5153219], [102.8378888, 15.5153398], [102.8377429, 15.5153262], [102.8375371, 15.5152249], [102.837209, 15.5150329], [102.8369448, 15.5149205], [102.8367739, 15.5149033], [102.836645, 15.5149095], [102.8365006, 15.5149766], [102.8363691, 15.5150677], [102.8362506, 15.5151827], [102.8362192, 15.5152841], [102.8362049, 15.5154094], [102.8362153, 15.5155222], [102.8362881, 15.5156379], [102.8366982, 15.5159858], [102.836855, 15.5161405], [102.8369366, 15.5162762], [102.8369509, 15.5163728], [102.8369363, 15.516486], [102.8369007, 15.5165835], [102.8366935, 15.5169243], [102.8366025, 15.5169868], [102.83654, 15.5170119], [102.8363964, 15.5170188], [102.8363395, 15.5169805], [102.8361338, 15.5167967], [102.8358628, 15.5164688], [102.8357157, 15.5163672], [102.835547, 15.5162966], [102.8353151, 15.5162241], [102.8350967, 15.5162004], [102.8345877, 15.5161755], [102.8344008, 15.5161451], [102.8342577, 15.5160925], [102.8341364, 15.5160241], [102.8340529, 15.515949], [102.8339843, 15.5158247], [102.8339541, 15.5157272], [102.8339488, 15.5156109], [102.8339957, 15.5150772], [102.8339744, 15.514949], [102.8339026, 15.5148216], [102.8338349, 15.5147462], [102.833694, 15.5146415], [102.8334372, 15.5145909], [102.8333113, 15.5146145], [102.833252, 15.5146553], [102.8331655, 15.5147579], [102.8331167, 15.5148506], [102.8330647, 15.5151149], [102.8330518, 15.5154397], [102.8330322, 15.5155748], [102.8329712, 15.5156953], [102.8328541, 15.5158504], [102.8326862, 15.5160052], [102.8323053, 15.5162366], [102.8320892, 15.5163323], [102.8318879, 15.5163817], [102.8317398, 15.5163996], [102.8316099, 15.5163773], [102.8314668, 15.5163216], [102.8313133, 15.5162232], [102.831217, 15.5161361], [102.8311097, 15.5159695], [102.8310694, 15.5158416], [102.8310591, 15.5156244], [102.8310912, 15.5154829], [102.8312775, 15.5151398], [102.8313949, 15.5149938], [102.832009, 15.5145605], [102.8321864, 15.5144166], [102.8322794, 15.5143201], [102.8323681, 15.5141623], [102.8325438, 15.5137581], [102.8326037, 15.5135825], [102.8326202, 15.5134506], [102.8326121, 15.5133527], [102.8325085, 15.5130483], [102.8324268, 15.5128966], [102.8323232, 15.5127575], [102.8322739, 15.5126542], [102.8322566, 15.5125719], [102.8323036, 15.5123842], [102.8324146, 15.5122384], [102.8325017, 15.5121664], [102.8328203, 15.5119741], [102.8333118, 15.5117359], [102.8334426, 15.5116387], [102.8336067, 15.5114582], [102.8336428, 15.5113626], [102.8336195, 15.5111242], [102.8335599, 15.5109752], [102.8334814, 15.5108295], [102.8334071, 15.510739], [102.833305, 15.5106825], [102.8331527, 15.5106454], [102.8328751, 15.5106655], [102.8326679, 15.5107334], [102.8325808, 15.5108023], [102.8324982, 15.5109477], [102.8323009, 15.5113829], [102.8322363, 15.5114759], [102.8321428, 15.5115418], [102.8320391, 15.5115712], [102.831806, 15.5116028], [102.8316858, 15.5115926], [102.831549, 15.5115429], [102.8314625, 15.511474], [102.8313847, 15.5113682], [102.8313322, 15.5112588], [102.8311882, 15.5108173], [102.8311057, 15.5106228], [102.8310399, 15.510483], [102.83092, 15.5103167], [102.8307911, 15.5101781], [102.8306406, 15.5100674], [102.8302702, 15.5098502], [102.8300071, 15.5096282], [102.8298716, 15.5094713], [102.8298098, 15.5093744], [102.8297881, 15.5092278], [102.8297918, 15.5089123], [102.8298517, 15.5087336], [102.8301959, 15.5080509], [102.830259, 15.5078722], [102.8302692, 15.5077403], [102.8302537, 15.5075874], [102.8301571, 15.507142], [102.8301332, 15.506876], [102.8301291, 15.5066525], [102.830146, 15.5063736], [102.8302183, 15.5058395], [102.8302143, 15.5056221], [102.8301294, 15.5054705], [102.8300526, 15.5054167], [102.8299316, 15.5053637], [102.8297891, 15.5053447], [102.8296376, 15.5053473], [102.829389, 15.5053976], [102.8293014, 15.505445], [102.8291154, 15.505632], [102.8290033, 15.5058881], [102.8289571, 15.5061278], [102.828959, 15.5062257], [102.8289987, 15.5063261], [102.8292404, 15.5067568], [102.8292965, 15.5068905], [102.8293144, 15.5070035], [102.8293121, 15.507221], [102.8292854, 15.5073133], [102.829224, 15.5074093], [102.829062, 15.5075316], [102.828946, 15.5075795], [102.8288201, 15.5076031], [102.8287063, 15.5075959], [102.8285634, 15.5075555], [102.8282832, 15.5074318], [102.8280644, 15.5073804], [102.8277162, 15.5073405], [102.8274033, 15.5073276], [102.8272522, 15.5073517], [102.8271486, 15.5073871], [102.8270551, 15.5074561], [102.8268288, 15.5076836], [102.8260086, 15.5085921], [102.8258547, 15.5088121], [102.825825, 15.5089168], [102.8258294, 15.5091525], [102.8258637, 15.5094704], [102.8259095, 15.5095553], [102.8260047, 15.5095843], [102.8261154, 15.5095885], [102.8261937, 15.5095535], [102.8262528, 15.5095065], [102.8263491, 15.5092476], [102.8264105, 15.5091516], [102.826476, 15.5091045], [102.8265451, 15.509085], [102.826624, 15.5090836], [102.8268051, 15.5091386], [102.8273377, 15.5094203], [102.827386, 15.5094685], [102.8274125, 15.5095385], [102.8274211, 15.5096608], [102.8273868, 15.5098574], [102.8273189, 15.5099413], [102.8272347, 15.5100009], [102.8271063, 15.5100613], [102.8263162, 15.5102036], [102.826134, 15.5102558], [102.8260306, 15.5103005], [102.8258409, 15.5104599], [102.8255531, 15.5107803], [102.8254278, 15.5110091], [102.8253819, 15.5112641], [102.8253913, 15.5114262], [102.8254368, 15.5114959], [102.8255171, 15.511568], [102.8256289, 15.5116365], [102.8259977, 15.511771], [102.8263188, 15.5118278], [102.8266619, 15.51186], [102.8267749, 15.5118961], [102.8268551, 15.5119819], [102.8268687, 15.5121123], [102.8268497, 15.5122977], [102.826808, 15.5124727], [102.8266927, 15.5126162], [102.8265105, 15.5127827], [102.8263405, 15.5130034], [102.8261604, 15.5132842], [102.8256886, 15.5138858], [102.8254115, 15.5140811], [102.8252771, 15.5141052], [102.8251253, 15.5140915], [102.8249331, 15.5140241], [102.8246716, 15.513849], [102.8243811, 15.5136254], [102.824211, 15.5135358], [102.8240592, 15.5135221], [102.8238656, 15.5135265], [102.823023, 15.5136598], [102.8228816, 15.5136078], [102.8223781, 15.5130993], [102.8221546, 15.5128528], [102.8218584, 15.5126238], [102.8214551, 15.5123694], [102.8212055, 15.5122322], [102.8206749, 15.5120835], [102.8204551, 15.5120383], [102.820191, 15.5120266], [102.8195857, 15.5120861], [102.819284, 15.5121675], [102.8189829, 15.5122816], [102.8181903, 15.5125403], [102.8178662, 15.5126221], [102.8176087, 15.5126647], [102.8173616, 15.5126856], [102.817038, 15.5126509], [102.8169176, 15.5126239], [102.8167063, 15.5125471], [102.8166176, 15.5124882], [102.8161543, 15.5127227], [102.8160185, 15.5127417], [102.8159609, 15.512733], [102.8159045, 15.5127048], [102.8158023, 15.5126092], [102.8156689, 15.512453], [102.8156142, 15.5124386], [102.8155699, 15.5124477], [102.8155203, 15.5124792], [102.815372, 15.512682], [102.8152433, 15.5127774], [102.814959, 15.5128421], [102.8148951, 15.5128752], [102.8148557, 15.5129148], [102.8147167, 15.513155], [102.8143263, 15.5139154], [102.814296, 15.5140633], [102.8143231, 15.5142102], [102.8143948, 15.514291], [102.8145219, 15.5143389], [102.8146988, 15.5143636], [102.8147833, 15.514358], [102.8149503, 15.5143134], [102.8150815, 15.5141985], [102.8151796, 15.5140731], [102.8152603, 15.5140146], [102.8154137, 15.514012], [102.8154456, 15.5140323], [102.8155007, 15.5141412], [102.8155002, 15.5141954], [102.8154646, 15.5142837], [102.8154225, 15.5143358], [102.8153038, 15.5144338], [102.8152535, 15.5145042], [102.8151869, 15.5146958], [102.8150967, 15.5147798], [102.814986, 15.5148641], [102.8146699, 15.5150475], [102.8143967, 15.5151676], [102.8142626, 15.5152688], [102.8139461, 15.515805], [102.8136649, 15.5162251], [102.8135741, 15.5164607], [102.8135591, 15.516573], [102.8136011, 15.5166382], [102.8141657, 15.5168361], [102.8142521, 15.5169137], [102.8142846, 15.5170186], [102.8142799, 15.5171308], [102.8142308, 15.5172338], [102.8141476, 15.5173308], [102.8140233, 15.5174154], [102.8138106, 15.5174916], [102.8130994, 15.517639], [102.8129441, 15.5176977], [102.8128979, 15.5177743], [102.8128729, 15.5178934], [102.8128818, 15.5180053], [102.8129533, 15.5181986], [102.8130328, 15.5182664], [102.8131702, 15.5183464], [102.8133107, 15.5184066], [102.8136206, 15.5184375], [102.8139641, 15.5184448], [102.8140567, 15.5184893], [102.8141785, 15.5186421], [102.8141805, 15.5187509], [102.8141526, 15.5188964], [102.81406, 15.5190364], [102.8139194, 15.5191575], [102.8137914, 15.519219], [102.8135852, 15.5192852], [102.8132155, 15.5193312], [102.8131005, 15.5193595], [102.8130468, 15.5193967], [102.8130141, 15.5194698], [102.8130384, 15.5198682], [102.813085, 15.5199992], [102.8131334, 15.5200412], [102.813277, 15.5200849], [102.8137098, 15.5199588], [102.8138016, 15.5199605], [102.8138496, 15.5199827], [102.813906, 15.5200938], [102.8139547, 15.5203369], [102.813965, 15.5205246], [102.8139469, 15.5206501], [102.8138573, 15.5207703], [102.8137669, 15.5208477], [102.813659, 15.5208957], [102.8135267, 15.5209079], [102.8134343, 15.5208765], [102.8132387, 15.5207777], [102.8129521, 15.5205355], [102.8128321, 15.5204782], [102.8126113, 15.5204886], [102.8124457, 15.5205409], [102.8123346, 15.5206022], [102.8122171, 15.5206833], [102.8121507, 15.5207669], [102.8121256, 15.5208794], [102.8122439, 15.5221364], [102.812236, 15.5222651], [102.8122136, 15.522338], [102.8121632, 15.5223718], [102.8120546, 15.5223803], [102.8119113, 15.5223531], [102.81145, 15.5222227], [102.8113103, 15.5222053], [102.8111846, 15.5222141], [102.8110969, 15.5222485], [102.8110271, 15.5223387], [102.8109746, 15.5224385], [102.8109552, 15.5226762], [102.810989, 15.5228503], [102.8111836, 15.5236347], [102.8112333, 15.5237492], [102.8113815, 15.523862], [102.8114705, 15.5238934], [102.811892, 15.5238894], [102.8120621, 15.5238997], [102.8121237, 15.5239217], [102.8121827, 15.5239866], [102.8122424, 15.5240877], [102.8122549, 15.524216], [102.8122403, 15.5243481], [102.8120952, 15.524588], [102.8119543, 15.5246893], [102.811752, 15.5247818], [102.811522, 15.5248451], [102.8109626, 15.5249273], [102.8108344, 15.5249822], [102.8107139, 15.5250832], [102.8106308, 15.5251868], [102.8104562, 15.5254931], [102.810307, 15.5257], [102.8099761, 15.5260056], [102.8098748, 15.5260437], [102.8098002, 15.5260548], [102.8096911, 15.5260369], [102.8096052, 15.525989], [102.8095393, 15.5259143], [102.8094507, 15.5257214], [102.8093077, 15.5253382], [102.8091995, 15.5251852], [102.809099, 15.5250814], [102.8089894, 15.5250372], [102.8088293, 15.5250169], [102.8086082, 15.5250141], [102.8083567, 15.5250151], [102.8081701, 15.5250381], [102.808062, 15.5250763], [102.8080086, 15.5251266], [102.8079591, 15.5252099], [102.8079262, 15.5254544], [102.8080477, 15.5259599], [102.8080713, 15.5261341], [102.8080501, 15.5262762], [102.8079878, 15.5264026], [102.8077872, 15.5265873], [102.8075621, 15.5267296], [102.8071851, 15.5269339], [102.8067617, 15.5272049], [102.8065148, 15.5272751], [102.8063653, 15.5272777], [102.8062424, 15.5272534], [102.8059989, 15.5271357], [102.8054992, 15.5267653], [102.8054098, 15.5267141], [102.8053141, 15.5266861], [102.8052396, 15.5267005], [102.8051321, 15.5267716], [102.8049526, 15.5269955], [102.8048871, 15.5271318], [102.8048792, 15.5272572], [102.8049013, 15.5273491], [102.8049567, 15.5274009], [102.8051693, 15.5275027], [102.8053034, 15.5275861], [102.8053866, 15.5276736], [102.8054082, 15.5277392], [102.8054037, 15.5278645], [102.8053255, 15.5280471], [102.804974, 15.5285278], [102.8047875, 15.5287387], [102.8046932, 15.5287865], [102.8046117, 15.5287945], [102.8045365, 15.5287694], [102.804372, 15.5286997], [102.804248, 15.5286129], [102.8034934, 15.527881], [102.803319, 15.5276401], [102.8032902, 15.5275516], [102.8032822, 15.5274858], [102.8033116, 15.5272381], [102.8033127, 15.5271095], [102.8032906, 15.5270176], [102.8032184, 15.5269727], [102.8031025, 15.5269549], [102.8029904, 15.5269635], [102.8028587, 15.5270086], [102.8027005, 15.527097], [102.8024298, 15.5273522], [102.8023346, 15.5274919], [102.8022818, 15.5276217], [102.8022437, 15.5277707], [102.8022236, 15.5279688], [102.8022328, 15.5281038], [102.8023898, 15.5285032], [102.8024162, 15.5286445], [102.8024116, 15.5287665], [102.8023603, 15.5289355], [102.802255, 15.5291252], [102.8020786, 15.5293326], [102.8019381, 15.529457], [102.801844, 15.5295146], [102.8016166, 15.5295383], [102.8015209, 15.5295103], [102.8013727, 15.5293975], [102.8012475, 15.5292448], [102.8010549, 15.5289416], [102.8007519, 15.5281755], [102.8006676, 15.5280253], [102.8005949, 15.5279574], [102.8004889, 15.5279229], [102.8003598, 15.5279285], [102.8002582, 15.52795], [102.8001507, 15.5280211], [102.8000441, 15.5281383], [102.7999153, 15.5283481], [102.7998463, 15.5286591], [102.7998425, 15.5288273], [102.7998627, 15.5291862], [102.7999268, 15.5295312], [102.800163, 15.5299853], [102.800217, 15.5301525], [102.8002258, 15.5302578], [102.800207, 15.5303471], [102.8001133, 15.5304278], [102.7999777, 15.53045], [102.799855, 15.5304356], [102.7996653, 15.530362], [102.7993879, 15.5301734], [102.7989325, 15.5298153], [102.7987092, 15.5296841], [102.7985351, 15.5296475], [102.7984127, 15.5296496], [102.798284, 15.5296716], [102.7981796, 15.5297261], [102.7979961, 15.5299172], [102.797829, 15.5302596], [102.7977652, 15.5304914], [102.7976869, 15.5306674], [102.7975976, 15.5308041], [102.797477, 15.5309018], [102.7967979, 15.5311343], [102.796697, 15.5311921], [102.7966238, 15.531279], [102.7965854, 15.5314115], [102.7965783, 15.5315798], [102.7966084, 15.5317375], [102.7966754, 15.5318682], [102.7967487, 15.5319724], [102.7968899, 15.5320721], [102.797065, 15.532168], [102.7973256, 15.5322854], [102.7974829, 15.5323388], [102.7977461, 15.5325979], [102.7981514, 15.5331941], [102.7984096, 15.5337401], [102.798607, 15.5343102], [102.7987559, 15.5346439], [102.7988432, 15.5347676], [102.7989109, 15.5349378], [102.7989236, 15.5350728], [102.7989227, 15.5352079], [102.7988987, 15.5353863], [102.7988017, 15.5358429], [102.7987598, 15.5359655], [102.7986946, 15.5360521], [102.7986092, 15.5361], [102.7984841, 15.5361351], [102.7978655, 15.5361458], [102.7976595, 15.5362185], [102.7975046, 15.5363003], [102.7974309, 15.5363609], [102.7972525, 15.5366441], [102.7971872, 15.5367936], [102.7971001, 15.5370489], [102.7970381, 15.5373763], [102.7970371, 15.5375048], [102.7971516, 15.537816], [102.7973328, 15.5380568], [102.7974576, 15.5381865], [102.7978512, 15.5385192], [102.7981834, 15.5388332], [102.7984799, 15.5390555], [102.7986588, 15.5391711], [102.7989916, 15.5395413], [102.798981, 15.5396863], [102.7989414, 15.5397496], [102.798857, 15.5397807], [102.7987651, 15.539779], [102.7984127, 15.5396565], [102.7980209, 15.5396106], [102.7978502, 15.539574], [102.7974524, 15.5393896], [102.797275, 15.5393531], [102.7966379, 15.539285], [102.7960948, 15.5392041], [102.7958598, 15.5391897], [102.7957662, 15.5392055], [102.7957127, 15.5392448], [102.795682, 15.5393307], [102.7956293, 15.5397177], [102.7956142, 15.540008], [102.7956105, 15.5401729], [102.795626, 15.5402814], [102.7956553, 15.540393], [102.7957251, 15.5404906], [102.7958843, 15.5406461], [102.7960219, 15.5407327], [102.796159, 15.5407897], [102.7963054, 15.5408037], [102.7964107, 15.5407986], [102.7964847, 15.5407544], [102.7967997, 15.5405018], [102.7968771, 15.5404609], [102.7969518, 15.5404563], [102.7970202, 15.5404782], [102.7970551, 15.5405271], [102.7970572, 15.5411547], [102.7970264, 15.5416041], [102.7969967, 15.5417959], [102.7969437, 15.5418877], [102.7968349, 15.5419198], [102.7967801, 15.5419151], [102.7963843, 15.5418085], [102.795026, 15.5415741], [102.7948072, 15.5415076], [102.7946907, 15.5414158], [102.7945854, 15.541277], [102.7944811, 15.5411909], [102.7943421, 15.5411933], [102.7941554, 15.5412317], [102.793988, 15.5413283], [102.7932128, 15.5419042], [102.792761, 15.5421297], [102.792651, 15.5422402], [102.7926099, 15.5424152], [102.7926486, 15.5425357], [102.7926885, 15.5425805], [102.7928127, 15.5426768], [102.7929377, 15.5427293], [102.7932348, 15.5427769], [102.7940636, 15.5428154], [102.7941794, 15.5428661], [102.7942774, 15.5429406], [102.7943587, 15.5430857], [102.7943896, 15.543742], [102.7945289, 15.5441088], [102.794617, 15.5442754], [102.7947215, 15.5444153], [102.7952794, 15.5449891], [102.7955136, 15.5453344], [102.7956559, 15.5454968], [102.795811, 15.5456095], [102.7961399, 15.5457422], [102.7962123, 15.545797], [102.7962513, 15.5458886], [102.7962468, 15.5460107], [102.7962114, 15.5461201], [102.7961481, 15.5461937], [102.7960205, 15.5462816], [102.7959051, 15.5462901], [102.7956101, 15.5461469], [102.7950216, 15.5455736], [102.7947728, 15.5453571], [102.7946129, 15.5451654], [102.794459, 15.5449307], [102.7943688, 15.5448334], [102.7942695, 15.5447955], [102.7941227, 15.5447651], [102.7936431, 15.5447536], [102.7934531, 15.5447733], [102.7933247, 15.5448151], [102.7932343, 15.5448925], [102.7931887, 15.5450053], [102.7931749, 15.545177], [102.7931925, 15.5455788], [102.7931756, 15.5457735], [102.7931276, 15.5459359], [102.7930494, 15.5461185], [102.7929603, 15.5462684], [102.7929318, 15.5463842], [102.792938, 15.5465357], [102.7930343, 15.5469659], [102.793074, 15.5472783], [102.7930782, 15.547509], [102.7930638, 15.547651], [102.7930116, 15.5477705], [102.7929517, 15.5478375], [102.7928572, 15.5478787], [102.7927071, 15.5478739], [102.7920489, 15.5477443], [102.7916085, 15.5476464], [102.7914098, 15.5475608], [102.7912962, 15.5474836], [102.791233, 15.547376], [102.7911932, 15.5472481], [102.7910386, 15.5462323], [102.7909823, 15.5461277], [102.7908858, 15.5460536], [102.7907453, 15.5459934], [102.7906089, 15.5459727], [102.79027, 15.5460345], [102.7898962, 15.5462321], [102.7895198, 15.5464693], [102.7894269, 15.5465995], [102.7893829, 15.5467914], [102.7893778, 15.5468871], [102.7894232, 15.5471368], [102.7894318, 15.5474234], [102.7892953, 15.5479499], [102.7892786, 15.5481512], [102.7892914, 15.548296], [102.7893737, 15.5485188], [102.7894817, 15.5486586], [102.7900109, 15.5491538], [102.790098, 15.5492644], [102.7901515, 15.5494052], [102.7901788, 15.5497805], [102.7901914, 15.5504659], [102.7902396, 15.5512396], [102.7902259, 15.5514212], [102.7901417, 15.5518346], [102.7901156, 15.5522702], [102.7901423, 15.5524246], [102.7901892, 15.5525754], [102.7902423, 15.5526866], [102.7903328, 15.5528004], [102.7904533, 15.5528873], [102.7905733, 15.552938], [102.7907097, 15.552962], [102.7911408, 15.5529216], [102.7915452, 15.5529113], [102.7923009, 15.5529577], [102.7926343, 15.5529651], [102.7929717, 15.5530087], [102.7930307, 15.5530736], [102.7930833, 15.553165], [102.793099, 15.5532768], [102.7930961, 15.5534911], [102.7930358, 15.5539075], [102.7929907, 15.5540467], [102.792698, 15.5544011], [102.7926056, 15.5545543], [102.7925605, 15.5546935], [102.7925397, 15.5548521], [102.7925802, 15.5557644], [102.792579, 15.5561784], [102.7925706, 15.5563533], [102.7925679, 15.5565626], [102.7923242, 15.5566429], [102.7920844, 15.5567915], [102.7918601, 15.5568424], [102.7917175, 15.5568146], [102.7903399, 15.5563244], [102.7901509, 15.5562202], [102.7899158, 15.5560597], [102.7894135, 15.5556888], [102.7892034, 15.5555715], [102.7890852, 15.5555466], [102.7887566, 15.5555792], [102.7886352, 15.5555712], [102.788544, 15.5555123], [102.7884975, 15.5554325], [102.788473, 15.555228], [102.788548, 15.5549748], [102.7885568, 15.5548873], [102.7885453, 15.554827], [102.7885097, 15.5547739], [102.7884571, 15.5547412], [102.7883842, 15.5547291], [102.7882423, 15.5547416], [102.7881112, 15.5547707], [102.7877572, 15.5549313], [102.7872511, 15.5551046], [102.7871692, 15.5551765], [102.7867626, 15.5556773], [102.7866421, 15.5557163], [102.7863963, 15.5557273], [102.7861888, 15.5557544], [102.7860682, 15.5557867], [102.7860001, 15.555855], [102.7859776, 15.5559494], [102.7859931, 15.5560399], [102.7860432, 15.5561263], [102.7861634, 15.5562586], [102.7865538, 15.5565744], [102.7866218, 15.5566907], [102.7867535, 15.5570714], [102.7867612, 15.557303], [102.7867291, 15.5574413], [102.7865726, 15.5577866], [102.7865017, 15.5578919], [102.7864304, 15.5579704], [102.7863516, 15.5580222], [102.7862308, 15.5580477], [102.7860432, 15.5580174], [102.7859315, 15.5579756], [102.7856925, 15.5577883], [102.7853162, 15.5572977], [102.7852494, 15.5572451], [102.7851454, 15.5572401], [102.7850419, 15.5572654], [102.7848942, 15.5573351], [102.7847512, 15.557472], [102.7845238, 15.5577345], [102.7843703, 15.5578648], [102.7842499, 15.5579139], [102.7841497, 15.557929], [102.7839606, 15.5580129], [102.7839208, 15.5581076], [102.7839017, 15.558202], [102.7838607, 15.5586091], [102.7838767, 15.5587298], [102.783934, 15.5588262], [102.7840434, 15.5589385], [102.7843973, 15.5591541], [102.784585, 15.5591845], [102.7848309, 15.5591803], [102.7849958, 15.5591002], [102.7853623, 15.5588688], [102.7854624, 15.5588503], [102.7855768, 15.5588517], [102.7856987, 15.5588865], [102.786226, 15.5591092], [102.7864502, 15.5592431], [102.7865172, 15.5593024], [102.7865361, 15.5593928], [102.7864226, 15.5596265], [102.7863279, 15.5597524], [102.7861505, 15.5599032], [102.7855306, 15.5603035], [102.7854078, 15.5604064], [102.7853026, 15.5605291], [102.7851925, 15.5607628], [102.7850548, 15.5610003], [102.7849899, 15.5610518], [102.7848765, 15.5611008], [102.7845306, 15.5611369], [102.7843121, 15.5611239], [102.784193, 15.5610554], [102.7840835, 15.5609397], [102.7838807, 15.5606476], [102.783814, 15.5606018], [102.7837024, 15.5605634], [102.7834906, 15.5605368], [102.7830438, 15.5605512], [102.7827264, 15.5606238], [102.7820533, 15.5609545], [102.7818376, 15.5610993], [102.7817181, 15.561192], [102.781651, 15.5613141], [102.7816179, 15.5613986], [102.7815931, 15.5615569], [102.7816324, 15.5616234], [102.7820328, 15.5621103], [102.7821242, 15.5623707], [102.7821232, 15.5625051], [102.7821044, 15.5626129], [102.7820543, 15.5627145], [102.7818851, 15.5629358], [102.7817864, 15.5630315], [102.7816323, 15.5631349], [102.7812138, 15.5633638], [102.7809833, 15.5634585], [102.7805765, 15.5635696], [102.7805212, 15.5636413], [102.7804925, 15.5638059], [102.7804938, 15.563879], [102.78052, 15.5639677], [102.780774, 15.5642076], [102.781147, 15.5644499], [102.7814888, 15.5647598], [102.7815673, 15.564884], [102.7815935, 15.5649931], [102.7815883, 15.5651511], [102.7814795, 15.5656375], [102.7814698, 15.5659043], [102.7814893, 15.5660309], [102.781657, 15.5663754], [102.7816437, 15.5665192], [102.7815606, 15.5666053], [102.7814688, 15.566644], [102.7809928, 15.5666496], [102.7809007, 15.5666768], [102.7808484, 15.5667072], [102.7808045, 15.5667628], [102.7807627, 15.5669287], [102.7807522, 15.5670575], [102.7808014, 15.567176], [102.7809637, 15.5674436], [102.781012, 15.5675531], [102.7810347, 15.5679686], [102.7810131, 15.5681134], [102.7807087, 15.5685251], [102.7806555, 15.5686435], [102.7806551, 15.5688115], [102.7808249, 15.5692574], [102.7808681, 15.5693028], [102.7809201, 15.5693263], [102.7809995, 15.56933], [102.7810557, 15.5693084], [102.7811718, 15.5692124], [102.7815299, 15.5687125], [102.7816084, 15.5686473], [102.7817152, 15.5686085], [102.7818742, 15.5685924], [102.7819982, 15.5685499], [102.7820663, 15.5684849], [102.7821377, 15.5683892], [102.7822081, 15.5682363], [102.782371, 15.5678156], [102.782417, 15.5676393], [102.782461, 15.5673141], [102.7825287, 15.5672552], [102.7826981, 15.567269], [102.782933, 15.5673717], [102.7830979, 15.5674797], [102.7831934, 15.5675855], [102.7832562, 15.5677228], [102.7832651, 15.5679101], [102.7832442, 15.5680885], [102.7832054, 15.5682403], [102.7831583, 15.5683184], [102.7830323, 15.5684414], [102.7828954, 15.5685311], [102.7825488, 15.5687185], [102.7823564, 15.5688058], [102.7822528, 15.5688714], [102.782213, 15.5689361], [102.7822099, 15.5689862], [102.7822418, 15.5691369], [102.7822721, 15.5692018], [102.7823547, 15.5693119], [102.7824287, 15.5693798], [102.7826631, 15.5694723], [102.7827882, 15.5694936], [102.7831281, 15.5695113], [102.7835123, 15.5694845], [102.7836091, 15.5694903], [102.7836559, 15.5695177], [102.7836832, 15.5695634], [102.7836849, 15.5696394], [102.7836417, 15.5697409], [102.783633, 15.5698318], [102.7836652, 15.5699521], [102.7837623, 15.5700568], [102.7839716, 15.5701585], [102.7840863, 15.5701766], [102.7841831, 15.5701649], [102.784283, 15.570133], [102.7846197, 15.5699664], [102.7847765, 15.5699778], [102.784857, 15.5700393], [102.7848854, 15.5700803], [102.7849853, 15.570395], [102.78506, 15.5705101], [102.7852479, 15.5707286], [102.7852596, 15.5707912], [102.7852577, 15.5709015], [102.7852377, 15.5709647], [102.7851693, 15.5710607], [102.7850831, 15.5711186], [102.7849254, 15.5711708], [102.7845899, 15.5711857], [102.7844159, 15.5711451], [102.7843353, 15.5711067], [102.7840345, 15.5709097], [102.783885, 15.5708354], [102.783454, 15.5707784], [102.7833649, 15.5707949], [102.7833213, 15.5708182], [102.7832621, 15.5709089], [102.7832582, 15.5709821], [102.783271, 15.5710317], [102.7833404, 15.5711026], [102.783862, 15.5713628], [102.7840405, 15.5715006], [102.7840811, 15.5715781], [102.784095, 15.5716985], [102.7840888, 15.5717831], [102.784062, 15.5718348], [102.7839642, 15.5718934], [102.7835446, 15.5720065], [102.7830091, 15.572093], [102.7823391, 15.5720683], [102.782231, 15.5720855], [102.7820667, 15.5721422], [102.7818967, 15.57228], [102.7815833, 15.5727624], [102.7813615, 15.5729543], [102.7810789, 15.5730364], [102.7808642, 15.573068], [102.7806791, 15.5731416], [102.7805891, 15.5732073], [102.7804693, 15.5733798], [102.7804031, 15.5735207], [102.7803406, 15.5737847], [102.7803312, 15.5739726], [102.7803548, 15.5740612], [102.780416, 15.5741538], [102.7804917, 15.5741943], [102.780695, 15.5742119], [102.7808438, 15.5742026], [102.7813934, 15.574126], [102.7816707, 15.5741313], [102.7819941, 15.5741929], [102.7823636, 15.5743109], [102.7827305, 15.5744758], [102.7831153, 15.5746775], [102.7834629, 15.5749234], [102.783564, 15.5749586], [102.7836508, 15.5749638], [102.7837791, 15.5749433], [102.7839856, 15.5748366], [102.7841155, 15.5747946], [102.7842402, 15.5747925], [102.7843202, 15.5748112], [102.7844042, 15.5748535], [102.7844997, 15.5749593], [102.7846289, 15.5752023], [102.7846276, 15.5753199], [102.7845972, 15.5754432], [102.7845041, 15.5755773], [102.7840442, 15.5760118], [102.7839691, 15.5761054], [102.7839135, 15.5762559], [102.7839088, 15.5763769], [102.7839322, 15.5765175], [102.7839797, 15.5766511], [102.7840518, 15.5768043], [102.7841551, 15.5769604], [102.7844263, 15.5771942], [102.7848879, 15.5774248], [102.7849866, 15.5775138], [102.7850401, 15.5776002], [102.7850557, 15.5776939], [102.785051, 15.577815], [102.7849665, 15.5781187], [102.7849013, 15.5782354], [102.7848355, 15.5783184], [102.7847126, 15.5783987], [102.7846218, 15.5784207], [102.7844999, 15.5784126], [102.7844031, 15.578387], [102.784256, 15.5783022], [102.783732, 15.5779457], [102.7835572, 15.5778959], [102.7834271, 15.5778899], [102.7832894, 15.5779393], [102.7831867, 15.5780049], [102.7831447, 15.5780547], [102.7828146, 15.5786762], [102.7825704, 15.5790637], [102.7824532, 15.5791632], [102.7823387, 15.5791985], [102.7822223, 15.579194], [102.7819551, 15.579064], [102.7818534, 15.5790285], [102.7817559, 15.5790154], [102.7816443, 15.5790411], [102.7815252, 15.5791189], [102.7814479, 15.579198], [102.7813777, 15.5793688], [102.7813378, 15.5796053], [102.7812997, 15.5805193], [102.7813187, 15.580771], [102.7813765, 15.5809132], [102.7815244, 15.5810935], [102.7820035, 15.5815185], [102.7821735, 15.5817171], [102.7822988, 15.5819333], [102.7824053, 15.582264], [102.7824147, 15.5824058], [102.7823926, 15.5825161], [102.7821636, 15.5828558], [102.7820686, 15.5831801], [102.7820782, 15.5833243], [102.7821188, 15.583458], [102.7821833, 15.5835744], [102.7822861, 15.5837003], [102.7825116, 15.5839047], [102.7828515, 15.5841104], [102.7833815, 15.5844637], [102.7835104, 15.5845122], [102.7836077, 15.5845274], [102.7837482, 15.5845153], [102.7840877, 15.5844351], [102.7841952, 15.58444], [102.7842722, 15.5844608], [102.7843208, 15.5845113], [102.7843679, 15.5845949], [102.7843737, 15.5847224], [102.784355, 15.5848403], [102.7842881, 15.5849691], [102.7841294, 15.5851969], [102.783875, 15.5855163], [102.7838032, 15.5855675], [102.783647, 15.5856369], [102.7834822, 15.5856602], [102.7834015, 15.5856603], [102.7833283, 15.5856414], [102.7832428, 15.5856085], [102.7830992, 15.5855209], [102.7828207, 15.5852934], [102.7827383, 15.5852692], [102.7826341, 15.5852931], [102.7824296, 15.5854814], [102.7822738, 15.5856789], [102.7822247, 15.5857792], [102.7822112, 15.5858546], [102.7822392, 15.5859521], [102.7823735, 15.58611], [102.7824317, 15.5862078], [102.7824558, 15.5863452], [102.7824339, 15.5864154], [102.7823951, 15.5864609], [102.7823066, 15.5865214], [102.7819711, 15.5866393], [102.7818124, 15.5867094], [102.7816847, 15.5868129], [102.7815358, 15.5869872], [102.7814079, 15.5872154], [102.781283, 15.5873989], [102.7810521, 15.5876548], [102.7809208, 15.5878653], [102.7808566, 15.5881486], [102.7808516, 15.5882528], [102.7808603, 15.5883467], [102.7808974, 15.5884804], [102.7809475, 15.5885702], [102.7814113, 15.5891064], [102.7817008, 15.5893936], [102.7819056, 15.5895703], [102.782059, 15.5896495], [102.782424, 15.5897104], [102.7827399, 15.5897419], [102.7828278, 15.5897904], [102.7829093, 15.5899102], [102.7829303, 15.5901114], [102.7828934, 15.5903275], [102.7827724, 15.5908105], [102.7827384, 15.5913626], [102.7826745, 15.5914693], [102.7826147, 15.5915232], [102.7825008, 15.5915915], [102.7823018, 15.591652], [102.7821103, 15.5916895], [102.7819066, 15.5917044], [102.7817138, 15.5916773], [102.7815091, 15.5916352], [102.7813236, 15.5915776], [102.7811668, 15.5915841], [102.7807269, 15.5916704], [102.7806344, 15.5916666], [102.780555, 15.5916422], [102.7804948, 15.5916047], [102.7804076, 15.5914834], [102.7803613, 15.5912976], [102.7803828, 15.5911432], [102.7805121, 15.5908833], [102.7805257, 15.5907608], [102.780515, 15.5906919], [102.7804797, 15.5906518], [102.7803525, 15.5906357], [102.7796706, 15.5908532], [102.7794334, 15.5909675], [102.7787425, 15.591371], [102.7785714, 15.5914417], [102.7784031, 15.5914757], [102.7781634, 15.5914532], [102.7779821, 15.5914031], [102.7778237, 15.5913222], [102.7776932, 15.5912978], [102.7776224, 15.5913073], [102.7774528, 15.5914236], [102.777353, 15.5915394], [102.7772579, 15.5917046], [102.7769782, 15.5922835], [102.7767159, 15.593383], [102.7766629, 15.5937033], [102.7766426, 15.5938786], [102.7766646, 15.5941559], [102.776707, 15.594302], [102.7767647, 15.5944044], [102.7768363, 15.5944891], [102.7769409, 15.5945464], [102.7771231, 15.5945752], [102.7777148, 15.5945864], [102.7778004, 15.5946114], [102.77789, 15.5946635], [102.7780962, 15.5948498], [102.7784352, 15.5953648], [102.7788032, 15.5959668], [102.7790437, 15.5966737], [102.7791154, 15.5971374], [102.7791389, 15.5974557], [102.779131, 15.5976269], [102.7790607, 15.5979842], [102.7790285, 15.598069], [102.7789578, 15.5981688], [102.7788663, 15.5982367], [102.7787197, 15.5983013], [102.7785145, 15.5984246], [102.7784637, 15.5984883], [102.7784718, 15.598567], [102.7785187, 15.5986047], [102.7786165, 15.5986422], [102.7788326, 15.5986821], [102.7789503, 15.5987272], [102.7789872, 15.5987594], [102.7790226, 15.5988629], [102.7790418, 15.5992603], [102.7790564, 15.5993349], [102.7791055, 15.5993661], [102.7792314, 15.5993704], [102.7793194, 15.599356], [102.7793938, 15.5993248], [102.7795161, 15.5992564], [102.7799368, 15.5989711], [102.7800135, 15.598942], [102.7800751, 15.5989324], [102.7801086, 15.5989532], [102.780138, 15.598989], [102.7801521, 15.599038], [102.7801756, 15.5992386], [102.7801685, 15.5993307], [102.7801416, 15.5994274], [102.7800057, 15.5995966], [102.7797057, 15.5998455], [102.7796529, 15.5999769], [102.7796524, 15.6000689], [102.7796818, 15.6002267], [102.7797049, 15.6002861], [102.7797546, 15.6003473], [102.7799622, 15.6004763], [102.7801913, 15.6005751], [102.7802498, 15.6006361], [102.7802884, 15.6006974], [102.7802979, 15.600971], [102.7802665, 15.6010678], [102.7802195, 15.6011499], [102.7801679, 15.6012235], [102.780083, 15.6012891], [102.7798635, 15.6013528], [102.7795532, 15.6014009], [102.77945, 15.6014283], [102.779332, 15.6014881], [102.7792825, 15.6015574], [102.7792532, 15.6016435], [102.7791953, 15.6020957], [102.7791926, 15.6021942], [102.7792095, 15.6022687], [102.7792596, 15.6023555], [102.7793226, 15.6024208], [102.7795256, 15.6025392], [102.7799856, 15.6027152], [102.7800307, 15.6027679], [102.7800246, 15.6029155], [102.7799121, 15.6031613], [102.7797429, 15.603438], [102.7795027, 15.6036966], [102.7790378, 15.6040981], [102.778895, 15.6042546], [102.7787577, 15.6043468], [102.7786039, 15.6043879], [102.7785355, 15.6043891], [102.77846, 15.6043626], [102.7783926, 15.6042932], [102.7781686, 15.6039955], [102.7781061, 15.6039581], [102.778033, 15.6039379], [102.7778702, 15.6039685], [102.777798, 15.604004], [102.7776553, 15.6041604], [102.7775204, 15.6043852], [102.7774811, 15.6045334], [102.7774715, 15.6047282], [102.7774972, 15.6048091], [102.7777633, 15.6052386], [102.7778026, 15.6053364], [102.7778028, 15.6054689], [102.7777771, 15.6055122], [102.7777222, 15.605557], [102.7776615, 15.6055826], [102.7775712, 15.6055948], [102.7773746, 15.6055854], [102.7773087, 15.6055994], [102.7772653, 15.6056429], [102.7772277, 15.6057547], [102.7772416, 15.6060304], [102.7772275, 15.6061055], [102.7771128, 15.6062294], [102.7768669, 15.6064175], [102.7768145, 15.6064749], [102.7767577, 15.6065991], [102.7767627, 15.606753], [102.7768519, 15.6070605], [102.7768647, 15.6073302], [102.776669, 15.6079554], [102.7766398, 15.6081676], [102.7766756, 15.6083188], [102.7769105, 15.6087297], [102.776925, 15.6088], [102.7769128, 15.6088559], [102.7768805, 15.6088992], [102.7767054, 15.6089771], [102.7765318, 15.6090207], [102.776096, 15.6090817], [102.7759436, 15.6090779], [102.7758129, 15.6090502], [102.7756773, 15.6089948], [102.7755012, 15.6088973], [102.7753834, 15.6088501], [102.7752971, 15.6088388], [102.7752221, 15.60884], [102.7751563, 15.6088626], [102.7751062, 15.6088976], [102.7750568, 15.6089755], [102.7750446, 15.6090313], [102.7750569, 15.6091017], [102.7753936, 15.6095322], [102.7754867, 15.6096717], [102.7755463, 15.6097969], [102.7756117, 15.6101123], [102.7757157, 15.6102452], [102.7757917, 15.6102974], [102.7759555, 15.6103288], [102.7760525, 15.6103229], [102.7765227, 15.61021], [102.7766221, 15.6102125], [102.7767261, 15.61023], [102.7767819, 15.6102632], [102.7768295, 15.610333], [102.7768608, 15.6104758], [102.7768488, 15.6106642], [102.7768238, 15.6107437], [102.7767026, 15.610872], [102.7763591, 15.6110341], [102.7757645, 15.6112239], [102.7756489, 15.6112965], [102.7756107, 15.6113849], [102.7755423, 15.6117411], [102.7752825, 15.6122567], [102.775277, 15.6123188], [102.7753517, 15.6129035], [102.7753918, 15.6130461], [102.7754261, 15.6131097], [102.7754862, 15.6131386], [102.7755459, 15.613144], [102.7760351, 15.6131057], [102.7761234, 15.6131063], [102.7761679, 15.6131247], [102.776193, 15.6131714], [102.7761988, 15.6132483], [102.7761853, 15.6134709], [102.7761674, 15.6135824], [102.7761246, 15.6136516], [102.7760416, 15.613698], [102.7759383, 15.6137254], [102.7756723, 15.613777], [102.7755378, 15.6137879], [102.7753699, 15.6137758], [102.7750578, 15.6137235], [102.7749807, 15.6137333], [102.7748458, 15.6138405], [102.7746511, 15.6141753], [102.7743952, 15.6145412], [102.7743614, 15.614623], [102.7743553, 15.6147686], [102.7744983, 15.6149885], [102.7745214, 15.6150459], [102.7745228, 15.6152383], [102.7744821, 15.6153096], [102.7744107, 15.6153836], [102.7742669, 15.6154844], [102.7740762, 15.6155604], [102.7739793, 15.6155664], [102.7738839, 15.6155423], [102.7737892, 15.6154328], [102.7736761, 15.6150412], [102.7736371, 15.6149606], [102.7735092, 15.6148473], [102.7733343, 15.6148118], [102.7732573, 15.6148259], [102.7730712, 15.6149104], [102.7730104, 15.6149628], [102.7729871, 15.6150145], [102.7729776, 15.6150981], [102.7729788, 15.6151665], [102.7729998, 15.6152303], [102.7730454, 15.6153087], [102.7731601, 15.6154222], [102.7732392, 15.6155278], [102.7732561, 15.6156045], [102.7732389, 15.6157502], [102.7731222, 15.6161265], [102.7731193, 15.6163297], [102.7732226, 15.6165504], [102.7733568, 15.6167641], [102.7733777, 15.6168236], [102.7733837, 15.6169069], [102.7733786, 15.6169925], [102.7733261, 15.6171389], [102.7732084, 15.6173398], [102.7728665, 15.6175874], [102.7727528, 15.6176492], [102.7726814, 15.6176556], [102.7725607, 15.6176418], [102.772454, 15.6175966], [102.7722185, 15.6173953], [102.7721449, 15.6173538], [102.7720537, 15.6173148], [102.7717455, 15.6172345], [102.7716229, 15.6171682], [102.771495, 15.6170549], [102.7712806, 15.6167912], [102.7712273, 15.6167729], [102.7711544, 15.616772], [102.7709455, 15.6168141], [102.7708294, 15.616861], [102.770663, 15.6169302], [102.7703592, 15.6170958], [102.7702372, 15.6171813], [102.7700311, 15.6173731], [102.7699229, 15.6174904], [102.7698735, 15.6175683], [102.7698427, 15.617695], [102.7698689, 15.6179191], [102.7699065, 15.6180425], [102.7700755, 15.618354], [102.7701635, 15.6184615], [102.7702599, 15.6185433], [102.7712451, 15.6191915], [102.7712906, 15.6192677], [102.7712941, 15.6193382], [102.7712716, 15.6194349], [102.7711951, 15.6195966], [102.7711902, 15.6196886], [102.7712042, 15.6197333], [102.7712899, 15.6198302], [102.7716008, 15.6199361], [102.7716661, 15.6200055], [102.7716689, 15.6201616], [102.7716443, 15.6202647], [102.7715914, 15.6203854], [102.7714652, 15.6205661], [102.7713552, 15.620665], [102.7713242, 15.6207397], [102.7713782, 15.6215999], [102.7713687, 15.6217256], [102.7713354, 15.6218345], [102.7712179, 15.6220076], [102.7710038, 15.6222081], [102.7706814, 15.6224389], [102.7702016, 15.6227494], [102.7700828, 15.6228513], [102.7699939, 15.6229783], [102.7699431, 15.6230961], [102.7698023, 15.6236004], [102.7697364, 15.6237013], [102.7696555, 15.6237826], [102.7694843, 15.623911], [102.769285, 15.6241169], [102.7692599, 15.6241943], [102.7692562, 15.6243141], [102.7693057, 15.6247695], [102.769269, 15.6248529], [102.7691703, 15.624923], [102.7689714, 15.624992], [102.7688285, 15.6250601], [102.7687532, 15.6251269], [102.7686875, 15.6252364], [102.7685317, 15.6257268], [102.7684749, 15.6258418], [102.768385, 15.6259118], [102.7682499, 15.6259255], [102.7677848, 15.6259192], [102.7676002, 15.6259623], [102.7673227, 15.6260726], [102.76723, 15.6261512], [102.7671419, 15.6263267], [102.7671401, 15.6263894], [102.7671654, 15.6264803], [102.767226, 15.6265762], [102.7673012, 15.626669], [102.7674381, 15.6267493], [102.7677257, 15.626867], [102.767912, 15.626918], [102.7680386, 15.6269244], [102.7680944, 15.6269177], [102.7681788, 15.6268649], [102.7684228, 15.6265299], [102.768492, 15.6264546], [102.7685914, 15.6264187], [102.7686588, 15.6264033], [102.7691164, 15.6264809], [102.7696437, 15.6265146], [102.7696766, 15.6265426], [102.7696715, 15.6265855], [102.7695153, 15.6268933], [102.7695371, 15.6269556], [102.7700983, 15.627234], [102.7701463, 15.6272817], [102.7701474, 15.6273415], [102.7700038, 15.6275379], [102.7699673, 15.6276298], [102.7699656, 15.6276983], [102.7699872, 15.6277521], [102.7702395, 15.6280329], [102.7703109, 15.6280744], [102.7703818, 15.6280903], [102.770467, 15.6280832], [102.7707893, 15.6280063], [102.7708545, 15.6280309], [102.7708913, 15.6281129], [102.7709236, 15.6282692], [102.7709516, 15.6286737], [102.7711345, 15.6286962], [102.7712668, 15.6286911], [102.7714979, 15.6286158], [102.7719628, 15.6283868], [102.7720566, 15.6283614], [102.7722002, 15.6283695], [102.7722969, 15.6284178], [102.7724763, 15.6286798], [102.7725595, 15.6287485], [102.7726241, 15.6287809], [102.7729469, 15.6288738], [102.7730192, 15.6289339], [102.773059, 15.6290176], [102.7730363, 15.6293517], [102.7730617, 15.6293898], [102.7731452, 15.6294119], [102.7734411, 15.6293583], [102.7736031, 15.629358], [102.7737365, 15.629407], [102.773815, 15.6294857], [102.7738686, 15.6295956], [102.77385, 15.6296979], [102.7738223, 15.6297296], [102.7735983, 15.6298801], [102.7735256, 15.6299576], [102.7734938, 15.6300111], [102.773509, 15.6300956], [102.7735559, 15.6301651], [102.7736121, 15.630185], [102.7737923, 15.6302107], [102.7740513, 15.6302706], [102.7741784, 15.630321], [102.7742314, 15.6303836], [102.7742313, 15.6304524], [102.7742013, 15.6305312], [102.774013, 15.6306594], [102.7739214, 15.6307569], [102.773742, 15.6310802], [102.7736723, 15.6311455], [102.7735021, 15.6311924], [102.7731144, 15.631242], [102.7727877, 15.6313099], [102.7726125, 15.6313946], [102.772584, 15.6314232], [102.7725551, 15.6314846], [102.7725549, 15.6315482], [102.7725885, 15.6316184], [102.7733698, 15.6320524], [102.7734604, 15.6320789], [102.7736372, 15.6320665], [102.7737358, 15.6320213], [102.7740056, 15.631795], [102.7741335, 15.631746], [102.7742495, 15.6317534], [102.7744282, 15.6318439], [102.7745589, 15.6319539], [102.7747284, 15.6320664], [102.7747908, 15.632137], [102.774821, 15.632202], [102.7748129, 15.6322864], [102.7747645, 15.6324588], [102.7747107, 15.6325697], [102.7746357, 15.6326294], [102.7744214, 15.6327017], [102.7743422, 15.6327717], [102.7741458, 15.6331182], [102.7740156, 15.6333918], [102.7739732, 15.6335391], [102.7739651, 15.6336234], [102.7739762, 15.6336981], [102.7740157, 15.6337504], [102.7740873, 15.6337929], [102.7743034, 15.6338141], [102.7744447, 15.6337961], [102.7746623, 15.6337268], [102.7748055, 15.6336401], [102.7749417, 15.6335162], [102.7751361, 15.6332383], [102.7751965, 15.6331936], [102.7752791, 15.6331392], [102.7753879, 15.633103], [102.7756192, 15.6330803], [102.7761412, 15.6331087], [102.7762672, 15.6331378], [102.776368, 15.633189], [102.7764558, 15.6332405], [102.7765419, 15.6333701], [102.7765858, 15.6334847], [102.7765952, 15.633587], [102.7765861, 15.6336589], [102.7765663, 15.6337009], [102.7765485, 15.6337139], [102.7765258, 15.6337306], [102.7764703, 15.6337642], [102.7763922, 15.6337891], [102.7762918, 15.633818], [102.7761672, 15.6338564], [102.7760615, 15.6339053], [102.7759894, 15.6339482], [102.7759471, 15.6339906], [102.775868, 15.6340608], [102.7758148, 15.6341161], [102.7757423, 15.6342387], [102.7757117, 15.6343045], [102.7756775, 15.6343739], [102.775645, 15.6344379], [102.7756377, 15.6344707], [102.7756329, 15.6344925], [102.7756193, 15.634567], [102.7756114, 15.6346469], [102.7756168, 15.6347374], [102.7756239, 15.634817], [102.7756308, 15.6348875], [102.7756542, 15.6349433], [102.7756716, 15.6349702], [102.7756889, 15.634997], [102.7757141, 15.6350234], [102.7757213, 15.6350309], [102.7757318, 15.6350349], [102.7757853, 15.6350552], [102.775868, 15.6350755], [102.7759447, 15.6350778], [102.7760193, 15.6350693], [102.7760992, 15.6350407], [102.7761737, 15.6350249], [102.7761981, 15.6350218], [102.7762222, 15.6350187], [102.7762967, 15.6350029], [102.7763753, 15.6350051], [102.7764012, 15.6350113], [102.7764541, 15.6350237], [102.7764699, 15.63503], [102.7765201, 15.63505], [102.7765632, 15.6350908], [102.7768934, 15.6355215], [102.7769198, 15.6355462], [102.7769543, 15.6355785], [102.7770789, 15.6356665], [102.7771664, 15.635723], [102.7772308, 15.6357928], [102.7772757, 15.6358854], [102.7772935, 15.6359495], [102.7773018, 15.6360395], [102.7772999, 15.6360789], [102.777297, 15.6361395], [102.7772705, 15.6363235], [102.7772686, 15.6364009], [102.7772699, 15.6364725], [102.7772909, 15.6365557], [102.7773365, 15.6366574], [102.7775809, 15.637117], [102.7776248, 15.6371604], [102.7776385, 15.637174], [102.7777053, 15.6371922], [102.7777552, 15.6371946], [102.7777995, 15.6371897], [102.7778249, 15.6371869], [102.7778882, 15.6371685], [102.7779247, 15.637144], [102.7779729, 15.637091], [102.778131, 15.6368402], [102.778188, 15.636783], [102.7782854, 15.6367269], [102.778358, 15.6367139], [102.7783999, 15.6367162], [102.7785685, 15.6367551], [102.7786489, 15.6367737], [102.7787575, 15.6367988], [102.7787729, 15.6368001], [102.7788449, 15.6367989], [102.7789312, 15.6367942], [102.7790005, 15.6367672], [102.7792279, 15.6366602], [102.7793, 15.6366242], [102.7793697, 15.6365895], [102.7794552, 15.6365468], [102.7795281, 15.6365326], [102.7795879, 15.6365316], [102.7796713, 15.6365463], [102.7797318, 15.6365839], [102.7798064, 15.6366631], [102.7798132, 15.6366743], [102.7798437, 15.6367624], [102.7798478, 15.6367868], [102.7798805, 15.6369839], [102.7798888, 15.6370338], [102.7798835, 15.6373561], [102.7798688, 15.63825], [102.7798773, 15.638353], [102.7799055, 15.6384362], [102.7799634, 15.6385125], [102.7801746, 15.638612], [102.7803658, 15.6387053], [102.7804701, 15.6387712], [102.7805119, 15.6388487], [102.7805373, 15.6388959], [102.7805424, 15.6389052], [102.7805488, 15.6389368], [102.7805626, 15.6390054], [102.7805716, 15.6390496], [102.7805765, 15.6391333], [102.7805346, 15.6392793], [102.7804822, 15.6394313], [102.7804576, 15.639538], [102.7804436, 15.63968], [102.7804561, 15.6398215], [102.7804666, 15.6399937], [102.7804704, 15.6400564], [102.7804687, 15.6400686], [102.7804581, 15.6401432], [102.7804498, 15.6402017], [102.7804249, 15.6402891], [102.7803894, 15.6403477], [102.7803354, 15.6404226], [102.7802694, 15.640514], [102.7801057, 15.6406489], [102.7800182, 15.6407696], [102.7799868, 15.64087], [102.779975, 15.6409507], [102.7799754, 15.6409762], [102.7799774, 15.6410828], [102.7799862, 15.6412018], [102.7799681, 15.6412987], [102.7799397, 15.6413862], [102.7799083, 15.6414834], [102.7796671, 15.641847], [102.7794503, 15.6421739], [102.7794005, 15.6422491], [102.7793508, 15.642293], [102.7793187, 15.6423214], [102.7792132, 15.6423715], [102.7790776, 15.6424061], [102.7789233, 15.6424247], [102.7788975, 15.642428], [102.7788327, 15.6423941], [102.7787619, 15.6423647], [102.7786493, 15.6423578], [102.7784686, 15.6423474], [102.7783148, 15.6423171], [102.7781667, 15.6423012], [102.7779647, 15.6422208], [102.7778546, 15.6421027], [102.7777645, 15.6419381], [102.7777352, 15.6417307], [102.7776704, 15.6415924], [102.7775207, 15.6414588], [102.7773458, 15.641457], [102.7772142, 15.6415648], [102.7771679, 15.6417396], [102.7771629, 15.6419262], [102.7771433, 15.6420869], [102.7770995, 15.6423047], [102.7769064, 15.6424624], [102.7768521, 15.6425024], [102.7764916, 15.6427857], [102.7764562, 15.6428293], [102.7764039, 15.6428935], [102.7763591, 15.6429909], [102.776356, 15.6430035], [102.7763525, 15.6430176], [102.7763344, 15.6430912], [102.776349, 15.6431618], [102.7763764, 15.6432096], [102.776411, 15.6432345], [102.7764506, 15.6432631], [102.7765138, 15.6433074], [102.776693, 15.6434329], [102.776812, 15.6435078], [102.776827, 15.6435227], [102.776865, 15.6435684], [102.7769564, 15.6438342], [102.7769661, 15.643867], [102.7769989, 15.6439784], [102.7770442, 15.6440904], [102.7770886, 15.644154], [102.7771424, 15.6441917], [102.7772328, 15.6442256], [102.777346, 15.6442333], [102.7774391, 15.6442349], [102.7775333, 15.6442175], [102.7775472, 15.6442116], [102.7776374, 15.6441703], [102.7776799, 15.6441341], [102.7776992, 15.6441016], [102.7777186, 15.6440691], [102.7777371, 15.6439914], [102.7777453, 15.6438914], [102.7777367, 15.6437853], [102.7777116, 15.6436891], [102.7777097, 15.6436775], [102.7776929, 15.6435767], [102.7776878, 15.6434801], [102.7777003, 15.6434017], [102.7777027, 15.6433865], [102.7777417, 15.6433375], [102.7778075, 15.6432977], [102.7778969, 15.6432768], [102.778, 15.6432815], [102.7781292, 15.6433757], [102.7782851, 15.643558], [102.7785663, 15.6438869], [102.778722, 15.6441411], [102.7789021, 15.6444352], [102.7789467, 15.6445085], [102.7790038, 15.6445397], [102.7790638, 15.6445483], [102.7791102, 15.6445411], [102.7791562, 15.6445145], [102.779202, 15.6444865], [102.7792318, 15.6444681], [102.7792956, 15.6444151], [102.7793268, 15.6443892], [102.7793989, 15.6443332], [102.7795013, 15.6442992], [102.7795578, 15.6442982], [102.7796144, 15.6443005], [102.7796709, 15.6443027], [102.7797345, 15.6443274], [102.7797952, 15.6443714], [102.7798563, 15.6444412], [102.779928, 15.6445463], [102.7799496, 15.6446261], [102.7799566, 15.6446521], [102.7799597, 15.6448228], [102.7799459, 15.6449744], [102.7798404, 15.6453821], [102.7797859, 15.6454958], [102.779724, 15.6455613], [102.7796385, 15.6456143], [102.7796103, 15.6456237], [102.7794388, 15.6456809], [102.7790273, 15.6458181], [102.7789214, 15.6458457], [102.7788561, 15.645908], [102.778821, 15.6459891], [102.7787372, 15.6463127], [102.778732, 15.646324], [102.7786892, 15.6464166], [102.7786409, 15.646498], [102.7785692, 15.6465765], [102.778477, 15.6466264], [102.7784302, 15.6466523], [102.7783983, 15.64667], [102.7783693, 15.6466895], [102.7783294, 15.6467353], [102.7783071, 15.6467872], [102.7783016, 15.6468517], [102.7783098, 15.6469353], [102.7783511, 15.6470087], [102.7783851, 15.6470532], [102.7784594, 15.6471163], [102.7787314, 15.6472457], [102.7787825, 15.64727], [102.7790548, 15.6473995], [102.7791, 15.6474209], [102.7791807, 15.6474743], [102.7792452, 15.6475473], [102.7792798, 15.6476175], [102.7793014, 15.6477106], [102.7793, 15.6478137], [102.7792782, 15.6478946], [102.7792198, 15.6479697], [102.7791955, 15.647981], [102.7791341, 15.6480098], [102.7790577, 15.6480176], [102.7789614, 15.6480192], [102.7788281, 15.6480022], [102.7784409, 15.6479187], [102.7783512, 15.6479203], [102.7782785, 15.6479441], [102.7782326, 15.6479771], [102.7782136, 15.6480289], [102.7782148, 15.6480933], [102.7782161, 15.6481674], [102.7782468, 15.6482529], [102.7782894, 15.6483718], [102.7783182, 15.6484524], [102.7783782, 15.6486198], [102.7784213, 15.6487402], [102.7784684, 15.6488717], [102.7784866, 15.6489551], [102.7784646, 15.6490231], [102.7784062, 15.6491015], [102.7783435, 15.6491315], [102.7782843, 15.6491615], [102.7782607, 15.6491692], [102.7782116, 15.6491853], [102.7781318, 15.6491867], [102.7780385, 15.6491754], [102.7779582, 15.6491446], [102.7778171, 15.6490365], [102.7777586, 15.6489916], [102.7777322, 15.6489714], [102.7775949, 15.6489125], [102.7775423, 15.6489015], [102.7774814, 15.6488887], [102.7773927, 15.6488747], [102.7773714, 15.6488713], [102.7772886, 15.6488888], [102.7772192, 15.6489093], [102.7771883, 15.6489241], [102.7771631, 15.6489361], [102.7771275, 15.6489882], [102.7769952, 15.6492063], [102.7769561, 15.6492489], [102.7769066, 15.6492691], [102.7768422, 15.6492832], [102.7768272, 15.6492865], [102.7767542, 15.6492975], [102.7766611, 15.6492926], [102.7761737, 15.6491851], [102.7760904, 15.6491704], [102.776031, 15.649194], [102.775992, 15.649243], [102.7759903, 15.6492573], [102.7759883, 15.6492737], [102.7759862, 15.6492914], [102.7759941, 15.6493589], [102.7760316, 15.6494098], [102.7760857, 15.6494604], [102.7761472, 15.6494976], [102.7762101, 15.6495356], [102.7763754, 15.6496648], [102.7764097, 15.6497254], [102.7764111, 15.6497994], [102.7763892, 15.6498739], [102.7763501, 15.6499164], [102.7762614, 15.649976], [102.7761434, 15.6500682], [102.776068, 15.6501242], [102.7759382, 15.650299], [102.7756852, 15.6506398], [102.7755248, 15.6507843], [102.7754301, 15.6508697], [102.7753447, 15.6509259], [102.7752934, 15.6509448], [102.7752622, 15.6509563], [102.7751528, 15.6509743], [102.7750464, 15.6509761], [102.774973, 15.6509613], [102.7749059, 15.650927], [102.7748519, 15.6508796], [102.7748107, 15.6508127], [102.7747861, 15.650739], [102.7747747, 15.6506619], [102.7747698, 15.650575], [102.774769, 15.6504274], [102.7747669, 15.6500533], [102.7747626, 15.6500244], [102.7747573, 15.6499886], [102.7747517, 15.6499505], [102.7747204, 15.6498769], [102.774656, 15.6498104], [102.7745754, 15.6497667], [102.7744885, 15.6497392], [102.7743984, 15.6497182], [102.7743665, 15.6497244], [102.774289, 15.6497394], [102.7742033, 15.6497763], [102.7741211, 15.6498293], [102.774049, 15.649882], [102.7739902, 15.6499378], [102.7739217, 15.6500099], [102.7738833, 15.6500911], [102.7738548, 15.6501689], [102.7738439, 15.6503011], [102.7738454, 15.6503815], [102.7738457, 15.6504009], [102.7738536, 15.6504684], [102.7738783, 15.6505421], [102.773904, 15.6505879], [102.7739195, 15.6506155], [102.7743036, 15.6510727], [102.7743617, 15.6511619], [102.7743727, 15.6512165], [102.7743799, 15.6512805], [102.7743786, 15.6513581], [102.7743695, 15.6514066], [102.7743276, 15.6514749], [102.7742079, 15.6515304], [102.7741759, 15.6515452], [102.7740669, 15.6515793], [102.7739474, 15.6515942], [102.7737986, 15.6515928], [102.773759, 15.6515882], [102.7737079, 15.6515822], [102.7736309, 15.6515546], [102.773557, 15.651514], [102.7735278, 15.651483], [102.7735131, 15.6514675], [102.7735062, 15.6514601], [102.773482, 15.6514122], [102.7734709, 15.6513512], [102.7734691, 15.6512546], [102.7734646, 15.6511902], [102.7734826, 15.6510804], [102.7735024, 15.6509333], [102.773492, 15.6508677], [102.7734742, 15.6508068], [102.7734338, 15.6507752], [102.77338, 15.6507472], [102.7733033, 15.6507324], [102.7731871, 15.6507408], [102.7731076, 15.6507583], [102.7729989, 15.6508117], [102.7729134, 15.6508615], [102.7728208, 15.6508889], [102.7727245, 15.6508938], [102.7725814, 15.6508834], [102.7724052, 15.6508832], [102.7722991, 15.6508979], [102.7722167, 15.650938], [102.7721547, 15.6510002], [102.772097, 15.6511204], [102.772084, 15.6511777], [102.7720509, 15.6513241], [102.7720557, 15.651415], [102.7720902, 15.6514748], [102.7721511, 15.6515286], [102.7721982, 15.6515485], [102.7722683, 15.6515781], [102.7723084, 15.6515989], [102.7725268, 15.6517121], [102.7726109, 15.6517654], [102.7726418, 15.6518197], [102.7726593, 15.6518709], [102.7726504, 15.651929], [102.7726311, 15.6519648], [102.772622, 15.6519795], [102.7725989, 15.6520169], [102.7723598, 15.6522143], [102.7722845, 15.65228], [102.7722593, 15.6523545], [102.7722508, 15.6524352], [102.7722753, 15.6524992], [102.7724345, 15.6528929], [102.7724564, 15.652947], [102.7724748, 15.6530434], [102.7724793, 15.6531077], [102.77247, 15.6531465], [102.7724368, 15.6531732], [102.7724209, 15.653186], [102.7723312, 15.6531908], [102.7721672, 15.6531651], [102.7717744, 15.6531037], [102.7716714, 15.6531055], [102.7716322, 15.6531416], [102.7716162, 15.6531773], [102.7716138, 15.6532289], [102.7716219, 15.6533061], [102.7716474, 15.6534313], [102.7716605, 15.6535341], [102.771663, 15.6535534], [102.7716801, 15.6536459], [102.7716816, 15.6536596], [102.771683, 15.65374], [102.7716833, 15.6537528], [102.771664, 15.6537917], [102.771648, 15.6538242], [102.7716113, 15.6538558], [102.7715564, 15.6539031], [102.7714185, 15.6539989], [102.7713654, 15.6540302], [102.7710238, 15.6542312], [102.7708555, 15.6542985], [102.7707687, 15.6543074], [102.7707427, 15.6543101], [102.7707184, 15.654305], [102.7706726, 15.6542952], [102.7706056, 15.6542642], [102.7705314, 15.6542107], [102.7704839, 15.6541535], [102.7704628, 15.6540927], [102.7704478, 15.6540027], [102.7704486, 15.6539194], [102.7704489, 15.6538803], [102.7704464, 15.6537419], [102.770453, 15.6535614], [102.770471, 15.6534548], [102.7705165, 15.6532878], [102.7705557, 15.6531763], [102.7706322, 15.653001], [102.7707637, 15.6526755], [102.7708073, 15.6525678], [102.7708278, 15.6525169], [102.7708389, 15.6524896], [102.7708504, 15.6524471], [102.7708598, 15.6523561], [102.7708344, 15.6522438], [102.7708199, 15.6521764], [102.7707894, 15.6521244], [102.7707624, 15.652092], [102.770728, 15.652062], [102.770699, 15.6520385], [102.770648, 15.6520185], [102.7705842, 15.652013], [102.770534, 15.6520174], [102.7704756, 15.6520263], [102.7704479, 15.6520341], [102.7704316, 15.6520414], [102.7703793, 15.6520713], [102.7703463, 15.6520944], [102.7702873, 15.6521402], [102.770267, 15.6521598], [102.7702346, 15.6522019], [102.7702143, 15.6522363], [102.769897, 15.6531936], [102.769874, 15.6532327], [102.7698084, 15.6532913], [102.7697856, 15.6533039], [102.7697379, 15.6533209], [102.7696828, 15.6533301], [102.7696485, 15.6533336], [102.769589, 15.6533282], [102.7695667, 15.6533234], [102.7695276, 15.65331], [102.7694448, 15.653273], [102.7694177, 15.653255], [102.7693086, 15.6531559], [102.7692193, 15.6530604], [102.7691825, 15.6530147], [102.7691607, 15.6529824], [102.7690587, 15.6528194], [102.7690084, 15.6527391], [102.7689687, 15.6526826], [102.7689491, 15.652663], [102.7689347, 15.6526512], [102.7689105, 15.6526351], [102.7688738, 15.6526222], [102.7688254, 15.6526156], [102.7687963, 15.6526152], [102.7687535, 15.6526146], [102.7686781, 15.6526226], [102.768644, 15.6526262], [102.768556, 15.6526372], [102.7685225, 15.6526442], [102.768507, 15.6526494], [102.7684585, 15.6526721], [102.768436, 15.652687], [102.7684254, 15.6526956], [102.7683892, 15.652734], [102.7683689, 15.6527657], [102.7683321, 15.6528377], [102.7683199, 15.6528674], [102.7682748, 15.6529772], [102.7682632, 15.653014], [102.7681895, 15.6532472], [102.7681477, 15.6533458], [102.7681293, 15.6533725], [102.7680925, 15.6534174], [102.7680553, 15.6534487], [102.7679982, 15.6534845], [102.7679477, 15.65351], [102.7678505, 15.6535414], [102.7677768, 15.6535578], [102.7676944, 15.6535666], [102.7676506, 15.6535645], [102.7675506, 15.6535534], [102.7673437, 15.6535054], [102.7670987, 15.6534297], [102.7669348, 15.653379], [102.7669046, 15.6533734], [102.7668672, 15.6533684], [102.7667701, 15.6533629], [102.7667493, 15.6533642], [102.7666795, 15.6533654], [102.7666384, 15.6533696], [102.7665794, 15.6533821], [102.7665559, 15.6533883], [102.7665074, 15.6534038], [102.7664249, 15.6534375], [102.7663814, 15.6534651], [102.766346, 15.6534923], [102.7662905, 15.6535434], [102.7661942, 15.653632], [102.7661399, 15.6536693], [102.7659981, 15.6537315], [102.7659284, 15.6537568], [102.7658955, 15.6537653], [102.7658691, 15.6537691], [102.7658159, 15.6537701], [102.7657594, 15.6537678], [102.7657184, 15.6537586], [102.7656856, 15.6537458], [102.7656556, 15.6537309], [102.7656104, 15.6537052], [102.7655741, 15.6536768], [102.7655411, 15.6536459], [102.7654665, 15.6535699], [102.7654387, 15.6535523], [102.7653824, 15.6535166], [102.7653526, 15.6534931], [102.7652844, 15.6534393], [102.7652586, 15.6534103], [102.7652029, 15.6533361], [102.765111, 15.6532185], [102.7650127, 15.6531171], [102.764949, 15.6530657], [102.7649212, 15.6530511], [102.7648813, 15.6530372], [102.764843, 15.6530322], [102.7647856, 15.6530312], [102.764757, 15.653038], [102.7647183, 15.6530531], [102.7646938, 15.6530692], [102.7646535, 15.6531072], [102.7646083, 15.6531526], [102.764597, 15.6531712], [102.7645745, 15.653213], [102.7644831, 15.6533831], [102.7644433, 15.6534297], [102.7643768, 15.6534604], [102.7643588, 15.6534664], [102.7642683, 15.6534907], [102.7641622, 15.6535054], [102.7640835, 15.6534976], [102.7640725, 15.6534946], [102.7640449, 15.6534834], [102.7639952, 15.6534632], [102.763881, 15.6534007], [102.7633847, 15.6531396], [102.7632691, 15.6530788], [102.7632228, 15.6530608], [102.7631367, 15.6530386], [102.7630522, 15.6530261], [102.7629917, 15.653029], [102.762932, 15.6530429], [102.7629056, 15.6530507], [102.7628741, 15.65306], [102.7627936, 15.6530906], [102.7626663, 15.6531478], [102.7626125, 15.6531694], [102.7624911, 15.6532113], [102.7623753, 15.6532333], [102.7622654, 15.6532256], [102.7621919, 15.6532061], [102.7621124, 15.6531768], [102.7620777, 15.6531544], [102.7618598, 15.6530137], [102.7618364, 15.6530029], [102.7618083, 15.6529899], [102.7617539, 15.6529647], [102.7616979, 15.6529438], [102.7616319, 15.6529255], [102.7615715, 15.6529205], [102.7615543, 15.6529218], [102.761492, 15.6529264], [102.7614194, 15.6529433], [102.7613927, 15.6529559], [102.7613793, 15.6529643], [102.7613376, 15.652995], [102.7613001, 15.653036], [102.7612832, 15.6530615], [102.7612564, 15.653113], [102.7612398, 15.6531576], [102.7612358, 15.6531698], [102.7612303, 15.6532227], [102.7612295, 15.6532981], [102.7612312, 15.6533192], [102.7612362, 15.65338], [102.7612446, 15.6534183], [102.7612594, 15.6534501], [102.7613102, 15.6535381], [102.7614811, 15.6537866], [102.7615349, 15.6538684], [102.7615511, 15.6539107], [102.7615566, 15.6539382], [102.7615484, 15.6539913], [102.761534, 15.654029], [102.7615077, 15.6540748], [102.7614959, 15.6540909], [102.7614651, 15.6541218], [102.761433, 15.6541424], [102.7613932, 15.6541631], [102.7613489, 15.6541771], [102.7613109, 15.6541858], [102.7612927, 15.6541861], [102.7612225, 15.6541873], [102.7611258, 15.6541696], [102.7609688, 15.6541304], [102.760721, 15.6540385], [102.7606636, 15.6540172], [102.7605816, 15.6539868], [102.7605524, 15.6539808], [102.7605053, 15.6539759], [102.7604075, 15.6539806], [102.7603709, 15.6539865], [102.7603563, 15.65399], [102.7603241, 15.6540007], [102.7602687, 15.6540233], [102.7602423, 15.6540381], [102.7602161, 15.6540545], [102.760198, 15.6540708], [102.7601573, 15.6541214], [102.7601372, 15.654161], [102.7601223, 15.6541968], [102.7601025, 15.6542737], [102.7600922, 15.6543815], [102.7600947, 15.6546405], [102.7600955, 15.6547317], [102.7601073, 15.6548751], [102.7601126, 15.6549408], [102.7601729, 15.6551459], [102.7602378, 15.6554218], [102.7602344, 15.6554761], [102.7602307, 15.655534], [102.7602252, 15.655551], [102.7601515, 15.6556456], [102.7600904, 15.6556745], [102.7600719, 15.6556833], [102.7600391, 15.6556927], [102.7599971, 15.6557002], [102.7599535, 15.6556964], [102.759909, 15.655685], [102.7598563, 15.6556715], [102.7597833, 15.6556455], [102.7596531, 15.6555826], [102.7596211, 15.6555548], [102.7595946, 15.6555166], [102.7595891, 15.6555037], [102.7595564, 15.6554271], [102.7595169, 15.6553409], [102.7594748, 15.6552636], [102.7594492, 15.6552317], [102.7594254, 15.6552148], [102.7593699, 15.6551984], [102.7593102, 15.6551994], [102.7592725, 15.6552101], [102.7592235, 15.6552397], [102.7591966, 15.6552625], [102.7591669, 15.6552983], [102.759155, 15.6553247], [102.7591402, 15.6553923], [102.7591193, 15.6555248], [102.759098, 15.6556089], [102.7590734, 15.6556681], [102.7590578, 15.655697], [102.7590319, 15.6557218], [102.7590035, 15.6557428], [102.7589791, 15.655756], [102.7589145, 15.6557763], [102.7588637, 15.655782], [102.7588103, 15.6557881], [102.7582742, 15.6558485], [102.7581354, 15.6558771], [102.7580385, 15.655907], [102.7579858, 15.6559302], [102.7579739, 15.6559366], [102.7579432, 15.6559661], [102.7578952, 15.656029], [102.7578007, 15.6561369], [102.7576967, 15.6562287], [102.7575716, 15.6563151], [102.7575336, 15.6563347], [102.7574174, 15.6563867], [102.7572576, 15.6564361], [102.7571691, 15.6564561], [102.7569332, 15.6565093], [102.7566352, 15.6565905], [102.7565491, 15.656619], [102.7564848, 15.6566441], [102.7563906, 15.6566861], [102.7563333, 15.6567232], [102.7563081, 15.6567452], [102.7562678, 15.6567924], [102.7562543, 15.6568231], [102.7562452, 15.6568562], [102.7562414, 15.6568734], [102.7562333, 15.6569309], [102.7562328, 15.6569519], [102.7562373, 15.656998], [102.7562529, 15.6570795], [102.7562618, 15.6571038], [102.7562977, 15.6571659], [102.7563549, 15.657244], [102.7564434, 15.6573585], [102.7565665, 15.6575464], [102.7565781, 15.6575671], [102.7566112, 15.6576262], [102.7566293, 15.6577064], [102.7566313, 15.6578159], [102.7565933, 15.6579228], [102.7565435, 15.65803], [102.7565304, 15.6580494], [102.7563861, 15.6582131], [102.7563291, 15.6582778], [102.7562735, 15.6583154], [102.7561714, 15.6583843], [102.7559443, 15.6584307], [102.7556677, 15.6583914], [102.755429, 15.6583524], [102.7551409, 15.6582154], [102.7550668, 15.6580806], [102.7549662, 15.6580674], [102.7548147, 15.6581024], [102.7546246, 15.6582223], [102.7544723, 15.6583304], [102.7543713, 15.6583537], [102.7541817, 15.6584248], [102.7539913, 15.6585691], [102.7539987, 15.6587398], [102.754003, 15.6589761], [102.7539968, 15.6591483], [102.7539554, 15.6593621], [102.7539317, 15.6595384], [102.7538742, 15.6596386], [102.7538679, 15.6598077], [102.7538904, 15.6598973], [102.7539991, 15.65993], [102.7540639, 15.6599941], [102.7541228, 15.6600897], [102.7541368, 15.6603115], [102.7541407, 15.6604458], [102.7540793, 15.6604983], [102.7540474, 15.6605048], [102.7537902, 15.660622], [102.7536383, 15.6606761], [102.7535288, 15.6606877], [102.753399, 15.6606835], [102.7532328, 15.6606831], [102.7531784, 15.6606885], [102.753147, 15.6606917], [102.7530912, 15.6607023], [102.7530594, 15.6607117], [102.7530104, 15.6607314], [102.7529861, 15.660748], [102.7529551, 15.6607692], [102.7529062, 15.6608202], [102.7528856, 15.6608482], [102.7528739, 15.6608768], [102.7528619, 15.6609439], [102.7528645, 15.6609841], [102.7528737, 15.6610393], [102.7528948, 15.6611109], [102.7529152, 15.6611745], [102.7529654, 15.6613319], [102.7529873, 15.6614411], [102.7529823, 15.6615313], [102.7529728, 15.6616052], [102.7529621, 15.6616434], [102.752952, 15.6616672], [102.7529273, 15.6617031], [102.7528951, 15.6617351], [102.7528764, 15.6617488], [102.752857, 15.6617604], [102.752818, 15.6617768], [102.7527987, 15.6617832], [102.7527543, 15.6617978], [102.7527231, 15.661806], [102.7526833, 15.6618103], [102.7525966, 15.6618118], [102.752545, 15.6618049], [102.7524978, 15.6617958], [102.7524645, 15.6617848], [102.7524182, 15.6617658], [102.7523888, 15.6617482], [102.7523305, 15.6617036], [102.7521232, 15.6615295], [102.7520216, 15.6614442], [102.7518272, 15.661281], [102.7518004, 15.6612585], [102.7517164, 15.6612084], [102.751646, 15.6611774], [102.7512636, 15.6609939], [102.7511762, 15.6609755], [102.7511502, 15.6609701], [102.7510638, 15.6609748], [102.7509911, 15.6609986], [102.7509319, 15.6610318], [102.7508893, 15.661068], [102.7508341, 15.6611398], [102.7507629, 15.6612473], [102.7506813, 15.6615096], [102.7506399, 15.6616102], [102.7505879, 15.6616755], [102.7505498, 15.6617188], [102.750532, 15.661762], [102.7505271, 15.6617834], [102.7505206, 15.6618119], [102.750519, 15.6619054], [102.7505247, 15.6620374], [102.7505128, 15.6621148], [102.7504979, 15.6621484], [102.7504802, 15.6621694], [102.7504616, 15.6621806], [102.7504079, 15.6621972], [102.7503416, 15.6622048], [102.7503016, 15.662199], [102.7502107, 15.6621394], [102.7500574, 15.6620175], [102.7497883, 15.6618035], [102.7496912, 15.6617263], [102.7495971, 15.6616732], [102.7495539, 15.6616623], [102.749537, 15.6616581], [102.7494638, 15.6616561], [102.7494074, 15.6616603], [102.7493797, 15.6616694], [102.7493248, 15.6616875], [102.7492456, 15.6617211], [102.7491934, 15.6617501], [102.7491221, 15.6618108], [102.7489939, 15.6619203], [102.7489282, 15.6619545], [102.7488864, 15.6619683], [102.7488313, 15.6619762], [102.7487647, 15.6619677], [102.7486689, 15.6619493], [102.748454, 15.6619163], [102.7484366, 15.6619143], [102.7483479, 15.6619039], [102.7482319, 15.6619085], [102.7481622, 15.6619188], [102.7481026, 15.6619371], [102.7480684, 15.6619544], [102.7480066, 15.6619946], [102.7479973, 15.6620034], [102.7479388, 15.662072], [102.7479186, 15.662101], [102.7478726, 15.6621675], [102.7478663, 15.6621805], [102.7478491, 15.6622325], [102.7478435, 15.662252], [102.7478392, 15.662267], [102.7478178, 15.6623594], [102.7478122, 15.6624465], [102.7478144, 15.6624995], [102.7478304, 15.6625587], [102.7478402, 15.6625839], [102.7478616, 15.662614], [102.7478749, 15.6626264], [102.7479016, 15.6626448], [102.7479496, 15.6626645], [102.7479884, 15.662672], [102.7480388, 15.6626799], [102.7481228, 15.6626841], [102.7482406, 15.6626685], [102.7482621, 15.6626656], [102.7483712, 15.6626476], [102.7484573, 15.6626411], [102.7485143, 15.662642], [102.7485444, 15.6626435], [102.748608, 15.6626467], [102.7486325, 15.6626479], [102.7486645, 15.6626512], [102.7487295, 15.6626702], [102.7487592, 15.6626855], [102.7487982, 15.6627112], [102.7488321, 15.6627323], [102.7488808, 15.6627704], [102.7489332, 15.6628216], [102.7492835, 15.6632537], [102.7494545, 15.6634658], [102.7495163, 15.6635508], [102.7495314, 15.6635728], [102.7495563, 15.6636134], [102.7495794, 15.6636563], [102.749591, 15.6636814], [102.7496066, 15.6637228], [102.7496158, 15.6637559], [102.7496223, 15.6637794], [102.7496426, 15.6638806], [102.7496438, 15.6639], [102.749635, 15.6641142], [102.749629, 15.6641592], [102.7496248, 15.6641869], [102.7496031, 15.6642682], [102.7495935, 15.6642927], [102.7495619, 15.6643508], [102.7495467, 15.6643766], [102.749505, 15.6644285], [102.7494759, 15.6644603], [102.7494621, 15.6644741], [102.7494241, 15.6645031], [102.7493768, 15.6645331], [102.7493009, 15.6645676], [102.7492702, 15.6645781], [102.7492385, 15.6645864], [102.7491825, 15.6645988], [102.7490392, 15.6646204], [102.7488989, 15.6646247], [102.7488782, 15.6646253], [102.7488216, 15.664627], [102.748756, 15.664643], [102.7487381, 15.6646518], [102.7486754, 15.6646869], [102.7486256, 15.6647256], [102.7485881, 15.6647709], [102.748574, 15.6647972], [102.7485508, 15.6648705], [102.7485466, 15.66489], [102.7485428, 15.6649318], [102.7485534, 15.6649839], [102.7485672, 15.6650229], [102.7486045, 15.665089], [102.7486124, 15.6651013], [102.7486275, 15.6651203], [102.748642, 15.6651364], [102.7486798, 15.6651718], [102.7487033, 15.6651904], [102.7487802, 15.6652413], [102.7487905, 15.6652482], [102.7488317, 15.6652801], [102.7488825, 15.6653254], [102.7489184, 15.6653803], [102.7489349, 15.6654296], [102.7489413, 15.6654613], [102.7489427, 15.6655265], [102.7489349, 15.6655612], [102.7489273, 15.6655813], [102.7489149, 15.6656001], [102.7488924, 15.6656269], [102.7488627, 15.6656568], [102.748812, 15.6656931], [102.7487528, 15.6657236], [102.7487277, 15.6657365], [102.7486496, 15.6657722], [102.7482787, 15.6659107], [102.7481295, 15.6659664], [102.7478298, 15.6660663], [102.7477275, 15.6661004], [102.7476913, 15.6661206], [102.7476605, 15.6661411], [102.7476009, 15.6661868], [102.7475462, 15.666247], [102.7474942, 15.6663123], [102.7474568, 15.6663706], [102.7474194, 15.6664525], [102.7474003, 15.666524], [102.7473906, 15.6666491], [102.7473749, 15.6668813], [102.7473531, 15.6669694], [102.747348, 15.6669848], [102.7472952, 15.6670663], [102.7472254, 15.6671415], [102.7471611, 15.6671939], [102.7470856, 15.6672474], [102.746895, 15.6673826], [102.7468123, 15.667452], [102.7467234, 15.6675423], [102.7466961, 15.6675843], [102.7466875, 15.6676005], [102.7466707, 15.6676382], [102.7466607, 15.667682], [102.7466594, 15.6677568], [102.7466755, 15.6678459], [102.7466877, 15.667877], [102.7467208, 15.6679362], [102.7467299, 15.6679485], [102.7467986, 15.6680225], [102.7468984, 15.6681006], [102.7469703, 15.6681732], [102.7469831, 15.6681861], [102.7470073, 15.6682364], [102.747011, 15.6682586], [102.7470125, 15.6683403], [102.74701, 15.6683821], [102.7470074, 15.6684241], [102.7470055, 15.6684483], [102.747002, 15.6684918], [102.7469757, 15.6685959], [102.746971, 15.6686148], [102.746968, 15.6686346], [102.7469309, 15.6688762], [102.7469175, 15.6689636], [102.7469366, 15.6690985], [102.7469733, 15.669288], [102.7470037, 15.6693813], [102.7470107, 15.6693984], [102.7470739, 15.6695203], [102.7470842, 15.6695341], [102.7471524, 15.6695902], [102.7471923, 15.6696088], [102.7472475, 15.6696212], [102.7474681, 15.6696298], [102.7475435, 15.6696328], [102.747598, 15.669642], [102.747619, 15.669648], [102.7476768, 15.6696771], [102.7476942, 15.6696878], [102.7477331, 15.6697452], [102.7477646, 15.6698349], [102.747787, 15.6699666], [102.7477743, 15.6700269], [102.7477625, 15.670083], [102.7477006, 15.6701549], [102.7476316, 15.6701979], [102.7475538, 15.6702177], [102.7473382, 15.6702725], [102.7471367, 15.6703238], [102.7470099, 15.670356], [102.7469416, 15.6703648], [102.7467138, 15.6703715], [102.7465889, 15.6703629], [102.7465436, 15.6703548], [102.7464673, 15.6703309], [102.7464031, 15.6702961], [102.7463923, 15.6702891], [102.7463259, 15.6702461], [102.7462481, 15.6701733], [102.7461834, 15.6700907], [102.746142, 15.6700076], [102.7461103, 15.6699116], [102.7460888, 15.6697166], [102.7460644, 15.6694944], [102.7460505, 15.6693682], [102.7460097, 15.669224], [102.7459915, 15.6691852], [102.7459545, 15.6691296], [102.7459211, 15.6690985], [102.7458918, 15.6690822], [102.7458745, 15.6690773], [102.7458021, 15.6690568], [102.745672, 15.66903], [102.7455587, 15.6690191], [102.7451825, 15.6690164], [102.7451199, 15.6690241], [102.7450552, 15.6690368], [102.7450227, 15.6690451], [102.7449624, 15.6690677], [102.7449072, 15.6690961], [102.7448809, 15.6691134], [102.744817, 15.6691689], [102.7447318, 15.6692523], [102.7445482, 15.6694539], [102.744493, 15.6695028], [102.7444288, 15.6695483], [102.7443917, 15.6695674], [102.7442926, 15.6696012], [102.7441768, 15.6696322], [102.7441024, 15.6696351], [102.744024, 15.6696381], [102.7438973, 15.6696209], [102.7438643, 15.6696083], [102.7437601, 15.6695685], [102.7435453, 15.6694594], [102.7431144, 15.6692478], [102.7429857, 15.6692001], [102.7428815, 15.6691786], [102.7428003, 15.6691685], [102.7426044, 15.6690731], [102.7423651, 15.6689511], [102.7421915, 15.6688664], [102.7420409, 15.6687916], [102.7419506, 15.6687339], [102.7419019, 15.6686894], [102.7418682, 15.6686542], [102.74182, 15.6685621], [102.7417553, 15.6683964], [102.7417143, 15.6683373], [102.7416542, 15.6682946], [102.74156, 15.6682514], [102.7414676, 15.6682267], [102.7414165, 15.6682225], [102.7413423, 15.6682547], [102.7413281, 15.6682692], [102.7412715, 15.6683272], [102.7412343, 15.6684295], [102.7412047, 15.6685446], [102.741205, 15.6686824], [102.7412173, 15.6687687], [102.7412522, 15.6688643], [102.7412836, 15.6689419], [102.7412939, 15.6690355], [102.7412875, 15.6691086], [102.7412395, 15.6691668], [102.7411674, 15.6692097], [102.741107, 15.6692457], [102.7408187, 15.6693923], [102.740582, 15.6695363], [102.7403757, 15.6696257], [102.7402969, 15.6696588], [102.7402455, 15.6696635], [102.7401513, 15.6696338], [102.7400978, 15.6695836], [102.7400517, 15.6694973], [102.7400445, 15.6694547], [102.7400511, 15.6694124], [102.7400696, 15.669366], [102.7401067, 15.6692934], [102.7401557, 15.6692224], [102.7402213, 15.669157], [102.7403039, 15.6690808], [102.7404431, 15.6689797], [102.7405669, 15.6688664], [102.7405993, 15.6688298], [102.7406454, 15.6687777], [102.7406757, 15.6686999], [102.7406711, 15.6686179], [102.7406543, 15.6685509], [102.7406185, 15.6685102], [102.740549, 15.6684666], [102.7404593, 15.6684253], [102.7403789, 15.6683971], [102.7403176, 15.6683925], [102.7402883, 15.6683967], [102.7402636, 15.6684001], [102.7401999, 15.6683995], [102.740164, 15.668391], [102.7401307, 15.6683661], [102.7401154, 15.6683452], [102.7401059, 15.6683322], [102.7401036, 15.6683101], [102.7400803, 15.6682495], [102.7400663, 15.6682203], [102.7400317, 15.668199], [102.7399852, 15.6681905], [102.7398957, 15.6681821], [102.7397866, 15.668179], [102.739703, 15.6681688], [102.7396175, 15.6681261], [102.7395678, 15.6680351], [102.7395389, 15.6679778], [102.7393731, 15.6678711], [102.7393437, 15.6678522], [102.7392405, 15.6678027], [102.739209, 15.6677906], [102.7391045, 15.6677504], [102.7390627, 15.6677451], [102.7389992, 15.6677417], [102.7387965, 15.6677484], [102.7385799, 15.6677893], [102.7382677, 15.6679249], [102.7378914, 15.6680731], [102.737766, 15.6681268], [102.7375776, 15.6681686], [102.7375346, 15.6681781], [102.7374229, 15.6682029], [102.737074, 15.6682803], [102.7367825, 15.6683401], [102.7366534, 15.6683745], [102.7365999, 15.668391], [102.7365212, 15.6684154], [102.7364217, 15.66843], [102.7363275, 15.6684255], [102.736301, 15.6684181], [102.7362538, 15.6684018], [102.7362348, 15.6683918], [102.7361861, 15.6683568], [102.7361751, 15.6683466], [102.7361095, 15.6682773], [102.7360602, 15.6682024], [102.7360411, 15.6681627], [102.7360155, 15.6680343], [102.7360028, 15.6679656], [102.7359971, 15.6679347], [102.7359956, 15.667851], [102.7360009, 15.6675964], [102.7359989, 15.6674883], [102.7359891, 15.6674456], [102.7359719, 15.6673999], [102.7359634, 15.6673835], [102.7359484, 15.6673673], [102.7358884, 15.6673253], [102.735781, 15.6672703], [102.7356884, 15.6672345], [102.7355679, 15.667194], [102.7354975, 15.667154], [102.7354263, 15.6670812], [102.7353968, 15.6670481], [102.7353415, 15.666986], [102.7352255, 15.6668494], [102.7351107, 15.6667142], [102.7350745, 15.6666834], [102.7350028, 15.6666439], [102.7349158, 15.6666132], [102.7348516, 15.6666067], [102.7348058, 15.6666021], [102.7346858, 15.6665863], [102.7346602, 15.6665789], [102.7346442, 15.6665727], [102.7345888, 15.6665511], [102.7344747, 15.6664918], [102.73433, 15.6663977], [102.7342881, 15.6663689], [102.7342021, 15.6663097], [102.7341308, 15.6662611], [102.7339838, 15.6661609], [102.7339798, 15.6662058], [102.7339631, 15.6662524], [102.7339024, 15.6663338], [102.7338434, 15.6664058], [102.7338368, 15.6664138], [102.7337979, 15.666467], [102.7337674, 15.6665448], [102.7337438, 15.6666488], [102.7337419, 15.6667199], [102.7337433, 15.6667956], [102.7337539, 15.6668557], [102.7337757, 15.6669141], [102.7337992, 15.6669771], [102.733836, 15.6670692], [102.7338592, 15.6672033], [102.7338644, 15.6673129], [102.7338657, 15.6673855], [102.7338574, 15.6674552], [102.7338272, 15.6675516], [102.7337764, 15.6676529], [102.7337251, 15.6677234], [102.7336624, 15.6677863], [102.7336137, 15.6678288], [102.7335603, 15.667873], [102.7335018, 15.6679049], [102.7334415, 15.667923], [102.733373, 15.6679303], [102.7333092, 15.6679283], [102.7332372, 15.6679187], [102.7331968, 15.6679094], [102.7331683, 15.6679029], [102.7322502, 15.6675074], [102.7321542, 15.6674905], [102.7321013, 15.667479], [102.7320434, 15.6674538], [102.7318903, 15.6673773], [102.7317904, 15.6673194], [102.7317534, 15.6672979], [102.7316725, 15.6672329], [102.7316334, 15.6671918], [102.7315765, 15.6671325], [102.7315429, 15.6671059], [102.7315285, 15.6670976], [102.7314737, 15.6670841], [102.7314383, 15.6670807], [102.7313905, 15.6670816], [102.7313412, 15.6670886], [102.7312937, 15.6671028], [102.7312809, 15.6671066], [102.7312321, 15.6671415], [102.7311947, 15.6671946], [102.7311673, 15.6672631], [102.7311308, 15.6673611], [102.7311037, 15.6674382], [102.7310959, 15.6674606], [102.7310511, 15.6675449], [102.7309257, 15.6677541], [102.7309051, 15.6677795], [102.7308414, 15.6678576], [102.7307864, 15.6679018], [102.7307279, 15.6679291], [102.7306548, 15.6679443], [102.7305816, 15.6679563], [102.7305391, 15.6679523], [102.7305239, 15.6679508], [102.7305129, 15.6679498], [102.7304582, 15.6679244], [102.7304224, 15.6678864], [102.7303852, 15.6678252], [102.7303766, 15.6678076], [102.7303443, 15.6677161], [102.7303127, 15.6676175], [102.7303071, 15.6675851], [102.7302497, 15.6672518], [102.7302379, 15.6672187], [102.7301552, 15.6670923], [102.7301099, 15.667023], [102.7298657, 15.6667083], [102.7297146, 15.6665135], [102.7295541, 15.6663725], [102.729383, 15.6662479], [102.7292924, 15.666193], [102.7292325, 15.6661477], [102.729195, 15.6661004], [102.7291668, 15.666059], [102.7291409, 15.6660209], [102.7290556, 15.6658941], [102.729021, 15.6658313], [102.7289932, 15.6657931], [102.7289394, 15.6657338], [102.7288538, 15.665675], [102.7287749, 15.6656315], [102.7287139, 15.6656124], [102.7286001, 15.6655819], [102.7284946, 15.6655713], [102.7284341, 15.665577], [102.7283911, 15.6655855], [102.7283517, 15.6656093], [102.7283108, 15.6656409], [102.7282171, 15.6657507], [102.7281222, 15.6658712], [102.7280852, 15.6659338], [102.728072, 15.6659589], [102.7280448, 15.666018], [102.728019, 15.6660859], [102.7279793, 15.6662109], [102.727955, 15.6663032], [102.727951, 15.6663236], [102.7279505, 15.6663412], [102.7279493, 15.6663829], [102.7279501, 15.666423], [102.7279672, 15.6664892], [102.7279952, 15.6665351], [102.7280198, 15.6665733], [102.7280492, 15.6666099], [102.7280914, 15.6666478], [102.7281962, 15.6667064], [102.7282606, 15.6667423], [102.7283846, 15.6668082], [102.7284234, 15.6668369], [102.7284433, 15.6668752], [102.7284585, 15.6669198], [102.728459, 15.6669486], [102.7284592, 15.6669615], [102.7284547, 15.6670054], [102.7284469, 15.6670289], [102.7284369, 15.6670504], [102.7284277, 15.6670703], [102.7284061, 15.6671139], [102.7283702, 15.6671563], [102.728322, 15.6672057], [102.7282492, 15.6672659], [102.7282349, 15.6672762], [102.7276777, 15.6676781], [102.7275753, 15.6677479], [102.7275109, 15.6678031], [102.7274718, 15.6678471], [102.7274312, 15.6678988], [102.7273878, 15.6679644], [102.7273494, 15.6680454], [102.7273089, 15.6681033], [102.7272664, 15.6681319], [102.7272314, 15.6681417], [102.7271932, 15.6681439], [102.7271613, 15.6681429], [102.7271306, 15.6681234], [102.7271079, 15.6681006], [102.7270752, 15.6680578], [102.7270683, 15.6680301], [102.7270627, 15.667987], [102.7270602, 15.6679637], [102.7270584, 15.6679467], [102.7270551, 15.667916], [102.7270554, 15.6678495], [102.7270671, 15.6677875], [102.727079, 15.6677394], [102.7271049, 15.6676755], [102.7271098, 15.6676596], [102.727126, 15.6676072], [102.7271447, 15.667494], [102.7271742, 15.6671828], [102.7271777, 15.6671117], [102.7271649, 15.6669357], [102.7271646, 15.6661319], [102.7271655, 15.6660917], [102.7271618, 15.6660609], [102.7271042, 15.6659308], [102.7270245, 15.6657061], [102.7269452, 15.6655576], [102.7269111, 15.6655241], [102.7268788, 15.6655015], [102.7268353, 15.6654806], [102.7268169, 15.6654779], [102.7267682, 15.6654709], [102.726732, 15.6654706], [102.7267075, 15.6654704], [102.7266614, 15.6654789], [102.7266156, 15.6655029], [102.7265811, 15.6655344], [102.7265738, 15.6655747], [102.7265731, 15.6656211], [102.7265802, 15.6656612], [102.7265855, 15.6656935], [102.7265957, 15.6657243], [102.7266632, 15.665839], [102.7266864, 15.6658866], [102.7266999, 15.6659265], [102.7267053, 15.6659651], [102.7267095, 15.666026], [102.7267021, 15.6661033], [102.7266799, 15.6662648], [102.7266753, 15.6662961], [102.726666, 15.6663589], [102.7266573, 15.6663889], [102.7266412, 15.6664238], [102.7266222, 15.6664513], [102.7265848, 15.6664983], [102.7265543, 15.6665301], [102.7265189, 15.6665574], [102.7264773, 15.6665789], [102.7264394, 15.6665889], [102.726388, 15.6665967], [102.7263174, 15.6665967], [102.7262729, 15.6665871], [102.7261923, 15.6665618], [102.7261128, 15.666533], [102.7260492, 15.6665213], [102.7260266, 15.6665183], [102.7260036, 15.6665151], [102.7259078, 15.6665144], [102.7258014, 15.6665163], [102.7256831, 15.6665252], [102.7256116, 15.6665404], [102.7255592, 15.6665563], [102.7254107, 15.6666122], [102.725281, 15.666655], [102.7251782, 15.666673], [102.725096, 15.6666778], [102.7249917, 15.6666692], [102.7248947, 15.6666639], [102.7248445, 15.6666647], [102.7247955, 15.6666725], [102.7246945, 15.666709], [102.7246781, 15.6667132], [102.7246266, 15.6667264], [102.7245729, 15.6667343], [102.7245262, 15.6667316], [102.724477, 15.666722], [102.7244204, 15.6667056], [102.7243711, 15.6666902], [102.7243277, 15.66667], [102.7242852, 15.6666406], [102.7242488, 15.6666111], [102.7242085, 15.6665643], [102.7240453, 15.6663433], [102.7240194, 15.6663217], [102.7240012, 15.6663127], [102.7239716, 15.666304], [102.7239453, 15.6662983], [102.7239272, 15.6662943], [102.7238884, 15.6662941], [102.7238629, 15.666298], [102.7238398, 15.6663059], [102.7238153, 15.6663175], [102.7237962, 15.6663278], [102.7237817, 15.6663393], [102.7237568, 15.6663646], [102.7237424, 15.6663833], [102.7237373, 15.6663938], [102.723725, 15.6664287], [102.7237172, 15.6664749], [102.7237163, 15.666493], [102.7237156, 15.6665727], [102.7237168, 15.6666336], [102.7237154, 15.6666515], [102.7237103, 15.6666789], [102.7237023, 15.6667], [102.7236846, 15.6667305], [102.7236717, 15.6667445], [102.7236509, 15.6667604], [102.7236259, 15.6667701], [102.7235972, 15.6667706], [102.7235719, 15.6667618], [102.7235452, 15.6667425], [102.7234465, 15.6666531], [102.7234158, 15.6666337], [102.7233899, 15.6666234], [102.7233606, 15.6666152], [102.7233155, 15.6666119], [102.7232486, 15.6666154], [102.7232228, 15.666617], [102.7231961, 15.6666213], [102.7231625, 15.666631], [102.7231065, 15.6666598], [102.7230717, 15.6666823], [102.7230291, 15.6667129], [102.7230035, 15.6667289], [102.7229726, 15.6667445], [102.7229526, 15.6667538], [102.7229138, 15.6667614], [102.7228695, 15.6667621], [102.7228473, 15.6667619], [102.7228173, 15.6667602], [102.7227654, 15.6667523], [102.7227424, 15.6667472], [102.7227072, 15.6667344], [102.7226833, 15.6667212], [102.7225947, 15.6666664], [102.7225308, 15.6666352], [102.72246, 15.6666057], [102.7224049, 15.6665852], [102.7223689, 15.6665753], [102.7223278, 15.6665702], [102.7222965, 15.6665678], [102.7217872, 15.6665623], [102.7217429, 15.6665601], [102.7216919, 15.6665526], [102.7216606, 15.6665416], [102.7216232, 15.6665236], [102.7215869, 15.6665022], [102.7215566, 15.6664784], [102.7215428, 15.6664677], [102.7215019, 15.6664257], [102.7214846, 15.6664031], [102.7214394, 15.6663529], [102.7214081, 15.6663236], [102.7213971, 15.6663171], [102.7213788, 15.6663099], [102.7213404, 15.6663024], [102.7213276, 15.6663021], [102.721302, 15.6663043], [102.7212677, 15.6663164], [102.7212506, 15.6663262], [102.721238, 15.6663381], [102.7212276, 15.666353], [102.7212215, 15.6663659], [102.7212039, 15.6664111], [102.7211925, 15.6664579], [102.7211805, 15.6665265], [102.7211724, 15.6665786], [102.7211698, 15.6665951], [102.7211521, 15.6666719], [102.7211375, 15.6667244], [102.7211114, 15.6667858], [102.7210967, 15.6668094], [102.7210784, 15.6668355], [102.7210612, 15.666852], [102.7209529, 15.6669499], [102.7208966, 15.6669875], [102.7208697, 15.6670013], [102.7208221, 15.6670184], [102.7207804, 15.6670295], [102.7207505, 15.66703], [102.7207396, 15.6670292], [102.7207196, 15.6670277], [102.7200532, 15.666977], [102.7199989, 15.6669666], [102.7199893, 15.6669628], [102.7199702, 15.6669552], [102.7199401, 15.6669418], [102.7199134, 15.6669226], [102.7198926, 15.6668997], [102.7198778, 15.6668721], [102.7198628, 15.6668388], [102.7198232, 15.6666992], [102.7196706, 15.666136], [102.7196321, 15.6660402], [102.7195782, 15.6659223], [102.7195466, 15.6658696], [102.7195368, 15.6658549], [102.7194901, 15.665801], [102.7194559, 15.6657747], [102.7194365, 15.6657633], [102.7194001, 15.6657469], [102.7193887, 15.665744], [102.7193416, 15.6657417], [102.7193075, 15.6657451], [102.7192849, 15.6657522], [102.719263, 15.6657616], [102.7192228, 15.6657878], [102.719197, 15.6658111], [102.7191723, 15.6658419], [102.719156, 15.6658666], [102.7191222, 15.6659158], [102.7190847, 15.6659719], [102.7189952, 15.6661058], [102.7186195, 15.6665287], [102.718608, 15.6665416], [102.718464, 15.6667037], [102.7184412, 15.6667173], [102.7184317, 15.6667206], [102.7184034, 15.6667268], [102.71837, 15.666732], [102.7183413, 15.6667313], [102.7183124, 15.666726], [102.718287, 15.6667195], [102.7182536, 15.6667053], [102.7182442, 15.6666998], [102.7182014, 15.6666746], [102.7177784, 15.6664427], [102.7175621, 15.6662975], [102.7175504, 15.6662835], [102.7175445, 15.6662736], [102.7175087, 15.6662134], [102.7173905, 15.665965], [102.7173791, 15.6659431], [102.7173589, 15.6659209], [102.7173416, 15.6659078], [102.7173234, 15.6658999], [102.7172826, 15.6658855], [102.7172604, 15.6658817], [102.7172411, 15.6658803], [102.7172107, 15.6658799], [102.7171855, 15.6658804], [102.7171652, 15.6658822], [102.7171231, 15.665889], [102.7169816, 15.6659163], [102.7167407, 15.6659744], [102.7166766, 15.6659899], [102.7166282, 15.666007], [102.7166012, 15.6660182], [102.7165903, 15.6660248], [102.7165479, 15.6660576], [102.7165309, 15.6660735], [102.7165026, 15.6661079], [102.7164888, 15.6661295], [102.7164634, 15.6661755], [102.716453, 15.666193], [102.7164352, 15.6662261], [102.7164265, 15.6662505], [102.716419, 15.6662764], [102.716411, 15.6663213], [102.7164067, 15.6663527], [102.7164041, 15.6663827], [102.7164008, 15.6664838], [102.7163932, 15.6667274], [102.7163898, 15.6667561], [102.7163707, 15.6668994], [102.7163511, 15.6670286], [102.7163448, 15.6670581], [102.7163371, 15.6670867], [102.716309, 15.6671683], [102.7162902, 15.667208], [102.7162713, 15.6672408], [102.7162487, 15.6672735], [102.7162319, 15.6673006], [102.7161825, 15.6673801], [102.7161516, 15.6674297], [102.7161255, 15.6674715], [102.7160944, 15.6675241], [102.7160613, 15.6676091], [102.7160513, 15.6676459], [102.7160474, 15.66767], [102.7160472, 15.6677059], [102.7160477, 15.6677372], [102.7160539, 15.6677754], [102.716063, 15.667819], [102.7160687, 15.6678388], [102.7160789, 15.6678648], [102.7160969, 15.6678996], [102.7161029, 15.6679096], [102.7161215, 15.6679346], [102.7161617, 15.6679843], [102.7164313, 15.668283], [102.7164634, 15.6683163], [102.7165064, 15.6683546], [102.7165608, 15.6683875], [102.716573, 15.6683948], [102.7166493, 15.6684469], [102.7166809, 15.6684765], [102.716703, 15.6685039], [102.7167466, 15.6685665], [102.7170334, 15.6689783], [102.7170528, 15.6690164], [102.7170579, 15.6690741], [102.7170562, 15.6691112], [102.7170485, 15.6691519], [102.7170438, 15.6691642], [102.7170314, 15.6691962], [102.7170128, 15.6692255], [102.7169894, 15.6692561], [102.7169474, 15.6692901], [102.7169169, 15.6693036], [102.7169039, 15.6693073], [102.7168624, 15.6693139], [102.7167918, 15.6693139], [102.7167475, 15.6693089], [102.7167102, 15.6693002], [102.7166874, 15.6692933], [102.7166488, 15.6692816], [102.7164884, 15.6692101], [102.7161115, 15.6689898], [102.7160431, 15.6689385], [102.7159921, 15.6688966], [102.7158614, 15.6687695], [102.7157262, 15.668638], [102.7156828, 15.6686021], [102.7156446, 15.668582], [102.7156123, 15.6685717], [102.7155915, 15.6685656], [102.7155604, 15.6685596], [102.7155284, 15.6685593], [102.7154747, 15.6685673], [102.7154537, 15.6685737], [102.7154157, 15.6685879], [102.7153488, 15.6686238], [102.7153088, 15.6686506], [102.715293, 15.6686696], [102.7152795, 15.668691], [102.7152611, 15.6687365], [102.7152557, 15.6687546], [102.7152499, 15.6687866], [102.715247, 15.6688087], [102.7152463, 15.6688434], [102.7152473, 15.6688991], [102.7152484, 15.6689582], [102.7152525, 15.669052], [102.7152568, 15.6691035], [102.7152601, 15.6691423], [102.7152648, 15.6692037], [102.7152628, 15.669264], [102.7152617, 15.6692775], [102.7151867, 15.6695806], [102.7151732, 15.6696307], [102.7151596, 15.669665], [102.7151496, 15.6696833], [102.7151262, 15.6697173], [102.7149819, 15.6698731], [102.7149249, 15.6699282], [102.7148164, 15.6700124], [102.7147714, 15.6700386], [102.7147146, 15.6700618], [102.7146703, 15.6700885], [102.7146473, 15.6701109], [102.7146285, 15.6701431], [102.7146235, 15.6701579], [102.714616, 15.6701846], [102.7146122, 15.6702188], [102.7146079, 15.6702617], [102.7146096, 15.670284], [102.7146116, 15.6703097], [102.7146126, 15.670323], [102.7146156, 15.670352], [102.714618, 15.6703696], [102.7146309, 15.6704161], [102.7146613, 15.67047], [102.7146949, 15.6705123], [102.7148412, 15.6706804], [102.714873, 15.670717], [102.7148955, 15.670746], [102.7149278, 15.670815], [102.7149574, 15.6709293], [102.7149733, 15.6710136], [102.7149785, 15.6711051], [102.7149777, 15.6711712], [102.714974, 15.6711946], [102.7149583, 15.6712411], [102.7149296, 15.6713123], [102.7149025, 15.6713768], [102.7148768, 15.6714377], [102.7147426, 15.6717343], [102.714702, 15.671824], [102.7146623, 15.6718814], [102.7146295, 15.6719168], [102.7142903, 15.6721498], [102.7142425, 15.6721839], [102.7141969, 15.6722236], [102.7141739, 15.6722604], [102.7141661, 15.6723015], [102.7141653, 15.6723165], [102.7141658, 15.6723437], [102.7141759, 15.6723778], [102.7141904, 15.6724037], [102.7142821, 15.6724919], [102.7143071, 15.6725158], [102.7146715, 15.6729434], [102.7147223, 15.6730029], [102.7148171, 15.6731174], [102.7148361, 15.6731537], [102.7148479, 15.6731935], [102.7148519, 15.6732321], [102.7148523, 15.6732543], [102.7148532, 15.6733041], [102.7148488, 15.6733912], [102.7148041, 15.6736945], [102.7148007, 15.6737408], [102.7147973, 15.6737862], [102.7147995, 15.6738442], [102.7148016, 15.673856], [102.7148251, 15.6739295], [102.7149239, 15.6742059], [102.7149494, 15.6742774], [102.7149699, 15.6743954], [102.7149717, 15.6744927], [102.7149649, 15.6745821], [102.7149539, 15.6746333], [102.7149226, 15.6746883], [102.7148921, 15.6747236], [102.7148227, 15.674764], [102.7145807, 15.6749051], [102.7145004, 15.6749633], [102.7144561, 15.6750086], [102.7143382, 15.6751295], [102.7143023, 15.6751656], [102.7142818, 15.6751861], [102.7142502, 15.6752249], [102.7142366, 15.6752645], [102.7142313, 15.6753041], [102.7142313, 15.6753206], [102.7142314, 15.6753724], [102.7142423, 15.6754511], [102.7142464, 15.6755246], [102.7142477, 15.6755472], [102.714262, 15.6756084], [102.7142712, 15.6756546], [102.7142789, 15.6757496], [102.7142756, 15.6758343], [102.7142686, 15.6759121], [102.7142566, 15.6759749], [102.7142469, 15.6760341], [102.714245, 15.6760587], [102.7142329, 15.6762087], [102.7142215, 15.6763511], [102.714216, 15.6764393], [102.7142061, 15.6764893], [102.7141833, 15.6765523], [102.7141392, 15.6766284], [102.7140832, 15.6767082], [102.7140363, 15.6767576], [102.7139748, 15.6768004], [102.713861, 15.676858], [102.713747, 15.6769052], [102.7136813, 15.6769479], [102.7136299, 15.6769813], [102.7134966, 15.6770879], [102.7134545, 15.6771234], [102.7134152, 15.6771566], [102.7133599, 15.6772062], [102.7133177, 15.6772556], [102.713285, 15.6772991], [102.7132549, 15.6773529], [102.7132298, 15.6774206], [102.7132198, 15.6774648], [102.7132077, 15.6775218], [102.713194, 15.6776936], [102.713186, 15.6777309], [102.7131775, 15.6777704], [102.7131499, 15.6778358], [102.7131327, 15.6778767], [102.713107, 15.6779107], [102.7130777, 15.6779425], [102.7130387, 15.6779687], [102.7129951, 15.6779859], [102.7130166, 15.6780736], [102.713028, 15.6781911], [102.7130185, 15.6782452], [102.7130015, 15.6782772], [102.7129782, 15.6783066], [102.712954, 15.6783334], [102.7129286, 15.6783662], [102.7128965, 15.6784164], [102.7128718, 15.6784542], [102.7128475, 15.6785211], [102.7128031, 15.6786531], [102.7127856, 15.6787439], [102.7127344, 15.678889], [102.7126845, 15.6790676], [102.7126657, 15.6791296], [102.712642, 15.6791837], [102.7126184, 15.6792249], [102.7125833, 15.6792692], [102.7125106, 15.6793743], [102.7124378, 15.6795115], [102.712409, 15.6795711], [102.7124025, 15.6796493], [102.7124095, 15.6796929], [102.7125112, 15.6798436], [102.7126087, 15.6799845], [102.7127556, 15.6802561], [102.7127946, 15.6803627], [102.7127994, 15.6804145], [102.7127772, 15.6804949], [102.7127252, 15.680598], [102.7126784, 15.680714], [102.7126421, 15.6808535], [102.7126257, 15.6810735], [102.7125987, 15.681199], [102.7125391, 15.6813764], [102.7124997, 15.681475], [102.7124925, 15.6814864], [102.712478, 15.6815098], [102.71245, 15.6815363], [102.7123825, 15.6815672], [102.7122357, 15.6815866], [102.7121406, 15.681591], [102.7119975, 15.6815956], [102.7118961, 15.6815758], [102.7117453, 15.681524], [102.7115753, 15.681451], [102.7113603, 15.68134], [102.7111183, 15.6812489], [102.7110601, 15.6812415], [102.7109736, 15.6812306], [102.7107164, 15.6812175], [102.7105349, 15.6812051], [102.710528, 15.6812738], [102.7105033, 15.6813944], [102.7105012, 15.6814048], [102.7104845, 15.6815327], [102.7104687, 15.6816497], [102.7104409, 15.6817007], [102.7104279, 15.6817174], [102.7103985, 15.6817429], [102.7103475, 15.681772], [102.7103018, 15.6817895], [102.7102423, 15.6817946], [102.7102155, 15.6817895], [102.7101932, 15.6817852], [102.7101609, 15.6817715], [102.7101417, 15.6817634], [102.7100407, 15.6817033], [102.7099769, 15.6816591], [102.7098723, 15.6815972], [102.7098478, 15.6815858], [102.7097914, 15.6815597], [102.7097493, 15.6815477], [102.7097046, 15.6815414], [102.7096825, 15.6815424], [102.7096297, 15.6815619], [102.7095579, 15.6815919], [102.7094694, 15.6816408], [102.7093882, 15.6816969], [102.7093421, 15.6817337], [102.709266, 15.681805], [102.7092308, 15.6818523], [102.7091826, 15.6819352], [102.7091688, 15.6819716], [102.7091652, 15.6820074], [102.7091656, 15.6820271], [102.7091717, 15.682048], [102.7091881, 15.6820766], [102.7092039, 15.6820959], [102.7092503, 15.6821378], [102.7092961, 15.6821755], [102.7093158, 15.6821895], [102.7093642, 15.682232], [102.7093769, 15.6822446], [102.7094583, 15.6823553], [102.7094715, 15.6823774], [102.7095004, 15.6824517], [102.7095057, 15.6824708], [102.7095109, 15.6824946], [102.7095196, 15.6825345], [102.7095167, 15.6825719], [102.7095127, 15.6826232], [102.7095074, 15.6826851], [102.709486, 15.6827926], [102.7094314, 15.6829971], [102.7094149, 15.6830525], [102.7094058, 15.6830753], [102.7093897, 15.6831158], [102.7093646, 15.6831853], [102.7093511, 15.6832173], [102.7093159, 15.6832696], [102.7092893, 15.6832963], [102.7092508, 15.6833246], [102.7092025, 15.6833498], [102.7091754, 15.6833587], [102.7089604, 15.683429], [102.708917, 15.6834433], [102.708873, 15.6834655], [102.7088549, 15.6834804], [102.7088331, 15.6835086], [102.7088191, 15.6835583], [102.7087034, 15.6842676], [102.7086984, 15.6842982], [102.7086682, 15.6843914], [102.7086353, 15.6844517], [102.708578, 15.6845055], [102.7085704, 15.6845126], [102.7084866, 15.6845862], [102.7083505, 15.684706], [102.7082826, 15.6847838], [102.7082319, 15.6848565], [102.7082196, 15.6848815], [102.7081972, 15.6849304], [102.7081875, 15.6849598], [102.7081842, 15.6849746], [102.708173, 15.6850344], [102.7081692, 15.6850849], [102.7081689, 15.6851336], [102.7081785, 15.6851932], [102.7081966, 15.6852527], [102.708223, 15.6852996], [102.7082732, 15.6853685], [102.7083015, 15.6854075], [102.7084563, 15.6856151], [102.708486, 15.6856663], [102.7085033, 15.6857421], [102.7085004, 15.6858184], [102.7084892, 15.685901], [102.7084716, 15.6859996], [102.708458, 15.6860603], [102.7084228, 15.6861165], [102.7083686, 15.6861751], [102.7082826, 15.6862425], [102.7082195, 15.6862807], [102.7081241, 15.6863264], [102.7081035, 15.6863363], [102.707937, 15.6863899], [102.707916, 15.6863947], [102.7077964, 15.6864136], [102.7077732, 15.6864176], [102.7076973, 15.6864256], [102.7076434, 15.6864265], [102.7075841, 15.6864164], [102.7075666, 15.6864134], [102.7074694, 15.6863977], [102.7074401, 15.6863903], [102.70734, 15.6863513], [102.7072798, 15.6863152], [102.7072044, 15.686267], [102.7071638, 15.6862505], [102.7071166, 15.6862314], [102.7070716, 15.6862157], [102.7070056, 15.6862106], [102.7069462, 15.6862199], [102.7068956, 15.6862455], [102.7068536, 15.6862771], [102.7068263, 15.6863052], [102.7067916, 15.686341], [102.7067742, 15.6863588], [102.7067153, 15.6863928], [102.7066601, 15.6863999], [102.7065984, 15.686401], [102.706526, 15.6863981], [102.7064152, 15.6863876], [102.7063238, 15.6863933], [102.7062625, 15.6864149], [102.7060876, 15.6865044], [102.7060129, 15.6865325], [102.705981, 15.6865641], [102.7059411, 15.6866354], [102.7058784, 15.6867411], [102.7057903, 15.6868536], [102.7057237, 15.686919], [102.7056471, 15.686982], [102.7054791, 15.6870985], [102.7053815, 15.6871541], [102.7053171, 15.6871792], [102.7052417, 15.6872019], [102.705117, 15.6872322], [102.7050669, 15.6872641], [102.7050367, 15.6872975], [102.7050162, 15.687343], [102.7050122, 15.6873778], [102.7050156, 15.6874067], [102.7050348, 15.6874611], [102.7050606, 15.6874914], [102.7051036, 15.6875316], [102.7051666, 15.6875722], [102.7052285, 15.6876053], [102.7053062, 15.687653], [102.7054342, 15.6877247], [102.7054482, 15.6877437], [102.7054567, 15.6877781], [102.7054527, 15.6878176], [102.7054237, 15.6878774], [102.7053732, 15.6879455], [102.7053301, 15.687988], [102.705203, 15.6880787], [102.7050763, 15.6881803], [102.7050632, 15.6881908], [102.7049824, 15.688281], [102.704962, 15.6883197], [102.7048898, 15.6884573], [102.7048513, 15.6885633], [102.7048208, 15.6887523], [102.7048026, 15.6889432], [102.7048047, 15.689072], [102.704818, 15.6893063], [102.7048358, 15.6894593], [102.7048297, 15.6895228], [102.704802, 15.6896207], [102.7047713, 15.6896642], [102.7047589, 15.6896771], [102.704743, 15.689689], [102.7047203, 15.6897014], [102.7046939, 15.6897106], [102.7046518, 15.6897196], [102.704595, 15.6897251], [102.7044405, 15.6897355], [102.7043286, 15.6897411], [102.7041562, 15.6897322], [102.7041191, 15.6897268], [102.704105, 15.6897232], [102.7040945, 15.6897182], [102.7040696, 15.6897021], [102.704021, 15.6896696], [102.7039951, 15.6896437], [102.7039747, 15.6896183], [102.703939, 15.6895738], [102.7039302, 15.6895526], [102.7039208, 15.6895182], [102.7039109, 15.6894476], [102.7039075, 15.689289], [102.7039169, 15.689083], [102.7039253, 15.6889727], [102.7039277, 15.6889092], [102.7039124, 15.6888472], [102.7038828, 15.6888039], [102.7038497, 15.6887401], [102.7037971, 15.6886704], [102.7036859, 15.6883968], [102.7036433, 15.6882449], [102.7036225, 15.6882146], [102.7035983, 15.6881994], [102.7035519, 15.688186], [102.7034931, 15.6881854], [102.7034428, 15.688216], [102.7034001, 15.6882659], [102.7032816, 15.6884369], [102.7032368, 15.6884929], [102.7032101, 15.6885046], [102.7031658, 15.6885169], [102.703134, 15.6885192], [102.7031066, 15.6885155], [102.7030518, 15.6884873], [102.7029678, 15.6884474], [102.7028647, 15.6884145], [102.7028609, 15.6884264], [102.7027894, 15.6885863], [102.702731, 15.6887728], [102.7026874, 15.6889508], [102.7026642, 15.689079], [102.7026659, 15.6891696], [102.7026611, 15.6892604], [102.7026647, 15.6893599], [102.7026675, 15.6893757], [102.7026768, 15.6895531], [102.7026851, 15.689641], [102.7026954, 15.6897441], [102.7026794, 15.689798], [102.7026608, 15.6898334], [102.702647, 15.6898472], [102.7026274, 15.6898669], [102.7025874, 15.6898923], [102.7025472, 15.6899033], [102.702494, 15.6899001], [102.7024327, 15.6898817], [102.7022591, 15.6898353], [102.7019506, 15.689753], [102.7017607, 15.6897023], [102.7017084, 15.6896647], [102.7016835, 15.6896322], [102.7016727, 15.6896181], [102.7016658, 15.6896092], [102.7016609, 15.6895968], [102.7016476, 15.6895641], [102.7016445, 15.6895105], [102.7016413, 15.6892159], [102.7016308, 15.6891089], [102.7016188, 15.6890307], [102.7015964, 15.6889714], [102.7015704, 15.6889409], [102.7015295, 15.6889148], [102.7014844, 15.6888949], [102.7014245, 15.6888774], [102.7013266, 15.6888729], [102.7012309, 15.6888745], [102.7009761, 15.6889036], [102.7008233, 15.6889226], [102.7007469, 15.6889342], [102.7006854, 15.6889476], [102.7006031, 15.6889799], [102.7005378, 15.6890202], [102.7004896, 15.6890581], [102.700454, 15.6890917], [102.7004433, 15.6891127], [102.7004232, 15.689152], [102.7004052, 15.6892141], [102.7003978, 15.6892781], [102.7003971, 15.6893544], [102.7004008, 15.689443], [102.700415, 15.6895481], [102.7004449, 15.6898833], [102.7004926, 15.6902864], [102.7004938, 15.6907027], [102.7004869, 15.6907956], [102.7004694, 15.6908866], [102.7004384, 15.6909345], [102.7004181, 15.6909506], [102.700379, 15.6910586], [102.7003407, 15.6911572], [102.7003002, 15.6912356], [102.7002084, 15.6913252], [102.7001143, 15.6914232], [102.7000153, 15.691537], [102.6999981, 15.6915551], [102.6999234, 15.6916336], [102.6998829, 15.6917074], [102.6998752, 15.6917839], [102.6998722, 15.6918334], [102.6998876, 15.6919217], [102.6999238, 15.6920144], [102.6999856, 15.6921028], [102.7000362, 15.6921597], [102.7001468, 15.6922459], [102.7002123, 15.6922886], [102.7002631, 15.6923178], [102.7003259, 15.6923538], [102.7004332, 15.6924064], [102.700497, 15.6924413], [102.7005463, 15.6924964], [102.7005999, 15.6925892], [102.7006455, 15.6926816], [102.7006903, 15.6928519], [102.7006977, 15.6929174], [102.7006926, 15.6929406], [102.7006694, 15.6929918], [102.7006414, 15.6930343], [102.7006147, 15.6930606], [102.7004905, 15.6931824], [102.7003701, 15.6932767], [102.7001314, 15.6934591], [102.6998956, 15.6936032], [102.6995368, 15.6938422], [102.6992267, 15.6940545], [102.6991539, 15.6941106], [102.6991035, 15.6941494], [102.6989358, 15.6943414], [102.6987866, 15.694551], [102.6987051, 15.6946523], [102.6984915, 15.6948438], [102.6982711, 15.695022], [102.698178, 15.6951003], [102.6981043, 15.6951624], [102.6980045, 15.6952547], [102.6979037, 15.6954017], [102.6978137, 15.6955371], [102.6977466, 15.6956791], [102.6977423, 15.695771], [102.6977218, 15.6958437], [102.6976819, 15.695894], [102.6975904, 15.6960055], [102.6973839, 15.6961439], [102.6973532, 15.6961567], [102.6971218, 15.696253], [102.6968977, 15.6963394], [102.6968174, 15.6963639], [102.696692, 15.6964051], [102.696668, 15.6964317], [102.6966127, 15.6964589], [102.6965437, 15.6964763], [102.6964488, 15.6964879], [102.6962591, 15.6964958], [102.6960852, 15.6964987], [102.6959792, 15.6965195], [102.6959471, 15.6965351], [102.6958825, 15.6965826], [102.6958292, 15.6966376], [102.69579, 15.6966902], [102.6957545, 15.6967377], [102.6957408, 15.6967523], [102.6956245, 15.696876], [102.6955634, 15.6969357], [102.6955209, 15.696972], [102.6954829, 15.696997], [102.6954531, 15.6970134], [102.695423, 15.6970219], [102.6952292, 15.6970773], [102.6949292, 15.6971629], [102.6945166, 15.697292], [102.6944765, 15.6973114], [102.6944075, 15.6973448], [102.6943254, 15.6973911], [102.6942638, 15.6974307], [102.694215, 15.6974671], [102.6941727, 15.697508], [102.6941398, 15.6975441], [102.6941134, 15.6975817], [102.6940794, 15.6976425], [102.6940146, 15.6977658], [102.6939702, 15.6978801], [102.6939185, 15.6980132], [102.6937684, 15.6984075], [102.6937296, 15.6985094], [102.6936297, 15.6987214], [102.6935652, 15.6989497], [102.6935414, 15.6990459], [102.6935447, 15.6991432], [102.6935521, 15.69918], [102.6935623, 15.6992311], [102.6935692, 15.6992815], [102.6935733, 15.6993112], [102.6935885, 15.6993574], [102.6936477, 15.6994537], [102.6936848, 15.6995317], [102.6937024, 15.6995688], [102.6937129, 15.6996146], [102.6937371, 15.6997197], [102.6937527, 15.6998771], [102.6937494, 15.6999606], [102.6937298, 15.7000258], [102.6937144, 15.7000583], [102.6937098, 15.7000679], [102.6936865, 15.7001039], [102.6936489, 15.7001416], [102.6931893, 15.7005822], [102.6931219, 15.7006361], [102.6930965, 15.7006564], [102.6930427, 15.700682], [102.6929712, 15.7007003], [102.6929124, 15.7007105], [102.6928629, 15.7007114], [102.6927942, 15.7007048], [102.6927204, 15.7006844], [102.6925826, 15.7006265], [102.6924021, 15.7005507], [102.6922833, 15.7005125], [102.6921664, 15.7004913], [102.6920066, 15.700477], [102.6919093, 15.7004786], [102.6918344, 15.7004861], [102.6917872, 15.7005209], [102.6917626, 15.7005754], [102.6917384, 15.7006454], [102.6917116, 15.7007556], [102.6916943, 15.7008563], [102.691689, 15.700905], [102.6916765, 15.7010205], [102.6916417, 15.7012112], [102.6915921, 15.7013836], [102.69158, 15.7014073], [102.6915705, 15.7014257], [102.6915479, 15.7014532], [102.6915331, 15.7014712], [102.6914959, 15.7015021], [102.691478, 15.7015169], [102.6914307, 15.7015456], [102.6913531, 15.7015793], [102.6912928, 15.7015974], [102.6912434, 15.7016028], [102.6912063, 15.7016054], [102.6911775, 15.7016073], [102.6911223, 15.7016111], [102.6910186, 15.7016128], [102.6909296, 15.7016298], [102.690912, 15.7016332], [102.6908246, 15.7016517], [102.690775, 15.701665], [102.6906833, 15.7016896], [102.6905487, 15.701746], [102.6904758, 15.7017781], [102.6903779, 15.7018339], [102.6903157, 15.7018747], [102.6902992, 15.7018855], [102.6902691, 15.7019053], [102.6901826, 15.7019748], [102.6901306, 15.7020212], [102.6900885, 15.7020587], [102.6900255, 15.702115], [102.6899065, 15.7022376], [102.6897812, 15.7023695], [102.6896351, 15.7025003], [102.6895834, 15.7025537], [102.6895588, 15.7026036], [102.6895456, 15.7026672], [102.6895455, 15.7026821], [102.6895451, 15.702726], [102.6895592, 15.7028015], [102.6896027, 15.7029167], [102.6896164, 15.7029674], [102.6896224, 15.7030338], [102.6896251, 15.7030925], [102.6896217, 15.7031366], [102.6896134, 15.7032453], [102.6895889, 15.7035646], [102.6895555, 15.7038372], [102.6895314, 15.7040061], [102.6894846, 15.7042298], [102.6894785, 15.7042589], [102.6894527, 15.7043305], [102.6893993, 15.7044674], [102.6893815, 15.7045419], [102.6893825, 15.7045991], [102.6893865, 15.7046408], [102.6893908, 15.7046533], [102.6893966, 15.7046699], [102.6894289, 15.7046926], [102.6894691, 15.7047074], [102.6895137, 15.7047066], [102.6895518, 15.7046967], [102.689601, 15.704682], [102.6896644, 15.7046546], [102.6897309, 15.7046287], [102.6897505, 15.7046239], [102.6897913, 15.7046138], [102.6898676, 15.7045986], [102.6898882, 15.7045975], [102.6899123, 15.7045963], [102.6899643, 15.704604], [102.6900182, 15.7046285], [102.6900601, 15.704651], [102.6900862, 15.7046846], [102.6901173, 15.7047258], [102.690139, 15.7047811], [102.6901479, 15.7048304], [102.6901442, 15.7048923], [102.6901434, 15.7049371], [102.6901235, 15.7049854], [102.6900863, 15.7050463], [102.6900395, 15.7050851], [102.6899778, 15.7051362], [102.6896087, 15.7053697], [102.6895375, 15.705408], [102.6894979, 15.7054241], [102.6894737, 15.7054251], [102.6893752, 15.7054293], [102.6892715, 15.7054341], [102.6891549, 15.7054299], [102.68914, 15.7054298], [102.6890927, 15.7054294], [102.6890497, 15.7054317], [102.6889986, 15.7054498], [102.6889645, 15.7054791], [102.6889549, 15.7054874], [102.6889048, 15.7055393], [102.6888772, 15.7056046], [102.6888485, 15.7056917], [102.6888459, 15.7057061], [102.6888403, 15.7057376], [102.6888369, 15.7057568], [102.6888347, 15.705811], [102.6888371, 15.7058557], [102.6888496, 15.7059297], [102.6888763, 15.7059957], [102.6889093, 15.7060524], [102.6889483, 15.7060934], [102.6890244, 15.7061524], [102.6890393, 15.7061651], [102.6890762, 15.7061964], [102.6891201, 15.706242], [102.6891291, 15.706251], [102.689164, 15.7062861], [102.6892099, 15.7063518], [102.6892393, 15.706393], [102.6892687, 15.7064312], [102.6892906, 15.7064957], [102.6892968, 15.7065171], [102.6893094, 15.7065603], [102.6893148, 15.7065958], [102.689317, 15.7066313], [102.6893056, 15.7067057], [102.6892757, 15.7069072], [102.6892469, 15.7071315], [102.6892435, 15.7071581], [102.6892323, 15.707333], [102.6892385, 15.7074117], [102.6892413, 15.7074225], [102.6892557, 15.7074779], [102.6892694, 15.7075318], [102.6892907, 15.7075608], [102.6893214, 15.7075803], [102.6893666, 15.707612], [102.6894165, 15.7076375], [102.6894842, 15.7076719], [102.6895436, 15.707691], [102.6896158, 15.7077129], [102.6897052, 15.7077192], [102.6897658, 15.7077166], [102.6897852, 15.7077131], [102.6898327, 15.7077046], [102.6898723, 15.7076931], [102.689923, 15.7076691], [102.689975, 15.7076342], [102.6900191, 15.7076026], [102.690063, 15.7075616], [102.6900998, 15.7075334], [102.690137, 15.7075047], [102.6902141, 15.7074416], [102.6902787, 15.7073988], [102.6903349, 15.7073704], [102.6903452, 15.7073652], [102.6903555, 15.7073634], [102.6903865, 15.7073583], [102.6904583, 15.7073571], [102.6905943, 15.7073685], [102.690676, 15.7073753], [102.6907955, 15.7073854], [102.6908457, 15.7073777], [102.6908751, 15.7073732], [102.6909038, 15.7073563], [102.6909209, 15.7073462], [102.6909428, 15.7073257], [102.6909645, 15.7072867], [102.6910084, 15.7071546], [102.6910268, 15.7071156], [102.6910597, 15.7070795], [102.6911288, 15.707018], [102.6912379, 15.7069605], [102.6913866, 15.7068931], [102.6914324, 15.7068645], [102.6914407, 15.7068486], [102.6914494, 15.7068318], [102.6914599, 15.7067991], [102.6914646, 15.7067703], [102.6915144, 15.7064636], [102.6915297, 15.7064177], [102.6915626, 15.7063878], [102.6916053, 15.7063654], [102.6916532, 15.706363], [102.6921202, 15.7063335], [102.6921746, 15.7063449], [102.6922053, 15.7063645], [102.6922331, 15.7064011], [102.6922434, 15.7064396], [102.6922442, 15.706486], [102.6922368, 15.7065201], [102.6922105, 15.7065623], [102.6921845, 15.7066043], [102.6921601, 15.7066436], [102.6920663, 15.706795], [102.6920611, 15.7068094], [102.6920404, 15.7068666], [102.6920317, 15.7069116], [102.6920389, 15.7069578], [102.6920476, 15.7069979], [102.6920657, 15.70703], [102.692114, 15.7070555], [102.6921372, 15.707063], [102.6924611, 15.7071679], [102.6926309, 15.7072229], [102.6926919, 15.7072451], [102.6928513, 15.7073243], [102.6928641, 15.7073345], [102.6929177, 15.7073773], [102.6929518, 15.7074061], [102.6929764, 15.7074443], [102.6930029, 15.7074995], [102.6930116, 15.707538], [102.6930128, 15.7076029], [102.6929969, 15.7076595], [102.6929713, 15.7076917], [102.6929128, 15.7077205], [102.692824, 15.7077545], [102.6924822, 15.7078252], [102.6924283, 15.7078447], [102.6924118, 15.7078555], [102.692392, 15.7078685], [102.6923751, 15.7079043], [102.6923679, 15.7079446], [102.6923738, 15.7080079], [102.6923826, 15.7080489], [102.692386, 15.7080649], [102.6924082, 15.7081495], [102.6924253, 15.7082189], [102.6924427, 15.7082896], [102.6924752, 15.7084096], [102.692484, 15.7084677], [102.6924878, 15.7084929], [102.6924896, 15.7085887], [102.6924824, 15.7086336], [102.6924719, 15.7086709], [102.6924535, 15.7087114], [102.6924302, 15.7087432], [102.6924146, 15.7087646], [102.6923539, 15.7088538], [102.692338, 15.708867], [102.6922895, 15.7089074], [102.6922168, 15.7089488], [102.6921985, 15.7089536], [102.6921342, 15.7089703], [102.6920388, 15.7089905], [102.6919748, 15.7090035], [102.6918321, 15.7090326], [102.6917798, 15.7090505], [102.691726, 15.7090762], [102.691674, 15.7091095], [102.6916378, 15.7091395], [102.6915971, 15.7091835], [102.6915756, 15.7092078], [102.6915596, 15.7092258], [102.6915348, 15.7092711], [102.6915021, 15.7093149], [102.6914573, 15.709396], [102.6913925, 15.7095162], [102.691379, 15.7095625], [102.6913699, 15.7095938], [102.6913565, 15.7096482], [102.6913448, 15.7097071], [102.6913411, 15.7097659], [102.6913455, 15.7098307], [102.6913497, 15.7098879], [102.6913525, 15.7099294], [102.6913541, 15.7099527], [102.6913559, 15.7099708], [102.6913599, 15.7100114], [102.6913609, 15.7100654], [102.691357, 15.7101181], [102.6913333, 15.7101874], [102.691326, 15.7102087], [102.691307, 15.7102642], [102.6911887, 15.7105151], [102.6910781, 15.7107581], [102.691027, 15.710844], [102.6909726, 15.7109237], [102.6908583, 15.7110431], [102.6907723, 15.7111435], [102.6907283, 15.7111798], [102.6906779, 15.7112147], [102.6904316, 15.7113611], [102.6903607, 15.7114164], [102.6902994, 15.7114653], [102.6902494, 15.7115249], [102.6902248, 15.7115748], [102.690208, 15.7116198], [102.6902004, 15.7117176], [102.6901994, 15.7117953], [102.6902054, 15.7119299], [102.6902198, 15.7120651], [102.6902335, 15.712172], [102.6902784, 15.712522], [102.6903203, 15.7127891], [102.6903296, 15.7129768], [102.690331, 15.7130544], [102.6903251, 15.7131241], [102.690301, 15.713245], [102.6902954, 15.7133321], [102.6902964, 15.7133877], [102.6903046, 15.7134455], [102.6903151, 15.7134975], [102.6903255, 15.7135426], [102.6903453, 15.7135805], [102.6903643, 15.7136066], [102.6903735, 15.7136194], [102.6904123, 15.7136466], [102.6904835, 15.7136755], [102.690546, 15.7136942], [102.6905905, 15.7137062], [102.690659, 15.7137178], [102.6907308, 15.7137189], [102.6908312, 15.7137125], [102.6909331, 15.7137046], [102.6909448, 15.7137037], [102.6910092, 15.713691], [102.6911426, 15.7136586], [102.6912212, 15.7136341], [102.6912982, 15.7135922], [102.691348, 15.7135647], [102.691472, 15.7134722], [102.6915129, 15.7134205], [102.6915783, 15.7133266], [102.691625, 15.7132644], [102.6916685, 15.7132184], [102.6917217, 15.7131839], [102.6917904, 15.7131422], [102.6918449, 15.7131099], [102.6918948, 15.7130905], [102.6919435, 15.7130735], [102.6919972, 15.713061], [102.6920473, 15.7130509], [102.6920914, 15.7130408], [102.6921755, 15.7130286], [102.6921904, 15.7130264], [102.6922641, 15.7130235], [102.6922933, 15.7130224], [102.6923413, 15.7130308], [102.6923692, 15.7130477], [102.6923936, 15.7130775], [102.692406, 15.7131016], [102.6924211, 15.7131407], [102.6924289, 15.7131742], [102.6924295, 15.7132067], [102.6924263, 15.7132493], [102.6924242, 15.7132614], [102.6924201, 15.7132857], [102.6924008, 15.7133417], [102.6923806, 15.7134174], [102.6923547, 15.713504], [102.6923385, 15.7135404], [102.6923148, 15.7135937], [102.6922925, 15.7136438], [102.6922431, 15.7137893], [102.6922312, 15.7138245], [102.6922239, 15.7138558], [102.6922178, 15.7138815], [102.6922136, 15.7139129], [102.6922165, 15.7139383], [102.6922211, 15.7139482], [102.6922289, 15.7139648], [102.6923003, 15.7140095], [102.6923282, 15.7140269], [102.6923644, 15.7140471], [102.6924669, 15.714086], [102.6925054, 15.7140969], [102.6925402, 15.714101], [102.6925821, 15.7141014], [102.6926264, 15.714103], [102.6926418, 15.7141012], [102.6926622, 15.7140989], [102.6927029, 15.7140971], [102.6927231, 15.7140932], [102.6927599, 15.7140741], [102.6928073, 15.7140501], [102.6928832, 15.714016], [102.6929485, 15.7139867], [102.692987, 15.7139695], [102.6930733, 15.7139308], [102.6931018, 15.7139187], [102.6931388, 15.7139111], [102.693226, 15.7139015], [102.6932593, 15.713894], [102.6932903, 15.7138854], [102.6933759, 15.7138473], [102.693396, 15.7138384], [102.693434, 15.7138227], [102.6934655, 15.7138181], [102.6935081, 15.7138168], [102.6935332, 15.7138175], [102.6935609, 15.7138252], [102.6936285, 15.7138565], [102.6938559, 15.7139917], [102.6938825, 15.714004], [102.6939331, 15.7140229], [102.6940305, 15.7140514], [102.6940618, 15.7140601], [102.6941283, 15.7140961], [102.6943661, 15.714208], [102.6943964, 15.7142284], [102.6944182, 15.7142442], [102.6944374, 15.7143111], [102.6944678, 15.7144045], [102.694495, 15.7144732], [102.694523, 15.7145439], [102.6945614, 15.7146174], [102.694578, 15.7146774], [102.6945836, 15.7147191], [102.6945809, 15.7147678], [102.6945745, 15.7148154], [102.6945633, 15.7148574], [102.6945476, 15.7149156], [102.6945247, 15.7149756], [102.6945176, 15.7149968], [102.6945113, 15.715024], [102.6945107, 15.7150342], [102.6945092, 15.7150611], [102.6945077, 15.7150879], [102.6945087, 15.7151032], [102.6945106, 15.7151307], [102.6945167, 15.7151886], [102.6945283, 15.7152371], [102.6945397, 15.7152705], [102.6945631, 15.715306], [102.69459, 15.7153427], [102.6946217, 15.7153629], [102.6946518, 15.7153822], [102.6947001, 15.7154057], [102.6947521, 15.7154327], [102.6948111, 15.7154537], [102.6948607, 15.715483], [102.694891, 15.7155068], [102.6949245, 15.7155372], [102.6949618, 15.7155821], [102.6949865, 15.7156223], [102.694996, 15.7156836], [102.6950071, 15.7157692], [102.6950071, 15.7157868], [102.6950073, 15.7158274], [102.6950073, 15.7158492], [102.6950009, 15.7158887], [102.6949861, 15.7159342], [102.6949675, 15.7159658], [102.6949333, 15.7159907], [102.6949087, 15.716], [102.6948917, 15.7160065], [102.6948415, 15.7160108], [102.6947781, 15.7160119], [102.6947326, 15.7160127], [102.6947026, 15.7160085], [102.694392, 15.7159359], [102.6943745, 15.7159318], [102.6943062, 15.7159283], [102.6942716, 15.7159335], [102.6942324, 15.7159527], [102.6942234, 15.7159807], [102.6942239, 15.7160108], [102.6942268, 15.7160409], [102.694243, 15.7160731], [102.6942681, 15.716097], [102.6944342, 15.7162554], [102.6944705, 15.7162791], [102.6944916, 15.7163216], [102.6944984, 15.7163644], [102.6945028, 15.7164084], [102.694501, 15.716442], [102.6944944, 15.7164758], [102.694483, 15.7165038], [102.694463, 15.7165285], [102.6944263, 15.7165465], [102.6943493, 15.7165895], [102.6943007, 15.7166182], [102.6942617, 15.7166467], [102.6942288, 15.716682], [102.6941721, 15.7167474], [102.6940623, 15.7168738], [102.6939826, 15.7169656], [102.6939507, 15.7169858], [102.6939185, 15.7169945], [102.6938922, 15.7169949], [102.6938657, 15.7169884], [102.693839, 15.716968], [102.693678, 15.7168003], [102.6936465, 15.71678], [102.6936115, 15.716762], [102.6935731, 15.7167545], [102.6935348, 15.7167552], [102.6934919, 15.7167664], [102.6934599, 15.7167831], [102.6934364, 15.7168079], [102.69342, 15.7168302], [102.6934062, 15.7168571], [102.6933937, 15.7168932], [102.6933812, 15.7169328], [102.6933493, 15.7171036], [102.6933397, 15.717155], [102.6933369, 15.7171766], [102.6933355, 15.7171875], [102.6933218, 15.7172202], [102.6933022, 15.7172442], [102.693271, 15.7172605], [102.6930756, 15.7173016], [102.6930373, 15.7173097], [102.6929562, 15.7173238], [102.692892, 15.7173469], [102.6928397, 15.717371], [102.6927929, 15.7174048], [102.6927466, 15.7174467], [102.6926878, 15.7175092], [102.6926052, 15.717648], [102.6925769, 15.717729], [102.6925704, 15.7177685], [102.6925711, 15.7178079], [102.692574, 15.7178496], [102.6925869, 15.7178854], [102.6925981, 15.7178963], [102.6926125, 15.7179104], [102.6926392, 15.7179285], [102.6926776, 15.7179348], [102.6927183, 15.7179341], [102.6927577, 15.7179335], [102.692796, 15.7179328], [102.6928974, 15.7179137], [102.6929715, 15.7179055], [102.6930145, 15.7179036], [102.6930528, 15.717903], [102.6930888, 15.717907], [102.693125, 15.7179226], [102.6932616, 15.7179968], [102.693333, 15.7180397], [102.6933778, 15.718069], [102.6934061, 15.7181115], [102.6934164, 15.718153], [102.6934182, 15.7181878], [102.6934164, 15.7182203], [102.6934133, 15.718233], [102.6934064, 15.718261], [102.6933963, 15.7182994], [102.6933694, 15.7183857], [102.6933612, 15.7184185], [102.6933558, 15.7184404], [102.6933483, 15.7184904], [102.6933446, 15.7185507], [102.6933452, 15.7185866], [102.6933494, 15.7186202], [102.693356, 15.7186537], [102.6933712, 15.718701], [102.6933898, 15.7187331], [102.6934141, 15.7187559], [102.693442, 15.718774], [102.6934912, 15.7187847], [102.6935513, 15.7187942], [102.6936255, 15.7187964], [102.6936463, 15.7187948], [102.6936637, 15.7187934], [102.6936995, 15.718787], [102.6937257, 15.7187785], [102.6937554, 15.718764], [102.6937744, 15.7187544], [102.6938015, 15.7187308], [102.6938297, 15.7187048], [102.6938568, 15.7186812], [102.6938837, 15.7186471], [102.6939048, 15.7186212], [102.6939295, 15.7185999], [102.6939627, 15.7185797], [102.6940018, 15.7185605], [102.6940399, 15.7185482], [102.6940746, 15.7185476], [102.6941178, 15.7185527], [102.6941503, 15.7185649], [102.6941735, 15.7185877], [102.6941812, 15.7186142], [102.6941866, 15.7186524], [102.6941806, 15.7188451], [102.6941701, 15.7189958], [102.6941648, 15.7190342], [102.6941547, 15.7190714], [102.6941431, 15.7190948], [102.6941222, 15.7191253], [102.6940765, 15.7191806], [102.6940471, 15.7192249], [102.6940334, 15.7192486], [102.6940184, 15.7192797], [102.694008, 15.7193012], [102.6939692, 15.7194038], [102.6939594, 15.7194573], [102.6939518, 15.7195004], [102.6939502, 15.7195433], [102.6939532, 15.7195768], [102.6939603, 15.7195956], [102.6939781, 15.7196309], [102.6940519, 15.7197433], [102.6940669, 15.7197766], [102.6940734, 15.7198067], [102.6940696, 15.7198447], [102.6940625, 15.7198637], [102.6940439, 15.7198964], [102.6940276, 15.7199199], [102.6940076, 15.7199388], [102.6939851, 15.7199519], [102.6939459, 15.7199677], [102.6938947, 15.7199871], [102.6937666, 15.7200149], [102.6934369, 15.7200864], [102.6933104, 15.7201071], [102.6932893, 15.7201075], [102.6932698, 15.7201078], [102.6932385, 15.7200979], [102.6932179, 15.7200866], [102.693202, 15.720066], [102.6931885, 15.72005], [102.6931822, 15.7200328], [102.6931403, 15.7196973], [102.6931324, 15.7196615], [102.6931163, 15.719627], [102.6931002, 15.7195982], [102.6930819, 15.7195777], [102.6930516, 15.7195597], [102.6930214, 15.7195451], [102.6929961, 15.7195339], [102.6929626, 15.7195333], [102.69291, 15.7195366], [102.6928717, 15.7195418], [102.6928444, 15.7195493], [102.692816, 15.7195671], [102.6927972, 15.7195883], [102.692782, 15.7196106], [102.6927647, 15.7196468], [102.6927367, 15.7197516], [102.6926279, 15.7202195], [102.6926222, 15.7202432], [102.6926178, 15.7202614], [102.6926105, 15.7202725], [102.6925899, 15.7203036], [102.6925595, 15.7203459], [102.6925265, 15.7203743], [102.692491, 15.7203981], [102.6924542, 15.7204149], [102.6923426, 15.7204494], [102.6921567, 15.7205069], [102.6921139, 15.7205239], [102.6920855, 15.7205394], [102.6920034, 15.720598], [102.6919224, 15.7206558], [102.6918765, 15.7206995], [102.6918566, 15.7207241], [102.6918463, 15.7207521], [102.6918385, 15.7207847], [102.6918247, 15.7208151], [102.6918059, 15.7208363], [102.6917612, 15.7208776], [102.6916628, 15.7209952], [102.6916313, 15.721041], [102.6916175, 15.7210737], [102.6916133, 15.7211039], [102.6916123, 15.7211238], [102.6916115, 15.7211387], [102.6916119, 15.7211607], [102.6916123, 15.7211804], [102.6916175, 15.7212035], [102.6916361, 15.7212403], [102.6916668, 15.7212861], [102.6917046, 15.7213281], [102.6917365, 15.7213635], [102.6917707, 15.7214015], [102.6918282, 15.7214722], [102.6918674, 15.7215204], [102.6918895, 15.7215548], [102.691902, 15.7215848], [102.6919148, 15.7216297], [102.691919, 15.7216633], [102.6919197, 15.7217034], [102.6919203, 15.721734], [102.6919221, 15.7218313], [102.6919186, 15.7219056], [102.6919173, 15.7219202], [102.6919066, 15.722038], [102.6919013, 15.7220717], [102.6918859, 15.7221485], [102.6918264, 15.7224284], [102.6918241, 15.7224393], [102.6918189, 15.7224823], [102.6918176, 15.7225438], [102.6918194, 15.7225762], [102.6918245, 15.7225947], [102.6918542, 15.7226498], [102.6919003, 15.7227499], [102.6919169, 15.7228076], [102.6919206, 15.7228259], [102.6919314, 15.7228804], [102.6919346, 15.7229232], [102.6919284, 15.7229778], [102.6919242, 15.7229954], [102.6919184, 15.7230197], [102.6919128, 15.7230359], [102.6918979, 15.7230792], [102.6918913, 15.7231129], [102.6918922, 15.7231593], [102.691898, 15.7233919], [102.6918958, 15.7234247], [102.6918908, 15.723444], [102.6918866, 15.7234571], [102.6918705, 15.7234831], [102.6918554, 15.7235077], [102.6918012, 15.7235561], [102.6917229, 15.7236197], [102.6916526, 15.7236769], [102.6916054, 15.7237183], [102.6915761, 15.7237536], [102.6915436, 15.7238063], [102.6915206, 15.72386], [102.6914939, 15.7239045], [102.6914094, 15.7240207], [102.6913958, 15.7240395], [102.6913712, 15.7240712], [102.6913367, 15.7240895], [102.6913083, 15.7240989], [102.6912615, 15.7240962], [102.6912048, 15.7240853], [102.6911895, 15.7240824], [102.6911414, 15.7240728], [102.691103, 15.7240641], [102.6910671, 15.7240648], [102.6910337, 15.7240734], [102.6909886, 15.7240928], [102.6909459, 15.7241155], [102.6909057, 15.7241417], [102.6908584, 15.7241738], [102.6908371, 15.7241839], [102.6908204, 15.7241918], [102.6907945, 15.7241968], [102.6907811, 15.7241994], [102.6907691, 15.7242012], [102.6907452, 15.7242047], [102.6907082, 15.7242065], [102.6906626, 15.7242038], [102.6906158, 15.7241964], [102.6905749, 15.7241855], [102.6904736, 15.7241444], [102.6904121, 15.7241176], [102.6903806, 15.7240949], [102.6903562, 15.7240675], [102.6903341, 15.724043], [102.6903244, 15.7240321], [102.6902963, 15.723999], [102.6902739, 15.7239507], [102.6902516, 15.7239081], [102.6902337, 15.7238482], [102.6901947, 15.7236784], [102.6901495, 15.7234288], [102.6901412, 15.723412], [102.6901272, 15.7233839], [102.6901099, 15.7233564], [102.6900904, 15.7233335], [102.6900649, 15.7233166], [102.6900299, 15.7233021], [102.6899927, 15.7232923], [102.6899543, 15.7232895], [102.6899233, 15.7232969], [102.6898959, 15.7233044], [102.6898687, 15.7233187], [102.6898427, 15.72334], [102.6898228, 15.7233636], [102.6898114, 15.7233951], [102.6898013, 15.7234312], [102.6897869, 15.723494], [102.6897687, 15.7236833], [102.6897639, 15.723746], [102.6897406, 15.7238496], [102.6897268, 15.7238822], [102.6897083, 15.7239162], [102.6896898, 15.7239501], [102.68965, 15.7239995], [102.6895616, 15.7240787], [102.6894799, 15.7241276], [102.689436, 15.7241492], [102.6893958, 15.7241777], [102.6893639, 15.7242014], [102.6893261, 15.7242276], [102.6892786, 15.7242492], [102.689243, 15.7242626], [102.6891952, 15.7242715], [102.689139, 15.7242725], [102.6890958, 15.7242674], [102.6890525, 15.7242554], [102.6890127, 15.7242387], [102.6889848, 15.7242148], [102.6889517, 15.7241748], [102.6889259, 15.7241393], [102.6889016, 15.7241142], [102.6888715, 15.7241011], [102.6888424, 15.7240885], [102.68878, 15.7240791], [102.6887298, 15.7240811], [102.6886928, 15.7240876], [102.6886558, 15.7240928], [102.6886225, 15.7241061], [102.6885882, 15.7241276], [102.6885611, 15.7241536], [102.6885472, 15.7241793], [102.6885244, 15.7242376], [102.6884961, 15.7243286], [102.688479, 15.7243764], [102.6884679, 15.7244241], [102.6884504, 15.7244511], [102.6884174, 15.7244783], [102.6883795, 15.7244986], [102.6883402, 15.7245109], [102.6883031, 15.724515], [102.6882672, 15.7245133], [102.6882348, 15.7245069], [102.688195, 15.7244913], [102.6881671, 15.7244698], [102.6881427, 15.724447], [102.6880853, 15.724383], [102.6880647, 15.7243611], [102.6880414, 15.7243362], [102.6880014, 15.7243091], [102.687964, 15.7242947], [102.6879315, 15.7242813], [102.6878919, 15.7242773], [102.6878512, 15.724278], [102.687807, 15.7242822], [102.6877629, 15.7242934], [102.6877177, 15.7243081], [102.687675, 15.7243274], [102.687631, 15.7243455], [102.6875943, 15.7243705], [102.6875671, 15.7243931], [102.6875368, 15.7244294], [102.6875158, 15.7244599], [102.6874938, 15.7245043], [102.6874714, 15.7245527], [102.687457, 15.7245838], [102.6872566, 15.7249843], [102.6872023, 15.7250657], [102.6871311, 15.7251365], [102.687093, 15.7251743], [102.6870199, 15.7252392], [102.6869453, 15.7252823], [102.6868978, 15.7253028], [102.6868453, 15.7253106], [102.6867986, 15.7253102], [102.6867673, 15.7253026], [102.686724, 15.7252895], [102.6866854, 15.7252704], [102.6866523, 15.7252304], [102.6866201, 15.7251707], [102.6865951, 15.7251085], [102.6865897, 15.7250882], [102.6865565, 15.7249619], [102.6865203, 15.7248767], [102.6864861, 15.7248425], [102.6864475, 15.7248258], [102.6864008, 15.7248219], [102.6863589, 15.7248226], [102.6863243, 15.724829], [102.6862673, 15.7248567], [102.6861939, 15.7249008], [102.6861015, 15.7249534], [102.6860387, 15.724988], [102.6859636, 15.7250067], [102.6858787, 15.725007], [102.6858174, 15.7249976], [102.6857716, 15.7249798], [102.685733, 15.7249532], [102.6856892, 15.7249232], [102.685625, 15.7248791], [102.6855694, 15.7248499], [102.6855105, 15.7248347], [102.685429, 15.7248268], [102.68535, 15.7248281], [102.6852473, 15.7248426], [102.6851831, 15.7248634], [102.6851523, 15.7248836], [102.6851146, 15.7249179], [102.6849869, 15.7251345], [102.6848779, 15.7252639], [102.6847713, 15.7253306], [102.6846904, 15.7253575], [102.6846069, 15.7253716], [102.6845206, 15.725365], [102.6844615, 15.7253382], [102.6843962, 15.7252999], [102.6843817, 15.7252872], [102.6843427, 15.7252532], [102.684295, 15.7251984], [102.6842435, 15.7251332], [102.684198, 15.7250844], [102.684185, 15.7250704], [102.6841317, 15.7250365], [102.6840775, 15.7250212], [102.6840175, 15.7250095], [102.6839517, 15.7250141], [102.6838994, 15.7250323], [102.6838639, 15.7250526], [102.683825, 15.7250892], [102.6837983, 15.7251361], [102.6837898, 15.7251965], [102.6837907, 15.7252417], [102.6837973, 15.7252764], [102.6838126, 15.7253283], [102.683834, 15.7253882], [102.6838649, 15.7254421], [102.6838982, 15.7254972], [102.6839182, 15.7255444], [102.6839724, 15.7257981], [102.6839994, 15.7260648], [102.6840324, 15.7262358], [102.6840386, 15.7263134], [102.6840268, 15.7263924], [102.6840122, 15.7264436], [102.6839854, 15.7264847], [102.6839597, 15.7265187], [102.6839325, 15.72654], [102.6838755, 15.7265654], [102.6838112, 15.7265792], [102.6837583, 15.7265863], [102.6837228, 15.7265911], [102.6834318, 15.7265845], [102.683361, 15.7265706], [102.6833224, 15.7265573], [102.683291, 15.7265405], [102.6831297, 15.7264215], [102.6830883, 15.7263984], [102.6830511, 15.7263776], [102.6830006, 15.726368], [102.682942, 15.726369], [102.6829086, 15.7263777], [102.6828635, 15.7263981], [102.6828281, 15.7264254], [102.6828047, 15.7264525], [102.6827743, 15.726497], [102.6827596, 15.7265402], [102.6827544, 15.7265843], [102.6827582, 15.7266198], [102.6827688, 15.7266525], [102.6827802, 15.7266871], [102.6828518, 15.7268122], [102.6828708, 15.7268515], [102.6829625, 15.727041], [102.6829742, 15.7270942], [102.6829797, 15.7271335], [102.6829828, 15.7271752], [102.6829836, 15.7272181], [102.6829735, 15.7272519], [102.6829587, 15.727295], [102.6828757, 15.7274188], [102.6828481, 15.72746], [102.6828165, 15.7275072], [102.6827384, 15.7276245], [102.6827153, 15.7276713], [102.6827018, 15.7277213], [102.6826931, 15.7277679], [102.6826919, 15.7278328], [102.6827022, 15.7279439], [102.6827146, 15.7280318], [102.6827099, 15.7281049], [102.682706, 15.7281525], [102.6827011, 15.7281687], [102.6826947, 15.7281898], [102.6826566, 15.728267], [102.682623, 15.7283346], [102.6826102, 15.7283521], [102.6825927, 15.7283759], [102.6825551, 15.7284125], [102.6825103, 15.7284503], [102.6824582, 15.7284813], [102.6823905, 15.7285126], [102.6823286, 15.7285322], [102.6822726, 15.7285436], [102.6822454, 15.7285464], [102.6821032, 15.7285613], [102.6818493, 15.7285877], [102.6818078, 15.728592], [102.6817814, 15.7285888], [102.6817323, 15.7285829], [102.6816872, 15.7285712], [102.6816733, 15.7285676], [102.681663, 15.7285618], [102.6816298, 15.7285429], [102.6815873, 15.72851], [102.6815553, 15.7284583], [102.6815448, 15.728411], [102.6815438, 15.7283553], [102.6815503, 15.7283158], [102.6815663, 15.7282738], [102.6815871, 15.7282317], [102.6817989, 15.7278989], [102.681889, 15.7277165], [102.681916, 15.7276222], [102.681919, 15.727585], [102.6819099, 15.7275481], [102.6818945, 15.7274915], [102.6818657, 15.7274178], [102.6818239, 15.7273559], [102.6817738, 15.7273023], [102.6817035, 15.7272501], [102.6816299, 15.7272224], [102.6815469, 15.7271994], [102.681487, 15.7271958], [102.6814191, 15.727212], [102.6813457, 15.7272597], [102.6812965, 15.7273184], [102.68127, 15.7273711], [102.6812447, 15.7274329], [102.6812303, 15.7274935], [102.6812106, 15.7275297], [102.681161, 15.7275688], [102.6810742, 15.7275993], [102.6810393, 15.7276058], [102.680999, 15.7276133], [102.6809524, 15.7276176], [102.680941, 15.7276156], [102.6809224, 15.7276123], [102.6808899, 15.7276012], [102.680851, 15.7275808], [102.6808343, 15.727572], [102.6807955, 15.7275437], [102.6807744, 15.7275206], [102.6807527, 15.7274969], [102.6807257, 15.7274568], [102.6806873, 15.7273879], [102.6806379, 15.7272475], [102.6806273, 15.727179], [102.6806263, 15.7271211], [102.680628, 15.7270828], [102.6806358, 15.7270525], [102.6806449, 15.7270234], [102.6806539, 15.7269931], [102.6806651, 15.72695], [102.680668, 15.7269117], [102.6806662, 15.7268758], [102.6806568, 15.7268192], [102.6806368, 15.726772], [102.6806023, 15.7267181], [102.6805681, 15.7266815], [102.6805342, 15.7266589], [102.6804907, 15.7266388], [102.6804306, 15.7266297], [102.6803887, 15.7266231], [102.6803408, 15.7266216], [102.6802906, 15.7266276], [102.6802526, 15.726644], [102.6802231, 15.7266642], [102.6801829, 15.7266927], [102.6801536, 15.7267279], [102.6801339, 15.7267619], [102.6801097, 15.7268156], [102.6801008, 15.7268552], [102.6800993, 15.7269028], [102.6801001, 15.7269456], [102.6801058, 15.7269977], [102.6801174, 15.7270474], [102.6801362, 15.7271214], [102.6801399, 15.7271652], [102.6801375, 15.7272325], [102.680134, 15.727301], [102.6801212, 15.7273323], [102.6801111, 15.727357], [102.6800891, 15.7274014], [102.6800588, 15.7274472], [102.6800141, 15.727492], [102.6799633, 15.7275288], [102.6799401, 15.7275405], [102.6799183, 15.7275516], [102.6798573, 15.7275816], [102.6797726, 15.7276078], [102.6797245, 15.7276141], [102.679714, 15.7276133], [102.6796649, 15.7276096], [102.6795937, 15.727597], [102.6794968, 15.7275712], [102.6794369, 15.7275557], [102.6793717, 15.7275568], [102.6792981, 15.7275691], [102.6792306, 15.7275977], [102.6791344, 15.7276428], [102.6790569, 15.7276729], [102.6789105, 15.7273503], [102.678895, 15.7273121], [102.6788548, 15.7272132], [102.6788204, 15.7270757], [102.678807, 15.7270388], [102.6787745, 15.7270064], [102.6787596, 15.7269899], [102.6787506, 15.72698], [102.6787226, 15.7269599], [102.6786647, 15.726934], [102.6785278, 15.7268951], [102.6783441, 15.726849], [102.6783331, 15.7268457], [102.6782924, 15.7268249], [102.6782579, 15.7267987], [102.6782362, 15.7267723], [102.6782282, 15.7267515], [102.6782228, 15.7267375], [102.6782131, 15.7266717], [102.6782011, 15.7265956], [102.6781916, 15.7265442], [102.6781647, 15.7264684], [102.6780609, 15.72623], [102.6780453, 15.7261939], [102.678016, 15.7261268], [102.6779922, 15.7261045], [102.6779821, 15.7261042], [102.6779496, 15.7261031], [102.6779199, 15.7261078], [102.677884, 15.7261207], [102.6778375, 15.726138], [102.6777867, 15.7261512], [102.6777229, 15.7261544], [102.6776249, 15.7261478], [102.6775139, 15.7261311], [102.6774565, 15.7261219], [102.6774328, 15.7261181], [102.6773861, 15.726123], [102.6773523, 15.726138], [102.6772854, 15.7261817], [102.6772671, 15.7261933], [102.6772301, 15.726206], [102.6771769, 15.7262048], [102.6771321, 15.7261973], [102.6770976, 15.7261752], [102.6770646, 15.726114], [102.6770011, 15.7259469], [102.6768738, 15.7255503], [102.6768631, 15.7254844], [102.6768418, 15.7254326], [102.6767911, 15.7253442], [102.6767172, 15.7252295], [102.6766581, 15.7251343], [102.6766077, 15.7250633], [102.6765542, 15.7250037], [102.6765139, 15.7249709], [102.6764265, 15.724904], [102.6763004, 15.7248329], [102.6762892, 15.7248281], [102.6762574, 15.7248187], [102.6762129, 15.7248091], [102.6761897, 15.7248076], [102.6761698, 15.7248063], [102.6761399, 15.724808], [102.6761125, 15.7248131], [102.6757722, 15.7248694], [102.6753883, 15.7249061], [102.6753646, 15.7248996], [102.675345, 15.724887], [102.6753223, 15.7248632], [102.6753092, 15.7248433], [102.6753026, 15.7248179], [102.6753022, 15.7247945], [102.6753052, 15.7247716], [102.6753108, 15.7247474], [102.6753191, 15.7247231], [102.6753353, 15.7246702], [102.6753426, 15.7246464], [102.6753518, 15.724596], [102.6753499, 15.7245648], [102.6753385, 15.7245291], [102.675321, 15.7244935], [102.6753038, 15.7244677], [102.6752639, 15.7244208], [102.6752242, 15.7243849], [102.6751947, 15.7243561], [102.6751664, 15.7243187], [102.675003, 15.7240526], [102.6749916, 15.7240341], [102.6749679, 15.7239869], [102.6749503, 15.7239435], [102.6749401, 15.7239062], [102.6749272, 15.7238591], [102.6748977, 15.723754], [102.6748659, 15.7236691], [102.6748355, 15.7236233], [102.6748032, 15.7235845], [102.6747778, 15.7235643], [102.6747465, 15.7235413], [102.6747098, 15.723525], [102.6746753, 15.7235145], [102.6746193, 15.7235089], [102.6745994, 15.7235094], [102.674552, 15.7235107], [102.6744901, 15.7235137], [102.6744369, 15.7235139], [102.6744052, 15.7235092], [102.6743802, 15.7235025], [102.6743618, 15.7234937], [102.67434, 15.7234797], [102.6743222, 15.7234598], [102.6743055, 15.7234307], [102.6742887, 15.7233958], [102.6742592, 15.7233143], [102.6742554, 15.7233037], [102.6742365, 15.7232623], [102.6742232, 15.7232345], [102.6742072, 15.7232067], [102.6741921, 15.7231907], [102.6741751, 15.7231792], [102.6741534, 15.7231705], [102.6741236, 15.7231625], [102.6740844, 15.7231553], [102.6740291, 15.7231471], [102.6739481, 15.7231348], [102.6739101, 15.7231217], [102.6738769, 15.7231099], [102.6738579, 15.7230978], [102.6738461, 15.7230824], [102.6738414, 15.7230702], [102.673837, 15.7230584], [102.6738269, 15.7230227], [102.6738137, 15.7229649], [102.6738045, 15.7228845], [102.673801, 15.7228536], [102.6737902, 15.7228199], [102.6737735, 15.7227856], [102.6737533, 15.7227501], [102.6737268, 15.722721], [102.6737061, 15.7227072], [102.673681, 15.7226985], [102.673648, 15.7226951], [102.6736069, 15.7226971], [102.6735566, 15.7227077], [102.6735219, 15.7227214], [102.6734818, 15.7227422], [102.6733958, 15.7227854], [102.6733203, 15.7228174], [102.6732941, 15.7228243], [102.6732396, 15.7228259], [102.6731952, 15.7228247], [102.673179, 15.7228243], [102.6731361, 15.72282], [102.6731122, 15.7228176], [102.6731017, 15.7228156], [102.6730035, 15.7227973], [102.6728968, 15.7227802], [102.6728287, 15.7227761], [102.6727815, 15.7227717], [102.6727476, 15.7227598], [102.6727265, 15.7227478], [102.6727081, 15.7227325], [102.6726937, 15.7227184], [102.6726825, 15.7226951], [102.6726722, 15.722645], [102.6726621, 15.7225722], [102.6726603, 15.7225076], [102.6726617, 15.722477], [102.6726685, 15.7224403], [102.672676, 15.7224102], [102.6726951, 15.7223655], [102.6728337, 15.7220404], [102.6729603, 15.7216705], [102.6730012, 15.7215087], [102.6730046, 15.7214721], [102.6730028, 15.7214487], [102.672995, 15.7214247], [102.6729893, 15.7214099], [102.6729667, 15.7213508], [102.6729317, 15.7212392], [102.6729258, 15.7212087], [102.6729239, 15.7211781], [102.6729241, 15.7211546], [102.6729271, 15.7211304], [102.6729586, 15.7210118], [102.6729841, 15.7209428], [102.6730119, 15.7208675], [102.6730188, 15.7208374], [102.6730204, 15.7208145], [102.6730157, 15.7207951], [102.6730096, 15.7207795], [102.6729987, 15.7207679], [102.6729824, 15.7207623], [102.6729725, 15.7207609], [102.6729621, 15.7207594], [102.6729433, 15.7207591], [102.6729163, 15.7207582], [102.6728398, 15.720768], [102.6727673, 15.7207809], [102.6727298, 15.7207864], [102.6727069, 15.7207898], [102.6726658, 15.7207905], [102.6726395, 15.7207877], [102.6726192, 15.7207802], [102.6726062, 15.7207706], [102.6725932, 15.7207584], [102.6725862, 15.7207436], [102.672583, 15.7207175], [102.6725816, 15.7206778], [102.6725865, 15.720651], [102.6725948, 15.7206241], [102.6726089, 15.7205828], [102.6726198, 15.7205513], [102.6726248, 15.7205303], [102.6726256, 15.7205028], [102.6726218, 15.7204762], [102.6726166, 15.7204489], [102.6726087, 15.7204204], [102.672592, 15.72039], [102.672567, 15.7203513], [102.6725499, 15.7203327], [102.6725307, 15.7203187], [102.6725117, 15.7203072], [102.6724866, 15.7202959], [102.6724295, 15.7202695], [102.6723506, 15.7202444], [102.6722928, 15.7202262], [102.6722487, 15.7202067], [102.6722332, 15.7202003], [102.6722168, 15.7201935], [102.6721847, 15.7201719], [102.6721574, 15.7201489], [102.6721362, 15.720131], [102.6721292, 15.7201226], [102.6721163, 15.7201072], [102.6720977, 15.7200847], [102.6720823, 15.7200536], [102.6720683, 15.7200232], [102.6720596, 15.7199908], [102.6720554, 15.7198254], [102.672055, 15.7198076], [102.6720573, 15.7197841], [102.6720616, 15.7197692], [102.6720692, 15.7197532], [102.6720801, 15.7197413], [102.6720897, 15.7197362], [102.6721054, 15.7197278], [102.6721463, 15.719718], [102.6722671, 15.7197015], [102.6723008, 15.7196951], [102.6723271, 15.7196857], [102.6723488, 15.7196729], [102.6723583, 15.7196628], [102.6723816, 15.7196337], [102.6723942, 15.7196141], [102.6724019, 15.7195891], [102.6724036, 15.7195735], [102.6724028, 15.7195549], [102.6723994, 15.7195397], [102.6723864, 15.7195062], [102.6723731, 15.7194879], [102.6723539, 15.719466], [102.672319, 15.7194373], [102.6723011, 15.7194135], [102.6722912, 15.7193862], [102.6722854, 15.7193655], [102.6722849, 15.71934], [102.6722879, 15.7193191], [102.6722976, 15.7192961], [102.6723121, 15.7192757], [102.6723359, 15.7192538], [102.6723944, 15.7192123], [102.6724396, 15.719177], [102.6724719, 15.7191432], [102.6725023, 15.7191101], [102.6725293, 15.7190738], [102.6725522, 15.7190362], [102.6725801, 15.718981], [102.6725911, 15.7189534], [102.6725985, 15.7189167], [102.6726089, 15.7187822], [102.6726098, 15.7187216], [102.6726071, 15.7186818], [102.6725969, 15.7186403], [102.6725801, 15.718604], [102.6725585, 15.7185653], [102.6725206, 15.718517], [102.6724413, 15.7184499], [102.6724333, 15.718443], [102.6723989, 15.7184134], [102.6723246, 15.7183631], [102.6721779, 15.7182887], [102.6720429, 15.7182322], [102.6719669, 15.7181983], [102.6719097, 15.7181621], [102.67187, 15.7181289], [102.6718466, 15.7180999], [102.6718313, 15.7180734], [102.6718259, 15.7180501], [102.6718245, 15.7180285], [102.6718254, 15.718005], [102.6718289, 15.717975], [102.6718377, 15.7179403], [102.6718493, 15.7179127], [102.6718784, 15.7178431], [102.6718865, 15.7178077], [102.6718904, 15.7177659], [102.67189, 15.7177392], [102.6718854, 15.7177093], [102.6718728, 15.7176847], [102.6718596, 15.7176627], [102.6718319, 15.7176411], [102.6718228, 15.7176353], [102.6718051, 15.7176278], [102.6717747, 15.7176205], [102.6717477, 15.7176183], [102.6717293, 15.7176183], [102.6717168, 15.7176182], [102.6716939, 15.7176212], [102.671647, 15.7176311], [102.6715934, 15.7176464], [102.6715704, 15.7176543], [102.6715102, 15.717675], [102.6714382, 15.7176998], [102.6713832, 15.7177112], [102.6713715, 15.7177118], [102.6713462, 15.7177131], [102.6713241, 15.7177105], [102.671311, 15.7177066], [102.6712906, 15.7176925], [102.6712132, 15.7176208], [102.6711729, 15.7175889], [102.6711464, 15.7175743], [102.6711187, 15.7175657], [102.6710862, 15.7175571], [102.6710518, 15.7175551], [102.6710262, 15.7175555], [102.6709941, 15.7175632], [102.6709707, 15.7175753], [102.6709501, 15.71759], [102.6709369, 15.717602], [102.670922, 15.7176355], [102.670901, 15.7177402], [102.6708809, 15.7178253], [102.6708686, 15.7178516], [102.6708514, 15.7178682], [102.6708321, 15.7178822], [102.6708094, 15.7178885], [102.670753, 15.7179005], [102.670706, 15.7179072], [102.6706904, 15.7179074], [102.6706677, 15.7179078], [102.6706164, 15.7179008], [102.6705839, 15.7178942], [102.6705562, 15.7178862], [102.6705257, 15.7178769], [102.6704916, 15.7178586], [102.6704781, 15.7178503], [102.6704653, 15.7178418], [102.6704323, 15.717814], [102.6704111, 15.7177908], [102.6704006, 15.7177701], [102.6703943, 15.7177552], [102.6703918, 15.7177325], [102.6703908, 15.717711], [102.6703953, 15.7176646], [102.6703985, 15.7176169], [102.6703947, 15.7175916], [102.670389, 15.7175727], [102.6703765, 15.717554], [102.670356, 15.7175361], [102.6703294, 15.7175196], [102.6702873, 15.7174949], [102.6701199, 15.7173966], [102.6699684, 15.717318], [102.6697731, 15.7172055], [102.6696967, 15.7171514], [102.6696848, 15.7171405], [102.669668, 15.7171251], [102.6696378, 15.7170963], [102.6696181, 15.7170641], [102.6696128, 15.7170524], [102.6696021, 15.7170212], [102.6695977, 15.7169927], [102.6695884, 15.7169337], [102.6695854, 15.7169146], [102.6695824, 15.7168931], [102.6695777, 15.7168593], [102.6695698, 15.716834], [102.669556, 15.7168127], [102.6695388, 15.7167947], [102.6695295, 15.7167873], [102.6695156, 15.7167762], [102.6694849, 15.7167552], [102.6694005, 15.7167071], [102.6693571, 15.7166823], [102.6693332, 15.7166677], [102.6693052, 15.716646], [102.6692906, 15.7166313], [102.6692785, 15.7166191], [102.6692654, 15.7165953], [102.6692603, 15.7165796], [102.6692572, 15.7165582], [102.6692588, 15.716532], [102.6692807, 15.7163647], [102.6692817, 15.7163316], [102.6692824, 15.7163099], [102.6692745, 15.7162846], [102.6692572, 15.7162575], [102.6692339, 15.7162325], [102.6692025, 15.7162124], [102.6691842, 15.7162053], [102.6691724, 15.7162038], [102.6691559, 15.7162018], [102.6691375, 15.7162008], [102.6691202, 15.7161998], [102.6690831, 15.7161992], [102.6690509, 15.7162017], [102.6690286, 15.7162044], [102.6690079, 15.7162069], [102.6689442, 15.7162164], [102.6688937, 15.7162239], [102.6688688, 15.7162249], [102.6688513, 15.7162213], [102.6688302, 15.7162125], [102.6687341, 15.7161611], [102.6686899, 15.7161374], [102.6686542, 15.7161183], [102.6686352, 15.7161121], [102.6686177, 15.7161105], [102.6686009, 15.7161121], [102.6685882, 15.7161188], [102.6685762, 15.7161268], [102.668565, 15.7161388], [102.6685354, 15.7161784], [102.6684181, 15.7163225], [102.6683844, 15.716355], [102.6683429, 15.7163768], [102.6683109, 15.7163869], [102.668282, 15.7163887], [102.6682525, 15.7163858], [102.6682381, 15.7163823], [102.668219, 15.7163695], [102.6681944, 15.7163478], [102.6681616, 15.7163167], [102.6681053, 15.7162633], [102.6680923, 15.716251], [102.6680588, 15.716217], [102.668017, 15.7161812], [102.6680019, 15.7161722], [102.6679246, 15.7161252], [102.6679027, 15.7161095], [102.6678868, 15.7160915], [102.6678778, 15.7160766], [102.6678735, 15.7160604], [102.6678765, 15.7160401], [102.66788, 15.71603], [102.6678894, 15.7160079], [102.6678999, 15.7159908], [102.667917, 15.7159703], [102.6680276, 15.7158667], [102.6681091, 15.7157969], [102.6681335, 15.7157671], [102.6681439, 15.7157487], [102.6681523, 15.7157264], [102.668154, 15.7157107], [102.6681497, 15.7156951], [102.6681366, 15.7156751], [102.6681222, 15.7156604], [102.6681058, 15.7156476], [102.6680854, 15.7156388], [102.6680651, 15.7156333], [102.6680274, 15.71563], [102.6679492, 15.7156293], [102.6678967, 15.7156263], [102.667871, 15.7156215], [102.6678318, 15.7156098], [102.6677695, 15.7155919], [102.6677445, 15.7155891], [102.6677203, 15.7155908], [102.6676989, 15.7155977], [102.6676762, 15.7156072], [102.6676082, 15.7156442], [102.6675801, 15.715657], [102.6675681, 15.7156625], [102.6675413, 15.7156695], [102.6675117, 15.71567], [102.6674714, 15.7156694], [102.6674463, 15.7156665], [102.6674146, 15.7156605], [102.6673949, 15.715653], [102.6673398, 15.7156207], [102.6673297, 15.7156149], [102.6672105, 15.7155459], [102.6671324, 15.7155068], [102.6670891, 15.7154891], [102.6669819, 15.7154454], [102.6668528, 15.715383], [102.6668361, 15.7153765], [102.6668128, 15.7153674], [102.6667857, 15.7153594], [102.6667642, 15.7153584], [102.6667144, 15.7153606], [102.6666672, 15.7153575], [102.6666422, 15.715352], [102.6666252, 15.7153432], [102.666577, 15.7153709], [102.666542, 15.7153819], [102.6664836, 15.7153952], [102.666427, 15.7154131], [102.666377, 15.7154239], [102.6663187, 15.715452], [102.6662773, 15.7154866], [102.6662484, 15.7155128], [102.6662168, 15.7155473], [102.6661878, 15.7155695], [102.6661612, 15.7155713], [102.6661261, 15.7155651], [102.6660768, 15.715551], [102.6660277, 15.715545], [102.6659914, 15.7155511], [102.665965, 15.7155637], [102.6659264, 15.7155956], [102.6658676, 15.7156574], [102.665833, 15.7156939], [102.6657903, 15.7157389], [102.6657727, 15.7157504], [102.6657391, 15.7157723], [102.6657001, 15.7157838], [102.665686, 15.7157841], [102.6656749, 15.7157843], [102.6656426, 15.715778], [102.6656255, 15.715762], [102.6655792, 15.7156787], [102.6655461, 15.7156318], [102.6655164, 15.7156119], [102.6654824, 15.7155935], [102.6654416, 15.7155793], [102.6653488, 15.7155591], [102.6652352, 15.7155516], [102.6651456, 15.7155504], [102.6650589, 15.71556], [102.6649892, 15.7155733], [102.6649209, 15.7155908], [102.6648346, 15.7156248], [102.6647644, 15.7156608], [102.6647472, 15.7156696], [102.6646793, 15.715706], [102.6645865, 15.7157673], [102.6645131, 15.7158092], [102.6644559, 15.715821], [102.6644284, 15.7158215], [102.6644069, 15.7158218], [102.6643536, 15.7158173], [102.664296, 15.7158088], [102.6641342, 15.7157681], [102.6641062, 15.7157631], [102.6640739, 15.7157583], [102.6638988, 15.7157585], [102.6638443, 15.7157635], [102.6637564, 15.7157799], [102.6636866, 15.7157933], [102.6636392, 15.7158049], [102.6635613, 15.7158333], [102.6634852, 15.7158613], [102.6633874, 15.7158973], [102.6633414, 15.7159103], [102.6633008, 15.715911], [102.6632841, 15.7159066], [102.6632319, 15.7158931], [102.6631475, 15.7158715], [102.6631026, 15.7158682], [102.6630369, 15.7158774], [102.6629743, 15.7158961], [102.6628783, 15.7159357], [102.6628228, 15.7159597], [102.6627447, 15.715985], [102.6627169, 15.715994], [102.6626786, 15.716015], [102.6626478, 15.7160399], [102.6626218, 15.7160743], [102.6626028, 15.7161126], [102.6625735, 15.7161945], [102.662537, 15.7162697], [102.6625083, 15.7163095], [102.6624726, 15.7163467], [102.6624282, 15.7163719], [102.6623848, 15.7163712], [102.6623509, 15.7163555], [102.6623296, 15.7163356], [102.6623149, 15.7163005], [102.6622884, 15.7162277], [102.6622786, 15.7162095], [102.6622681, 15.7161901], [102.6622496, 15.7161687], [102.6622172, 15.7161611], [102.6621892, 15.7161616], [102.6621545, 15.7161784], [102.6621103, 15.7162131], [102.6620084, 15.7163097], [102.6619255, 15.7163708], [102.661839, 15.716413], [102.6618103, 15.716427], [102.6617644, 15.7164441], [102.6615412, 15.7164912], [102.6615186, 15.7164916], [102.661481, 15.7164922], [102.6614151, 15.7164893], [102.6613563, 15.716493], [102.6612742, 15.7165188], [102.6612116, 15.7165429], [102.6611798, 15.7165637], [102.6611384, 15.7165983], [102.6610229, 15.7167191], [102.6610086, 15.7167339], [102.6609719, 15.7167653], [102.6609483, 15.7167752], [102.6609106, 15.7167812], [102.6608854, 15.7167803], [102.6608586, 15.7167712], [102.6608316, 15.7167513], [102.6608163, 15.7167344], [102.6607901, 15.7167056], [102.6606559, 15.7165576], [102.6606089, 15.7165136], [102.6605708, 15.7164926], [102.6605244, 15.7164839], [102.6604851, 15.7164805], [102.6604487, 15.7164824], [102.6604267, 15.7164874], [102.6604097, 15.7164912], [102.660375, 15.7165081], [102.6603473, 15.7165289], [102.6603295, 15.7165468], [102.6603133, 15.7165837], [102.6603082, 15.7166123], [102.6603157, 15.7166379], [102.6603258, 15.7166554], [102.6603614, 15.7166873], [102.6604069, 15.7167246], [102.6604157, 15.7167475], [102.660416, 15.7167641], [102.660411, 15.7167977], [102.6604016, 15.7168196], [102.660393, 15.7168258], [102.6603767, 15.7168377], [102.6603418, 15.7168464], [102.6603055, 15.7168511], [102.6602648, 15.7168477], [102.6601343, 15.7168295], [102.6600667, 15.7168281], [102.6600532, 15.7168298], [102.6600266, 15.7168354], [102.6599945, 15.7168454], [102.65998, 15.7168534], [102.659946, 15.716872], [102.6598932, 15.7168885], [102.6598707, 15.7168909], [102.6598398, 15.716886], [102.6598158, 15.7168769], [102.6597945, 15.7168583], [102.6597728, 15.7168207], [102.6597539, 15.7167781], [102.6596999, 15.7166564], [102.659667, 15.7166217], [102.6596443, 15.7166044], [102.6596106, 15.7165955], [102.6595461, 15.7165939], [102.6593542, 15.7165917], [102.6592983, 15.716598], [102.659251, 15.7166124], [102.6592024, 15.7166363], [102.6591678, 15.7166586], [102.6591291, 15.716689], [102.6590948, 15.7167303], [102.659051, 15.7167853], [102.6589021, 15.7170225], [102.6588332, 15.7171321], [102.6587958, 15.7171585], [102.6587694, 15.7171712], [102.6587178, 15.7171815], [102.6586646, 15.7171811], [102.6586237, 15.7171655], [102.6585146, 15.7170968], [102.6584623, 15.7170665], [102.6584118, 15.7170632], [102.6583643, 15.7170708], [102.6583268, 15.717085], [102.658288, 15.7171074], [102.6582398, 15.7171543], [102.6581111, 15.7173179], [102.658067, 15.7173593], [102.6580378, 15.717372], [102.6580043, 15.717378], [102.6579735, 15.7173758], [102.6579438, 15.7173586], [102.6579067, 15.7173199], [102.657854, 15.7172734], [102.6577559, 15.7171868], [102.6576563, 15.717103], [102.6575925, 15.7170372], [102.6575736, 15.7170176], [102.6575504, 15.7170048], [102.6575213, 15.7169887], [102.657468, 15.7169841], [102.6574105, 15.7169824], [102.6573631, 15.7169899], [102.6573214, 15.7170083], [102.6573123, 15.7170169], [102.6572966, 15.7170318], [102.6572761, 15.7170633], [102.6572601, 15.7171043], [102.6572594, 15.717145], [102.6572614, 15.7172564], [102.657262, 15.7172928], [102.6572614, 15.7173375], [102.6572439, 15.7173745], [102.6572275, 15.7173951], [102.6571858, 15.7174161], [102.6571202, 15.7174294], [102.657081, 15.7174287], [102.657053, 15.7174265], [102.6570275, 15.7174134], [102.6570167, 15.7174015], [102.6569861, 15.7173679], [102.6569287, 15.7173002], [102.6569206, 15.7172896], [102.6569037, 15.7172662], [102.6568873, 15.7172434], [102.6568547, 15.7172223], [102.6567901, 15.7172139], [102.6567383, 15.7172161], [102.6566826, 15.717232], [102.6566355, 15.7172727], [102.6566193, 15.7172941], [102.6566074, 15.7173363], [102.6565995, 15.7174422], [102.6565947, 15.7174642], [102.6565858, 15.7174979], [102.6565495, 15.7175421], [102.6565078, 15.7175591], [102.6564706, 15.7175669], [102.656459, 15.7175694], [102.6564057, 15.7175662], [102.6563818, 15.7175594], [102.6563606, 15.7175533], [102.6563389, 15.717529], [102.6563206, 15.7175039], [102.6563011, 15.717431], [102.6562656, 15.7173271], [102.6562352, 15.7172747], [102.6561951, 15.7172238], [102.6561512, 15.7171975], [102.6561161, 15.7171872], [102.6560741, 15.7171879], [102.6559875, 15.7172002], [102.6558553, 15.7172107], [102.6557931, 15.7172157], [102.655751, 15.7172123], [102.6557312, 15.7172031], [102.6557068, 15.7171683], [102.655641, 15.7170739], [102.6556227, 15.7170519], [102.6556036, 15.7170371], [102.65557, 15.7170363], [102.6555241, 15.7170506], [102.6554731, 15.7170848], [102.6554535, 15.7170979], [102.6553788, 15.7171521], [102.6553274, 15.7171719], [102.65527, 15.7171715], [102.6552208, 15.7171629], [102.6551626, 15.7171218], [102.655114, 15.7170643], [102.6550468, 15.7169522], [102.655013, 15.7168957], [102.6549884, 15.7168548], [102.6549738, 15.7168171], [102.6549514, 15.7167401], [102.6549337, 15.7166916], [102.6548952, 15.7166515], [102.6548584, 15.7166291], [102.6547428, 15.7165876], [102.6547197, 15.716576], [102.6546544, 15.7165431], [102.65461, 15.7165207], [102.6544821, 15.7164157], [102.6544367, 15.7163852], [102.6543902, 15.7163684], [102.6543341, 15.7163612], [102.6542218, 15.7163468], [102.6541599, 15.7163315], [102.6541466, 15.7163255], [102.6541101, 15.7163091], [102.6540567, 15.7162763], [102.6540041, 15.7162351], [102.6538977, 15.7161356], [102.6538673, 15.7161071], [102.6538546, 15.7160952], [102.6538079, 15.7160662], [102.6537417, 15.7160496], [102.6536873, 15.7160482], [102.6536451, 15.7160472], [102.65363, 15.7160467], [102.6535652, 15.7160444], [102.6535188, 15.716033], [102.6534849, 15.7160146], [102.6534607, 15.7159974], [102.6534348, 15.7159557], [102.6534032, 15.7159115], [102.6533701, 15.7158534], [102.6533526, 15.7158228], [102.6533023, 15.7157491], [102.653262, 15.7157185], [102.6532412, 15.7157026], [102.6531634, 15.7156565], [102.653039, 15.7155803], [102.6530232, 15.7155706], [102.6529639, 15.7155418], [102.6529259, 15.7155302], [102.6528816, 15.7155279], [102.6528294, 15.7155373], [102.6527862, 15.7155502], [102.6527488, 15.7155725], [102.6527116, 15.7156098], [102.652669, 15.7156525], [102.6526584, 15.7156579], [102.652619, 15.7156778], [102.6525786, 15.7156907], [102.6525338, 15.7156874], [102.6525208, 15.7156852], [102.6524959, 15.7156812], [102.6524576, 15.7156626], [102.6524365, 15.7156524], [102.6524249, 15.7156454], [102.6522016, 15.7155125], [102.6521024, 15.7154491], [102.6520214, 15.7153812], [102.6519673, 15.7153347], [102.6519288, 15.7152906], [102.6519015, 15.7152571], [102.6518842, 15.7152248], [102.6518664, 15.7151695], [102.6518301, 15.715032], [102.6518243, 15.7150102], [102.6518044, 15.7149156], [102.6517989, 15.7148397], [102.6517967, 15.7148148], [102.6517901, 15.7147408], [102.6517877, 15.7146852], [102.6517699, 15.7146272], [102.6517478, 15.7145846], [102.6517324, 15.7145682], [102.6517, 15.7145538], [102.6516621, 15.714549], [102.6516215, 15.7145497], [102.6515628, 15.7145574], [102.6515405, 15.7145596], [102.6514775, 15.7145656], [102.6514284, 15.7145624], [102.6513905, 15.7145512], [102.6513721, 15.7145457], [102.6513308, 15.7145349], [102.6512891, 15.714524], [102.6512442, 15.7145207], [102.6512065, 15.7145227], [102.6511688, 15.7145274], [102.6511255, 15.714539], [102.6510671, 15.7145589], [102.6508903, 15.7146458], [102.6508783, 15.7146516], [102.6507488, 15.7146958], [102.650679, 15.7147079], [102.6506132, 15.714709], [102.6505969, 15.7147076], [102.65056, 15.7147044], [102.6505008, 15.7146878], [102.6504843, 15.7146811], [102.6503908, 15.7146435], [102.6501885, 15.7145275], [102.6501434, 15.7145093], [102.6501041, 15.7145032], [102.6500691, 15.7145051], [102.6500509, 15.7145143], [102.6500358, 15.714522], [102.6500029, 15.7145401], [102.649985, 15.7145509], [102.6498919, 15.714622], [102.6497825, 15.714691], [102.6497438, 15.7147154], [102.6496424, 15.7147646], [102.6495479, 15.7148068], [102.6494296, 15.7148454], [102.6493768, 15.714868], [102.6493392, 15.7148836], [102.6491844, 15.7149933], [102.6489768, 15.7151352], [102.6488467, 15.715216], [102.6487605, 15.7152554], [102.6486783, 15.7152758], [102.6485986, 15.7152825], [102.6484741, 15.71529], [102.6484168, 15.7152951], [102.6483695, 15.7153162], [102.6483098, 15.7153443], [102.6482669, 15.7153722], [102.6482405, 15.7154], [102.6482119, 15.7154301], [102.6481584, 15.7154893], [102.6481128, 15.7155253], [102.6480752, 15.7155395], [102.6480318, 15.7155362], [102.6479924, 15.715526], [102.6479683, 15.7155088], [102.6479538, 15.7154819], [102.6479274, 15.7154158], [102.6479212, 15.7153831], [102.6479128, 15.7153387], [102.6478717, 15.7151224], [102.6478472, 15.7150021], [102.6478013, 15.7149391], [102.6477572, 15.7149033], [102.6477162, 15.7148822], [102.6476559, 15.7148778], [102.6475959, 15.714887], [102.647543, 15.7149068], [102.6474695, 15.7149447], [102.6472457, 15.7150393], [102.6471608, 15.7150665], [102.6471021, 15.715077], [102.6466411, 15.7151349], [102.6465906, 15.7151317], [102.6465441, 15.7151161], [102.6462504, 15.7149813], [102.6461533, 15.7149531], [102.6460777, 15.7149517], [102.6459855, 15.7149695], [102.6459341, 15.7149921], [102.6458939, 15.7150117], [102.6458649, 15.7150443], [102.6458362, 15.7150764], [102.6458091, 15.7151042], [102.6457028, 15.715213], [102.6456226, 15.7152686], [102.6455656, 15.7152912], [102.6455153, 15.7152975], [102.6454662, 15.7152942], [102.6454295, 15.7152799], [102.6453899, 15.7152535], [102.64535, 15.7152161], [102.6453214, 15.7151841], [102.6452858, 15.7151494], [102.6452442, 15.7151245], [102.6452263, 15.7151138], [102.6451703, 15.7151133], [102.6450934, 15.7151214], [102.6450224, 15.7151457], [102.6449641, 15.7151724], [102.6448825, 15.7152321], [102.6447872, 15.7153042], [102.6444648, 15.7154608], [102.6444412, 15.7154719], [102.6444055, 15.7154816], [102.6443635, 15.7154931], [102.6442949, 15.7154942], [102.6442594, 15.7154927], [102.6442222, 15.7154913], [102.6441435, 15.71549], [102.6440565, 15.7154778], [102.6439908, 15.715483], [102.643949, 15.7154973], [102.643921, 15.7155122], [102.6438825, 15.7155337], [102.6437646, 15.715598], [102.6437083, 15.7156178], [102.6433763, 15.7157347], [102.6433292, 15.7157543], [102.643315, 15.7157603], [102.6432846, 15.7157743], [102.6432262, 15.7158115], [102.643206, 15.7158407], [102.643194, 15.7158788], [102.6431892, 15.7159196], [102.6431926, 15.7159589], [102.6432207, 15.7160412], [102.6432398, 15.7161051], [102.6432505, 15.7161411], [102.6432412, 15.7161866], [102.643225, 15.7162039], [102.6431945, 15.7162193], [102.6431595, 15.7162199], [102.6431216, 15.7162137], [102.6430833, 15.71619], [102.6430529, 15.7161512], [102.6430275, 15.716119], [102.6430031, 15.7160764], [102.6429668, 15.7160129], [102.642901, 15.7159353], [102.6428497, 15.71589], [102.6428087, 15.7158676], [102.6427482, 15.7158497], [102.6426922, 15.7158441], [102.642678, 15.7158427], [102.6426097, 15.7158574], [102.642536, 15.7158858], [102.6424652, 15.7159195], [102.6423817, 15.7159494], [102.6422757, 15.7159756], [102.6421439, 15.7159999], [102.6421138, 15.7160054], [102.6420512, 15.7160282], [102.6420138, 15.7160518], [102.6419835, 15.7160781], [102.6419278, 15.7161764], [102.6419074, 15.7162123], [102.6419026, 15.7162212], [102.6418125, 15.7163862], [102.6417777, 15.716425], [102.6417644, 15.7164399], [102.6417215, 15.7164636], [102.6416825, 15.7164765], [102.6416306, 15.7164719], [102.6415953, 15.7164576], [102.6415781, 15.7164362], [102.6415634, 15.7163971], [102.6415412, 15.716331], [102.6415037, 15.7161906], [102.6414927, 15.7161629], [102.6414656, 15.7160949], [102.6414224, 15.7160169], [102.6414164, 15.7160062], [102.6413734, 15.7159513], [102.6413251, 15.7159114], [102.6412814, 15.7158945], [102.6412099, 15.7158916], [102.6411415, 15.7159023], [102.6410608, 15.7159307], [102.6409797, 15.7159682], [102.6409664, 15.7159744], [102.640901, 15.7159999], [102.6408395, 15.7160063], [102.6407849, 15.71601], [102.6407443, 15.716003], [102.6407203, 15.7159988], [102.6406402, 15.7159798], [102.6405753, 15.7159551], [102.6405229, 15.7159235], [102.6403923, 15.7158212], [102.6403511, 15.715792], [102.6403244, 15.7157816], [102.6402879, 15.7157809], [102.6402696, 15.7157852], [102.6402573, 15.7157882], [102.6401276, 15.7158215], [102.6400118, 15.7158465], [102.6399433, 15.715849], [102.6398941, 15.7158431], [102.6398561, 15.7158315], [102.6398306, 15.7158156], [102.6398093, 15.715797], [102.6397975, 15.7157633], [102.6397926, 15.7157254], [102.6397948, 15.7156914], [102.6398123, 15.7156532], [102.639833, 15.7156352], [102.6398707, 15.7156264], [102.6399782, 15.7156124], [102.6400382, 15.7155979], [102.6400645, 15.7155811], [102.6400851, 15.7155564], [102.6400916, 15.7155291], [102.6400967, 15.7154992], [102.6400905, 15.7154681], [102.6400801, 15.7154317], [102.6400543, 15.7154009], [102.640033, 15.7153863], [102.640002, 15.7153746], [102.6399543, 15.7153687], [102.6398969, 15.715371], [102.6398506, 15.7153663], [102.639821, 15.7153505], [102.6397847, 15.7153228], [102.6397499, 15.7152948], [102.6397184, 15.7152672], [102.6397045, 15.7152602], [102.6396751, 15.7152607], [102.6396613, 15.7152651], [102.6396389, 15.7152722], [102.6396084, 15.715289], [102.6395683, 15.7153195], [102.639523, 15.7153734], [102.6394763, 15.7154228], [102.6394253, 15.715467], [102.6393395, 15.7155227], [102.63927, 15.7155496], [102.6392155, 15.7155614], [102.6391749, 15.7155621], [102.6391425, 15.7155504], [102.6391198, 15.7155318], [102.6391025, 15.715505], [102.6390982, 15.7154865], [102.6390949, 15.7154725], [102.6390917, 15.7154468], [102.6390951, 15.7154006], [102.6391027, 15.7153571], [102.6391234, 15.7152632], [102.6391494, 15.7151474], [102.6391484, 15.7150932], [102.6391437, 15.7150621], [102.6391208, 15.715038], [102.6390724, 15.7149927], [102.6389914, 15.714929], [102.6389321, 15.7148974], [102.6388812, 15.7148738], [102.6388151, 15.7148546], [102.6387477, 15.7148435], [102.6386804, 15.7148419], [102.6386244, 15.7148415], [102.6385546, 15.7148549], [102.6384932, 15.7148681], [102.6384432, 15.714892], [102.6383445, 15.7149289], [102.6379865, 15.7150366], [102.6379461, 15.7150481], [102.637917, 15.7150649], [102.6377743, 15.7151514], [102.6377452, 15.7151695], [102.6376292, 15.715261], [102.6374277, 15.7154298], [102.637367, 15.715481], [102.6373448, 15.7154922], [102.6373008, 15.7155084], [102.6372753, 15.7155178], [102.6372551, 15.7155219], [102.6371734, 15.7155385], [102.6370518, 15.7155514], [102.6369582, 15.7155665], [102.636894, 15.7155744], [102.6368466, 15.7155901], [102.6368232, 15.7156122], [102.6368127, 15.7156354], [102.636807, 15.7156477], [102.6368013, 15.7156707], [102.636777, 15.7157676], [102.6367644, 15.7158364], [102.6367591, 15.7158655], [102.636761, 15.7158913], [102.6367739, 15.7159087], [102.6367925, 15.7159314], [102.6369491, 15.7159966], [102.6370394, 15.7160372], [102.6370708, 15.7160679], [102.6370895, 15.7160974], [102.6370913, 15.7161191], [102.6370919, 15.7161503], [102.6370782, 15.7161888], [102.6370691, 15.7162103], [102.6370421, 15.7162517], [102.6369342, 15.7164174], [102.6369053, 15.716445], [102.6368734, 15.7164659], [102.6368161, 15.7164695], [102.6368007, 15.7164691], [102.636753, 15.7164679], [102.6365897, 15.7164279], [102.63653, 15.7164133], [102.6364886, 15.7164031], [102.6364488, 15.7163984], [102.6364282, 15.716396], [102.6363934, 15.7164074], [102.6363671, 15.7164201], [102.6363368, 15.7164518], [102.6363165, 15.7164887], [102.6363103, 15.716535], [102.6363096, 15.716573], [102.6363241, 15.7166012], [102.6363582, 15.7166332], [102.6363946, 15.7166598], [102.6364729, 15.716717], [102.6364888, 15.7167287], [102.6365132, 15.7167649], [102.6365153, 15.7168015], [102.6365144, 15.71683], [102.6365037, 15.71686], [102.636469, 15.7169152], [102.636449, 15.716946], [102.6364273, 15.7169738], [102.6363762, 15.7170127], [102.6363428, 15.7170322], [102.6362806, 15.7170685], [102.6362266, 15.7171061], [102.6361716, 15.7171639], [102.6361074, 15.7172559], [102.636092, 15.717293], [102.6360564, 15.7173788], [102.6360404, 15.7174339], [102.6360044, 15.7175574], [102.6359799, 15.7176419], [102.6359685, 15.717714], [102.6359727, 15.7177885], [102.6359854, 15.7178737], [102.635991, 15.717955], [102.635989, 15.7179985], [102.6359718, 15.7180571], [102.6359431, 15.7180969], [102.6359127, 15.7181205], [102.6358725, 15.7181429], [102.6358238, 15.7181572], [102.635779, 15.7181607], [102.6357368, 15.7181505], [102.635694, 15.7181352], [102.6356604, 15.718111], [102.6356404, 15.718083], [102.6356369, 15.7180715], [102.6356196, 15.7180141], [102.635605, 15.7179495], [102.6355983, 15.7179195], [102.6355793, 15.7178778], [102.6355548, 15.7178375], [102.6355306, 15.7178162], [102.6354967, 15.7177964], [102.635453, 15.7177836], [102.6353913, 15.7177792], [102.6353425, 15.7177882], [102.6352868, 15.7178081], [102.6352244, 15.717843], [102.6351582, 15.7179011], [102.6350384, 15.718013], [102.6350053, 15.7180393], [102.6349802, 15.7180492], [102.6349691, 15.7180501], [102.6349397, 15.7180526], [102.6348921, 15.7180534], [102.6348458, 15.7180514], [102.6348067, 15.7180535], [102.6347718, 15.7180635], [102.6347316, 15.7180859], [102.6346832, 15.7181179], [102.6346305, 15.7181486], [102.6345727, 15.7182052], [102.6345411, 15.7182396], [102.6345301, 15.7182458], [102.6345036, 15.7182606], [102.6344701, 15.7182666], [102.6344477, 15.7182656], [102.6344126, 15.7182594], [102.6343802, 15.7182445], [102.6343261, 15.7182012], [102.6342865, 15.7181774], [102.6342631, 15.7181708], [102.6342415, 15.7181646], [102.6342022, 15.7181598], [102.6341615, 15.7181537], [102.6341292, 15.7181529], [102.6341042, 15.7181601], [102.6340848, 15.7181727], [102.6340669, 15.7181919], [102.6340479, 15.7182262], [102.634026, 15.7182837], [102.6340198, 15.7182999], [102.6339942, 15.7183532], [102.6339779, 15.7183755], [102.6339682, 15.7183889], [102.6339406, 15.7184177], [102.6339296, 15.7184271], [102.6338991, 15.7184443], [102.633852, 15.7184736], [102.6336767, 15.7185362], [102.6336307, 15.7185492], [102.6335777, 15.7185582], [102.633533, 15.7185671], [102.6334407, 15.7185713], [102.6333791, 15.7185764], [102.6333345, 15.7185867], [102.6332857, 15.7185983], [102.6332135, 15.7186334], [102.6331594, 15.7186628], [102.6331235, 15.7186892], [102.6330753, 15.7187348], [102.6330093, 15.7188078], [102.6329815, 15.7188191], [102.6329466, 15.7188224], [102.6329172, 15.7188215], [102.632882, 15.7188139], [102.6328343, 15.7187926], [102.6326336, 15.7187028], [102.6325941, 15.7186858], [102.632559, 15.7186837], [102.6325085, 15.7186805], [102.6324609, 15.7186785], [102.6323687, 15.7186909], [102.6322013, 15.7187303], [102.6321541, 15.7187386], [102.6321258, 15.718737], [102.6320907, 15.7187322], [102.6320413, 15.7187167], [102.6319837, 15.7186987], [102.6319528, 15.7186897], [102.6319276, 15.7186928], [102.6318915, 15.7187097], [102.6318245, 15.7187417], [102.6317915, 15.7187575], [102.6317704, 15.7187632], [102.6317595, 15.7187662], [102.6317319, 15.718765], [102.6316977, 15.7187564], [102.631476, 15.7186667], [102.6314309, 15.718653], [102.631401, 15.7186498], [102.6313657, 15.7186631], [102.6313141, 15.7187001], [102.631055, 15.718947], [102.6310179, 15.7189823], [102.6307963, 15.7191935], [102.6307395, 15.7192541], [102.6306845, 15.7193129], [102.6306304, 15.7194024], [102.6304923, 15.7196308], [102.6304626, 15.7197159], [102.6302862, 15.720222], [102.6302727, 15.7202549], [102.6302557, 15.7202967], [102.6302178, 15.7203678], [102.6301756, 15.7204119], [102.6301616, 15.7204211], [102.6301276, 15.7204435], [102.6300477, 15.7204647], [102.6292738, 15.7205192], [102.6292318, 15.7205192], [102.6291562, 15.7205193], [102.6291125, 15.7205161], [102.6290865, 15.7205142], [102.6290758, 15.7205134], [102.6290027, 15.7204984], [102.6289048, 15.7204512], [102.6287692, 15.7203901], [102.6286978, 15.7203577], [102.6286732, 15.7203465], [102.6286021, 15.720335], [102.6285222, 15.7203563], [102.6284611, 15.720388], [102.6284097, 15.7204395], [102.628307, 15.7205425], [102.6282853, 15.7205676], [102.6281881, 15.7206801], [102.6281158, 15.7207633], [102.6280636, 15.7208233], [102.6280429, 15.720842], [102.627992, 15.7208878], [102.6278464, 15.7209969], [102.6274443, 15.7213213], [102.6273269, 15.7215011], [102.6272011, 15.7216696], [102.627102, 15.7217689], [102.6270301, 15.7218225], [102.6269689, 15.7218435], [102.6269132, 15.7218607], [102.6268537, 15.7218779], [102.6267532, 15.7218959], [102.6266833, 15.7218957], [102.6266598, 15.7218956], [102.6265571, 15.7218955], [102.6264842, 15.7218895], [102.626452, 15.7218853], [102.6264112, 15.7218799], [102.6261907, 15.7218339], [102.6261699, 15.7218296], [102.6251724, 15.7216219], [102.6249602, 15.7215644], [102.6246001, 15.7214669], [102.6243718, 15.7214363], [102.6241755, 15.7214215], [102.6240127, 15.7214007], [102.6237503, 15.721349], [102.6236209, 15.7213167], [102.6235734, 15.7213014], [102.6235571, 15.7212961], [102.6235372, 15.7212844], [102.6231783, 15.721073], [102.6229985, 15.7209672], [102.6229178, 15.7209414], [102.6228468, 15.7209372], [102.6228273, 15.7209397], [102.6227834, 15.7209454], [102.622728, 15.7209771], [102.6226895, 15.7210175], [102.6226754, 15.7210684], [102.622684, 15.7211316], [102.6227002, 15.7212018], [102.6227397, 15.721326], [102.6228695, 15.7217397], [102.6228731, 15.7217511], [102.6228842, 15.7217866], [102.6228904, 15.7218208], [102.6228707, 15.7218682], [102.6228541, 15.7218971], [102.6228309, 15.7219376], [102.6227818, 15.7220143], [102.6227711, 15.72205], [102.6227659, 15.7220671], [102.6227632, 15.7221214], [102.6227565, 15.7221667], [102.6227481, 15.7222175], [102.622725, 15.722283], [102.6227174, 15.722302], [102.6226946, 15.7223594], [102.6226529, 15.7224307], [102.6226468, 15.7224412], [102.6226221, 15.7224836], [102.6226193, 15.7225361], [102.6226222, 15.722564], [102.6226238, 15.7225795], [102.6226549, 15.7226495], [102.6226692, 15.7226863], [102.622694, 15.7227501], [102.6227023, 15.7227952], [102.6226922, 15.7228568], [102.6226029, 15.7230898], [102.622522, 15.723311], [102.6224975, 15.7233556], [102.622478, 15.7233676], [102.6224642, 15.7233761], [102.6224196, 15.7233895], [102.6223711, 15.7233903], [102.6223244, 15.7233856], [102.6222248, 15.7233511], [102.6221887, 15.7233429], [102.6221624, 15.7233368], [102.6221496, 15.7233339], [102.6221367, 15.7233309], [102.6221262, 15.7233326], [102.6220883, 15.7233389], [102.6220511, 15.7233522], [102.6220143, 15.7233781], [102.621985, 15.7234148], [102.6219597, 15.7234745], [102.6219474, 15.7235035], [102.6219348, 15.7235332], [102.6218953, 15.7236207], [102.6218678, 15.7236482], [102.6218308, 15.7236669], [102.6216777, 15.7236695], [102.6215935, 15.7236617], [102.6215112, 15.7236542], [102.6214681, 15.7236422], [102.6214302, 15.7236139], [102.6214154, 15.7235979], [102.6213446, 15.7235213], [102.6212782, 15.7234627], [102.6212213, 15.72344], [102.6211825, 15.723439], [102.6211454, 15.7234486], [102.6211158, 15.7234636], [102.6210846, 15.7234949], [102.6210349, 15.7235391], [102.620936, 15.7236456], [102.6208542, 15.72377], [102.6207944, 15.7238777], [102.6207683, 15.723923], [102.6207435, 15.7239545], [102.6204841, 15.7241704], [102.6204118, 15.7242005], [102.6203615, 15.7242104], [102.6203241, 15.7242056], [102.6202828, 15.7241954], [102.6202412, 15.7241654], [102.6201334, 15.7240531], [102.6200719, 15.7239892], [102.6200436, 15.7239697], [102.6200136, 15.723963], [102.6199782, 15.7239672], [102.6199374, 15.7239824], [102.6199006, 15.7240137], [102.6197442, 15.7241447], [102.6196703, 15.7242236], [102.6196305, 15.724266], [102.6195899, 15.7242938], [102.6195435, 15.7243036], [102.619508, 15.7243042], [102.6194671, 15.7242987], [102.6194086, 15.7242787], [102.6193371, 15.7242509], [102.619262, 15.7242287], [102.6192122, 15.7242272], [102.6191854, 15.7242263], [102.6190889, 15.7242266], [102.6190138, 15.7242328], [102.6188891, 15.7242566], [102.618824, 15.7242721], [102.6187591, 15.7243003], [102.6186503, 15.7243738], [102.6186355, 15.7243838], [102.6185328, 15.7244408], [102.6184543, 15.7244844], [102.6183955, 15.7245361], [102.6183626, 15.72458], [102.618354, 15.7246181], [102.6183603, 15.7246596], [102.618378, 15.72471], [102.6184383, 15.7248464], [102.6184632, 15.7249125], [102.6184736, 15.7249399], [102.6184744, 15.7249887], [102.6184734, 15.725034], [102.6184537, 15.7250831], [102.6183873, 15.7252103], [102.6183128, 15.7253531], [102.6182616, 15.7254155], [102.6182116, 15.7254398], [102.6181572, 15.7254385], [102.6181401, 15.7254359], [102.6181163, 15.7254323], [102.6180384, 15.7253884], [102.6179296, 15.7253269], [102.6178788, 15.7253097], [102.6178396, 15.7253085], [102.6177873, 15.7253094], [102.617713, 15.7253323], [102.6176425, 15.725357], [102.6175922, 15.7253615], [102.6174856, 15.7253506], [102.617347, 15.7253312], [102.6172513, 15.7253359], [102.6172351, 15.7253366], [102.617172, 15.7253576], [102.6171369, 15.7253799], [102.6171116, 15.7254291], [102.6170959, 15.7254909], [102.6170876, 15.7255507], [102.6170899, 15.7256791], [102.6170761, 15.7257408], [102.6170707, 15.7257574], [102.6170601, 15.7257899], [102.6170198, 15.7258322], [102.6169624, 15.725862], [102.6168938, 15.7258885], [102.6164809, 15.7259499], [102.6164629, 15.7259534], [102.6164097, 15.7259689], [102.6163781, 15.7259766], [102.6163035, 15.7259815], [102.6162932, 15.7259814], [102.6162757, 15.7259813], [102.616227, 15.725981], [102.616139, 15.7259698], [102.6160742, 15.7259539], [102.616049, 15.7259477], [102.6160022, 15.7259449], [102.6159333, 15.7259551], [102.6158815, 15.7259776], [102.6158465, 15.7260072], [102.6158246, 15.7260365], [102.6158103, 15.7260711], [102.615811, 15.7261145], [102.6158248, 15.726154], [102.6158712, 15.7262347], [102.6158845, 15.7262579], [102.6158965, 15.726303], [102.6158992, 15.7263463], [102.6158793, 15.7263828], [102.6158149, 15.7264363], [102.6157134, 15.7265049], [102.6155484, 15.7265728], [102.6154261, 15.7266261], [102.6153068, 15.7266781], [102.6148227, 15.7268891], [102.6147331, 15.7269281], [102.6144958, 15.7270243], [102.6142408, 15.7271805], [102.6138951, 15.7273743], [102.6135665, 15.7275747], [102.61352, 15.727603], [102.6134477, 15.7276313], [102.6133843, 15.727636], [102.6133227, 15.7276352], [102.6132608, 15.7276217], [102.6132177, 15.7276116], [102.6131762, 15.727587], [102.61314, 15.7275478], [102.6130907, 15.7275034], [102.6130453, 15.7274734], [102.6129834, 15.7274581], [102.6128844, 15.7274525], [102.6128081, 15.7274665], [102.6127412, 15.7274857], [102.6125927, 15.7275388], [102.6124349, 15.727592], [102.6122808, 15.7276398], [102.6118808, 15.7277206], [102.6116668, 15.7277675], [102.6115535, 15.7277921], [102.6114094, 15.7278232], [102.6113953, 15.7278263], [102.6113285, 15.7278509], [102.6110947, 15.7279344], [102.6110601, 15.7279483], [102.6109948, 15.7279747], [102.6109686, 15.7279853], [102.610909, 15.7279971], [102.6108418, 15.7279946], [102.6108007, 15.7279953], [102.6107577, 15.7279942], [102.610711, 15.7279914], [102.6102446, 15.7279087], [102.6099206, 15.7278562], [102.6098548, 15.7278337], [102.6098284, 15.7278143], [102.6098077, 15.7277798], [102.6098029, 15.7277496], [102.6097845, 15.7276142], [102.6097716, 15.7275202], [102.6097665, 15.7274825], [102.6097486, 15.7274195], [102.6097125, 15.7273839], [102.6096709, 15.7273593], [102.609649, 15.7273526], [102.6096259, 15.7273456], [102.6095717, 15.7273429], [102.6095345, 15.7273525], [102.6095051, 15.7273783], [102.6094967, 15.7274309], [102.6094923, 15.7275015], [102.6095074, 15.7276915], [102.6094984, 15.7277605], [102.6094938, 15.7277963], [102.6094724, 15.7278509], [102.6094319, 15.7278878], [102.6093614, 15.7279142], [102.6092756, 15.7279292], [102.6092234, 15.727922], [102.6091669, 15.7279036], [102.6091332, 15.7278927], [102.6090634, 15.7278523], [102.609012, 15.727797], [102.6089606, 15.7277278], [102.6089164, 15.7276684], [102.6088989, 15.7276307], [102.6088927, 15.7275965], [102.6088958, 15.7275566], [102.6089061, 15.7275094], [102.608928, 15.7274801], [102.608952, 15.7274634], [102.6090023, 15.7274572], [102.6090639, 15.7274562], [102.6091198, 15.7274498], [102.6091514, 15.7274421], [102.6091754, 15.7274236], [102.6091862, 15.7274016], [102.609189, 15.727351], [102.6091863, 15.7273022], [102.6091572, 15.7271904], [102.6091182, 15.727146], [102.6091108, 15.7271376], [102.6090915, 15.7271157], [102.6090499, 15.7270874], [102.6085942, 15.7268707], [102.6085415, 15.7268481], [102.6085003, 15.7268397], [102.6084592, 15.7268404], [102.6084451, 15.7268445], [102.6084128, 15.7268538], [102.6082628, 15.7269132], [102.6079789, 15.7270256], [102.6078622, 15.7270782], [102.6078026, 15.7270918], [102.6077635, 15.7270943], [102.6076999, 15.7270899], [102.606924, 15.7268242], [102.6068581, 15.7267945], [102.6068239, 15.7267608], [102.6067913, 15.7267125], [102.606785, 15.7266692], [102.6067843, 15.7266294], [102.6068037, 15.7265676], [102.6068308, 15.7265165], [102.6068731, 15.7264778], [102.6069339, 15.7264332], [102.606969, 15.7264075], [102.6070109, 15.7263525], [102.6070245, 15.726322], [102.6070361, 15.726296], [102.6070396, 15.7262787], [102.6070515, 15.7262198], [102.607054, 15.7261456], [102.6070416, 15.7260771], [102.6070106, 15.7260179], [102.6069612, 15.7259681], [102.606912, 15.7259327], [102.6068735, 15.7259161], [102.6067351, 15.7258561], [102.6066472, 15.7258211], [102.6066261, 15.7258127], [102.6065475, 15.7258013], [102.6064885, 15.7257994], [102.6064372, 15.7257977], [102.6063589, 15.7258063], [102.6062532, 15.7258442], [102.6061585, 15.7258765], [102.6060915, 15.7258787], [102.606052, 15.7258746], [102.6060144, 15.7258572], [102.6059859, 15.7258372], [102.6059724, 15.7258244], [102.6059574, 15.725802], [102.6059086, 15.7256817], [102.6058542, 15.7255632], [102.6058385, 15.7255429], [102.6058045, 15.7254989], [102.6057383, 15.7254494], [102.6057062, 15.7254264], [102.6056991, 15.7254148], [102.6056812, 15.7253852], [102.6056675, 15.7253529], [102.6056316, 15.7251165], [102.6055845, 15.7249889], [102.6055445, 15.7249425], [102.6055218, 15.7249266], [102.6054861, 15.7249128], [102.6054355, 15.7249027], [102.6054092, 15.7249038], [102.6053609, 15.7249058], [102.6052765, 15.7249119], [102.6052639, 15.7249128], [102.605197, 15.724932], [102.6049375, 15.7250412], [102.6048632, 15.7250641], [102.6048015, 15.7250615], [102.6047641, 15.7250549], [102.6047074, 15.7250197], [102.6046891, 15.7250115], [102.6046604, 15.7249988], [102.6046248, 15.7249903], [102.6045557, 15.7249914], [102.6043303, 15.7249961], [102.6041338, 15.7250002], [102.6040851, 15.7249902], [102.6040429, 15.7249478], [102.6040338, 15.7249386], [102.6040104, 15.7248847], [102.6040075, 15.7248215], [102.6040199, 15.7247499], [102.6040261, 15.7247144], [102.6040371, 15.7245985], [102.6040329, 15.7245652], [102.6040306, 15.724548], [102.6040112, 15.7245049], [102.603734, 15.7241369], [102.6036866, 15.7240961], [102.6036114, 15.7240702], [102.6034838, 15.7240325], [102.6034348, 15.7240062], [102.6033872, 15.7239563], [102.6033716, 15.7239204], [102.6033691, 15.7238825], [102.603372, 15.7238402], [102.6033855, 15.7236471], [102.6033846, 15.7235964], [102.603369, 15.7235569], [102.6033328, 15.7235177], [102.6032856, 15.7234878], [102.6032067, 15.7234601], [102.603126, 15.723438], [102.6031012, 15.7234344], [102.6030553, 15.723428], [102.6030343, 15.723425], [102.6029651, 15.7234189], [102.6029011, 15.7234152], [102.6028436, 15.7234119], [102.6028262, 15.7234101], [102.60275, 15.7234026], [102.6026732, 15.7233857], [102.6025922, 15.7233491], [102.6025412, 15.7233156], [102.6024504, 15.7232466], [102.6023919, 15.7232113], [102.6023156, 15.7231753], [102.602267, 15.7231523], [102.6021923, 15.723117], [102.6021435, 15.7230923], [102.6021264, 15.7230837], [102.6021007, 15.7230615], [102.6020804, 15.7230377], [102.6020699, 15.723009], [102.6020645, 15.7229849], [102.6020638, 15.7229415], [102.602067, 15.722929], [102.6020793, 15.7228821], [102.6021347, 15.7227286], [102.6022392, 15.7224395], [102.602248, 15.7223742], [102.6022492, 15.7223293], [102.6022495, 15.7223187], [102.6022259, 15.7222708], [102.6022082, 15.722235], [102.6020825, 15.7220964], [102.602066, 15.7220782], [102.6020468, 15.7220473], [102.6020302, 15.7220208], [102.6019794, 15.7219391], [102.6019456, 15.7218848], [102.6019191, 15.7217936], [102.6019145, 15.7216731], [102.6019206, 15.7215959], [102.6019267, 15.7215806], [102.6019478, 15.7215274], [102.601984, 15.7214365], [102.6020137, 15.721362], [102.6020279, 15.7213264], [102.6020315, 15.7212492], [102.6020161, 15.7212229], [102.6019786, 15.7212163], [102.6019314, 15.7212219], [102.6018771, 15.7212429], [102.6018597, 15.7212496], [102.6018077, 15.7212649], [102.6017528, 15.7212586], [102.6017149, 15.7212279], [102.601704, 15.721175], [102.601692, 15.7210571], [102.6016871, 15.7206909], [102.601684, 15.7204591], [102.6016574, 15.7203655], [102.601624, 15.7203058], [102.6015432, 15.7202396], [102.6014476, 15.7201857], [102.601345, 15.7201561], [102.6012895, 15.720152], [102.6009387, 15.7201266], [102.6007018, 15.7201064], [102.6006167, 15.7200837], [102.6005364, 15.720044], [102.6005245, 15.720035], [102.6004679, 15.7199916], [102.6004146, 15.7199134], [102.6003655, 15.7198105], [102.600329, 15.7196674], [102.6002932, 15.7195271], [102.6002937, 15.7194114], [102.6002952, 15.7193559], [102.6003069, 15.7193147], [102.6003699, 15.7192172], [102.6003988, 15.7191564], [102.6004, 15.7191095], [102.6003873, 15.7190349], [102.6003695, 15.7190018], [102.6003326, 15.7189332], [102.60019, 15.7187523], [102.6001107, 15.718707], [102.6000793, 15.718689], [102.6000584, 15.7186757], [102.5999685, 15.7186185], [102.5999179, 15.7185687], [102.5998822, 15.7185211], [102.5998638, 15.7184683], [102.5998555, 15.7184202], [102.5998568, 15.7183551], [102.5998641, 15.7182006], [102.5998632, 15.7181524], [102.599835, 15.7181047], [102.599776, 15.7180044], [102.5996707, 15.7178204], [102.5996323, 15.7177632], [102.5993388, 15.7172109], [102.5992308, 15.7170174], [102.5991901, 15.716965], [102.5991216, 15.7168938], [102.5990405, 15.7168156], [102.5989949, 15.7167681], [102.598951, 15.7166772], [102.598879, 15.7165481], [102.5987881, 15.716335], [102.5987647, 15.7162775], [102.5987586, 15.7162125], [102.5987518, 15.7161089], [102.5987428, 15.7160247], [102.5987367, 15.7159621], [102.5987205, 15.7158876], [102.5986917, 15.7158109], [102.5986557, 15.7157464], [102.5986048, 15.7156821], [102.5985467, 15.7156348], [102.5984865, 15.7156045], [102.5984132, 15.715579], [102.5983737, 15.7155653], [102.5983198, 15.715541], [102.5982759, 15.7155211], [102.5982277, 15.7154713], [102.5982183, 15.7154614], [102.5980653, 15.7153001], [102.5979664, 15.7151958], [102.5976775, 15.7149064], [102.5976543, 15.7148634], [102.5976436, 15.7148177], [102.5976401, 15.7147647], [102.5976467, 15.714714], [102.5976548, 15.7146872], [102.5976679, 15.7146437], [102.5977378, 15.7145147], [102.5977691, 15.7144419], [102.5977785, 15.71442], [102.5977818, 15.7143732], [102.597777, 15.7143356], [102.5977585, 15.7142757], [102.5977327, 15.7141731], [102.5977077, 15.7140739], [102.5976915, 15.7140067], [102.5976945, 15.7139572], [102.5976954, 15.7139415], [102.5977013, 15.7138546], [102.5977148, 15.7137877], [102.5977174, 15.7137747], [102.5977333, 15.7136925], [102.5977571, 15.713627], [102.5978049, 15.7135128], [102.5978361, 15.7134496], [102.5978847, 15.7133789], [102.598033, 15.7131787], [102.5980964, 15.7130845], [102.5981398, 15.7130202], [102.5981638, 15.7129691], [102.5981674, 15.7128943], [102.5981665, 15.7128437], [102.5981581, 15.7127884], [102.5981372, 15.7127333], [102.5981162, 15.7126709], [102.5980881, 15.712628], [102.5980499, 15.7125804], [102.5979907, 15.7125284], [102.597969, 15.7125093], [102.5979514, 15.7125012], [102.5978937, 15.7124744], [102.5978623, 15.7124685], [102.5978069, 15.7124581], [102.5977189, 15.712418], [102.5976816, 15.7124079], [102.5975325, 15.7123756], [102.5973787, 15.7123423], [102.5971963, 15.7123116], [102.5971164, 15.7123042], [102.5971001, 15.7123039], [102.5970609, 15.7123031], [102.5969811, 15.7123016], [102.5968831, 15.7123083], [102.5968478, 15.7123143], [102.5967955, 15.7123322], [102.5967481, 15.7123663], [102.5966978, 15.7124259], [102.5966685, 15.7124445], [102.596562, 15.7124905], [102.5964971, 15.7125123], [102.5963608, 15.712545], [102.5963239, 15.7125499], [102.5962343, 15.7125711], [102.5960813, 15.7126286], [102.5959822, 15.7126786], [102.5959534, 15.7126963], [102.595842, 15.7127935], [102.5958166, 15.7128082], [102.5957739, 15.7128273], [102.5957018, 15.7128429], [102.5955788, 15.712832], [102.5955599, 15.7128303], [102.5954591, 15.712812], [102.5953246, 15.7127793], [102.5952636, 15.712762], [102.5952442, 15.7127565], [102.5951905, 15.7127355], [102.5950346, 15.7126744], [102.5950239, 15.7126695], [102.5949766, 15.7126321], [102.5949445, 15.7125841], [102.5949361, 15.7125678], [102.5949187, 15.7125295], [102.5948988, 15.7124533], [102.5948881, 15.7124056], [102.5948767, 15.7123551], [102.5948638, 15.7123182], [102.5948371, 15.7122754], [102.5948264, 15.7122649], [102.5947837, 15.7122393], [102.5947507, 15.7122209], [102.5947093, 15.7122056], [102.5946235, 15.7121621], [102.5945934, 15.7121386], [102.5945368, 15.7120918], [102.594517, 15.7120684], [102.5944267, 15.7119583], [102.5943992, 15.7119212], [102.5942879, 15.7117709], [102.59413, 15.7115781], [102.5939972, 15.7114456], [102.593928, 15.7113766], [102.5938358, 15.7113054], [102.5937675, 15.7112696], [102.593737, 15.7112536], [102.5936262, 15.711195], [102.5935632, 15.7111668], [102.5935146, 15.7111486], [102.5933897, 15.7111019], [102.5932901, 15.7110735], [102.5931113, 15.7110149], [102.5929744, 15.7109651], [102.5927383, 15.7108713], [102.5926244, 15.7108204], [102.5926123, 15.7108144], [102.5924869, 15.7107637], [102.5923043, 15.7106899], [102.5920603, 15.7106223], [102.592031, 15.7106142], [102.5918011, 15.7105745], [102.5917105, 15.7105611], [102.5916881, 15.7105585], [102.5916105, 15.7105505], [102.5914413, 15.7105471], [102.5913986, 15.7105509], [102.5913452, 15.7105557], [102.591212, 15.7105674], [102.5911905, 15.7105706], [102.5911195, 15.7105812], [102.5910568, 15.7105999], [102.5909835, 15.7106218], [102.5909008, 15.7106292], [102.590803, 15.7106182], [102.5906933, 15.7105759], [102.5906192, 15.7105236], [102.5905487, 15.7104901], [102.5904549, 15.7104681], [102.5904294, 15.7104621], [102.5903036, 15.7104263], [102.5901829, 15.7104094], [102.5900868, 15.710401], [102.5899992, 15.710414], [102.5899265, 15.7104452], [102.5898743, 15.710471], [102.5898387, 15.7104808], [102.5898051, 15.7104901], [102.5897566, 15.7104952], [102.5896621, 15.7104842], [102.5896188, 15.7104604], [102.5895881, 15.7104424], [102.5895293, 15.7103759], [102.5894409, 15.7103003], [102.5893657, 15.7102341], [102.5893031, 15.7102001], [102.5892142, 15.7101706], [102.5891922, 15.7101662], [102.5891126, 15.7101394], [102.5890917, 15.7101298], [102.5889899, 15.7101], [102.5889153, 15.7100713], [102.5888468, 15.7100395], [102.5888051, 15.7099535], [102.5887638, 15.7098883], [102.5887196, 15.7098322], [102.5886604, 15.7098033], [102.5885984, 15.7097923], [102.5884257, 15.7098041], [102.588366, 15.7098037], [102.5881899, 15.7098217], [102.5880613, 15.7098292], [102.5880004, 15.7098396], [102.5879635, 15.709848], [102.5878977, 15.7098687], [102.5878295, 15.7098967], [102.5876948, 15.7099391], [102.5876798, 15.7099431], [102.5875662, 15.7099638], [102.58746, 15.7099776], [102.5874031, 15.7099799], [102.5873828, 15.7099807], [102.5873075, 15.7099839], [102.5872548, 15.70998], [102.5872039, 15.7099762], [102.5871412, 15.7099716], [102.5870598, 15.709958], [102.5870113, 15.7099401], [102.5870015, 15.7099365], [102.586988, 15.7099317], [102.5869412, 15.709915], [102.5868944, 15.7098896], [102.5868591, 15.7098565], [102.5868218, 15.7098216], [102.5868023, 15.709802], [102.5867412, 15.7097406], [102.5867138, 15.7097166], [102.5866823, 15.7096891], [102.5866623, 15.7096751], [102.5866275, 15.7096507], [102.5865711, 15.7096273], [102.5864948, 15.7095743], [102.5864499, 15.7095417], [102.5864059, 15.7095099], [102.5863464, 15.7094832], [102.5862896, 15.7094342], [102.5862327, 15.7093878], [102.5862194, 15.7093736], [102.5861894, 15.7093417], [102.5861503, 15.7093002], [102.5861242, 15.7092567], [102.586106, 15.7092102], [102.5860713, 15.709153], [102.5860386, 15.7091122], [102.585976, 15.7090664], [102.5858821, 15.7090025], [102.5857573, 15.7089353], [102.5857163, 15.7089073], [102.5857065, 15.7089006], [102.5856887, 15.7088765], [102.5856785, 15.7088449], [102.5856777, 15.7087981], [102.5856887, 15.708768], [102.5857111, 15.7087209], [102.5857412, 15.7086755], [102.5857505, 15.7086401], [102.5857515, 15.7086004], [102.5857485, 15.708581], [102.5857449, 15.7085575], [102.5857361, 15.7085282], [102.5857326, 15.7085166], [102.5857008, 15.7084694], [102.5856837, 15.7084595], [102.5856609, 15.7084464], [102.5856094, 15.7084325], [102.5855984, 15.7084304], [102.5855082, 15.7084068], [102.5854818, 15.7083998], [102.5854559, 15.7083895], [102.5854383, 15.7083824], [102.5854036, 15.7083685], [102.5853399, 15.7083334], [102.5852641, 15.7082887], [102.5852415, 15.7082682], [102.585201, 15.7082332], [102.5851534, 15.7082024], [102.5850879, 15.7081707], [102.5850659, 15.7081601], [102.5850558, 15.7081552], [102.5850421, 15.70815], [102.5848565, 15.7080795], [102.5847902, 15.7080543], [102.5846109, 15.7079982], [102.5845066, 15.707971], [102.5844505, 15.7079622], [102.584361, 15.7079483], [102.5843093, 15.7079471], [102.5842045, 15.7079537], [102.5841262, 15.7079606], [102.5840964, 15.7079615], [102.5840691, 15.7079573], [102.5840315, 15.7079516], [102.5840189, 15.7079497], [102.583951, 15.7079318], [102.5838841, 15.7079054], [102.5838226, 15.7078812], [102.5836982, 15.7078359], [102.5836048, 15.7077981], [102.5834803, 15.7077497], [102.5833995, 15.7077097], [102.5833197, 15.7076617], [102.5832518, 15.7076113], [102.5831809, 15.7075514], [102.5830644, 15.707453], [102.5828905, 15.7073214], [102.5827942, 15.7072635], [102.5826784, 15.7071941], [102.5826298, 15.7071711], [102.5825908, 15.7071528], [102.5825448, 15.7071367], [102.5824969, 15.7071241], [102.5824038, 15.7071057], [102.5823157, 15.7071023], [102.5822052, 15.7071073], [102.5821595, 15.7071081], [102.5820972, 15.7071138], [102.5820188, 15.7071323], [102.581963, 15.7071444], [102.5819005, 15.7071632], [102.5818554, 15.707184], [102.5818271, 15.707201], [102.581801, 15.7072219], [102.5816731, 15.7073316], [102.5816548, 15.7073463], [102.5816325, 15.7073642], [102.5815516, 15.7074291], [102.5815354, 15.7074396], [102.5814875, 15.707468], [102.5814482, 15.7074834], [102.5813977, 15.7074919], [102.5813601, 15.7074926], [102.5813433, 15.7074876], [102.5813272, 15.7074791], [102.5813119, 15.7074709], [102.5812927, 15.7074502], [102.5812829, 15.7074319], [102.5812769, 15.7074149], [102.5812745, 15.7074041], [102.5812718, 15.7073706], [102.5812705, 15.7073411], [102.5812699, 15.7073091], [102.5812732, 15.7072014], [102.5812748, 15.7071082], [102.5812666, 15.7070238], [102.5812617, 15.707003], [102.5812529, 15.7069536], [102.5812488, 15.7069302], [102.5812361, 15.7068687], [102.5812221, 15.7068128], [102.581211, 15.7067575], [102.5812001, 15.7067149], [102.5811849, 15.7066716], [102.5811768, 15.7066508], [102.5811727, 15.7066402], [102.5811635, 15.7066235], [102.5811527, 15.7066075], [102.5811306, 15.706582], [102.5811123, 15.7065667], [102.5810915, 15.706554], [102.5810811, 15.7065501], [102.5810679, 15.7065451], [102.5810365, 15.7065407], [102.5809987, 15.7065475], [102.5809728, 15.7065572], [102.5809607, 15.7065631], [102.5809241, 15.7065861], [102.5808168, 15.7066679], [102.5807988, 15.7066818], [102.5807736, 15.7066962], [102.580751, 15.7067022], [102.5807349, 15.7067029], [102.5807143, 15.7067002], [102.5806971, 15.7066979], [102.5806851, 15.7066937], [102.5806607, 15.7066853], [102.5806223, 15.7066596], [102.5805515, 15.7066065], [102.5805186, 15.7065818], [102.5805047, 15.7065714], [102.5804568, 15.7065457], [102.5804284, 15.7065354], [102.5803955, 15.70653], [102.5803552, 15.7065318], [102.5803408, 15.7065368], [102.5803232, 15.7065478], [102.580305, 15.7065665], [102.5802897, 15.7065927], [102.5802698, 15.7066335], [102.5802617, 15.7066524], [102.5802295, 15.706708], [102.5802055, 15.7067393], [102.5801845, 15.7067611], [102.5801413, 15.7067919], [102.5800913, 15.7068139], [102.5800568, 15.7068248], [102.5800156, 15.7068312], [102.5799608, 15.7068351], [102.5799294, 15.7068342], [102.5798214, 15.70682], [102.5797973, 15.7068153], [102.5797811, 15.7068133], [102.5797393, 15.7068082], [102.5797227, 15.7068062], [102.5796966, 15.7068033], [102.5796544, 15.7068062], [102.579626, 15.706817], [102.579615, 15.7068298], [102.5796056, 15.7068455], [102.5796021, 15.7068575], [102.5796055, 15.7069095], [102.5796123, 15.7069352], [102.5796418, 15.7070181], [102.5796542, 15.7070406], [102.5796961, 15.7071185], [102.579729, 15.7071631], [102.5797485, 15.7071842], [102.5797876, 15.7072049], [102.5798223, 15.7072116], [102.5798567, 15.707207], [102.5798698, 15.7072038], [102.5799153, 15.707195], [102.5799389, 15.7071978], [102.5799545, 15.7072045], [102.5799679, 15.707219], [102.5799741, 15.7072304], [102.5799789, 15.7072565], [102.5799759, 15.70729], [102.5799733, 15.7072996], [102.5799381, 15.7074153], [102.5799243, 15.7074485], [102.5799084, 15.7074916], [102.5799022, 15.7075088], [102.5798798, 15.707554], [102.5798709, 15.7075668], [102.5798496, 15.7075938], [102.5797756, 15.7076718], [102.5797377, 15.7077154], [102.5797277, 15.7077274], [102.5797093, 15.7077496], [102.5796759, 15.707794], [102.5796339, 15.707868], [102.5796158, 15.7078986], [102.5795996, 15.707926], [102.5795852, 15.7079567], [102.5795637, 15.7080236], [102.5795258, 15.7081209], [102.5795036, 15.7081607], [102.5794847, 15.7081745], [102.5794454, 15.7081879], [102.5794004, 15.7081901], [102.5793525, 15.7081917], [102.5793094, 15.7081932], [102.5792232, 15.7081961], [102.5791372, 15.7082054], [102.5791069, 15.7082162], [102.5790208, 15.7082569], [102.578939, 15.708308], [102.578878, 15.7083594], [102.5787868, 15.7084491], [102.5787325, 15.7085036], [102.5786624, 15.7085703], [102.5786132, 15.7086307], [102.5785884, 15.7086686], [102.5785748, 15.7086895], [102.578491, 15.7087937], [102.5784284, 15.7088446], [102.5783865, 15.7088753], [102.5783421, 15.7089008], [102.5782564, 15.7089397], [102.5782093, 15.7089541], [102.578199, 15.7089556], [102.5780223, 15.7089805], [102.5779975, 15.708982], [102.57795, 15.7089868], [102.5778116, 15.7089827], [102.5776935, 15.7089792], [102.5775768, 15.708985], [102.5775645, 15.7089868], [102.5775243, 15.7089929], [102.5774757, 15.7089976], [102.5774102, 15.7090104], [102.5773599, 15.7090283], [102.5773443, 15.7090369], [102.5773301, 15.7090444], [102.5773087, 15.7090616], [102.5772964, 15.7090812], [102.577292, 15.709099], [102.5772924, 15.709125], [102.5773004, 15.7091867], [102.5773041, 15.709216], [102.5773062, 15.7092735], [102.5773039, 15.7093126], [102.577299, 15.7093382], [102.5772808, 15.7093722], [102.5772744, 15.7093846], [102.5772479, 15.7094203], [102.5772286, 15.7094392], [102.5771927, 15.7094648], [102.5771633, 15.709482], [102.5771056, 15.7095119], [102.5770551, 15.7095346], [102.5768982, 15.70959], [102.57688, 15.7095964], [102.5768471, 15.7096089], [102.5767312, 15.7096528], [102.576679, 15.7096712], [102.5766655, 15.7096758], [102.5765343, 15.7097159], [102.5765114, 15.7097203], [102.5764156, 15.7097287], [102.5763757, 15.709728], [102.5762626, 15.7097215], [102.5761643, 15.7097162], [102.5761538, 15.7097149], [102.5761238, 15.7097111], [102.575988, 15.7096971], [102.575953, 15.709694], [102.5759126, 15.7096905], [102.5758852, 15.7096881], [102.5758164, 15.7096798], [102.5757309, 15.7096653], [102.5757047, 15.7096575], [102.5756933, 15.7096542], [102.5756226, 15.7096291], [102.5755779, 15.7096134], [102.5755177, 15.7095895], [102.5754937, 15.7095799], [102.5754799, 15.7095734], [102.5754279, 15.7095511], [102.5753704, 15.7095308], [102.5753365, 15.7095264], [102.5753058, 15.7095245], [102.5752895, 15.7095236], [102.5752434, 15.7095266], [102.5751798, 15.709529], [102.575167, 15.7095294], [102.5750744, 15.7095325], [102.574959, 15.7095392], [102.5748891, 15.709545], [102.5747818, 15.7095468], [102.5747677, 15.709547], [102.5745113, 15.7095348], [102.5744831, 15.7095317], [102.5743395, 15.7095228], [102.5743258, 15.7095237], [102.5743, 15.7095253], [102.5742724, 15.7095284], [102.5742483, 15.7095308], [102.5741798, 15.7095378], [102.5740693, 15.7095411], [102.5739506, 15.7095431], [102.5738843, 15.7095405], [102.5738507, 15.7095347], [102.5738214, 15.7095268], [102.5737642, 15.7095043], [102.57373, 15.7094884], [102.5736704, 15.7094575], [102.5736361, 15.7094328], [102.5736057, 15.7094029], [102.5735927, 15.709382], [102.5735753, 15.7093356], [102.5735722, 15.7093158], [102.573569, 15.709289], [102.5735687, 15.709273], [102.5735682, 15.7092439], [102.5735826, 15.7091489], [102.5736012, 15.7090696], [102.5736048, 15.7090264], [102.5736043, 15.7089978], [102.5736041, 15.7089841], [102.5735968, 15.7089499], [102.5735925, 15.7089392], [102.5735751, 15.7089099], [102.5735544, 15.7088847], [102.5735229, 15.7088535], [102.5735072, 15.7088437], [102.5734837, 15.7088313], [102.5734397, 15.7088149], [102.5734097, 15.7087985], [102.5733916, 15.7087828], [102.5733737, 15.7087577], [102.5733624, 15.7087257], [102.5733541, 15.7086829], [102.5733535, 15.7086504], [102.5733582, 15.7085992], [102.5733659, 15.7085658], [102.5733968, 15.7084782], [102.5734153, 15.7084344], [102.5734451, 15.7083689], [102.5734808, 15.7083033], [102.5734924, 15.7082799], [102.5735009, 15.7082626], [102.5735033, 15.7082491], [102.5735061, 15.7082333], [102.5735069, 15.7082215], [102.5735035, 15.7081949], [102.5734988, 15.708178], [102.573491, 15.7081651], [102.5734857, 15.7081565], [102.5734624, 15.7081376], [102.5734415, 15.7081271], [102.5733988, 15.708114], [102.573389, 15.7081109], [102.5733265, 15.7080982], [102.5732101, 15.7080692], [102.5730433, 15.7080317], [102.572939, 15.7080103], [102.5729139, 15.7080052], [102.5728594, 15.7079902], [102.572734, 15.7079588], [102.5725994, 15.707925], [102.5725012, 15.7078949], [102.5723942, 15.7078638], [102.5723465, 15.7078554], [102.5723123, 15.7078556], [102.5722914, 15.7078616], [102.5722805, 15.7078665], [102.5722683, 15.7078771], [102.5722606, 15.7078862], [102.572246, 15.7079171], [102.5722312, 15.7079653], [102.572216, 15.7080262], [102.5722008, 15.70812], [102.5721942, 15.708188], [102.5721754, 15.7083803], [102.5721731, 15.7084047], [102.5721722, 15.7084447], [102.5721609, 15.7085609], [102.5721511, 15.7086221], [102.5721418, 15.7086517], [102.5721179, 15.7087111], [102.5721121, 15.7087227], [102.5720843, 15.7087599], [102.5720764, 15.7087672], [102.5720619, 15.7087791], [102.5720455, 15.7087892], [102.5720013, 15.7088109], [102.571973, 15.7088218], [102.5718827, 15.7088487], [102.571856, 15.7088558], [102.5717905, 15.7088669], [102.5717046, 15.7088757], [102.5715436, 15.7088784], [102.5713571, 15.7088862], [102.571306, 15.708887], [102.5711378, 15.708873], [102.5710383, 15.7088568], [102.5709175, 15.7088323], [102.5708438, 15.7088166], [102.5707854, 15.7088007], [102.5707464, 15.70879], [102.570435, 15.7087258], [102.5702771, 15.7087002], [102.5701559, 15.7086717], [102.5700341, 15.7086385], [102.570009, 15.7086267], [102.5699994, 15.7086214], [102.5699729, 15.7086023], [102.5699648, 15.7085955], [102.5699463, 15.7085782], [102.5699112, 15.7085401], [102.5698592, 15.7084748], [102.5698416, 15.7084485], [102.5698197, 15.7084063], [102.5697835, 15.7083482], [102.5697525, 15.7083132], [102.5697144, 15.7082816], [102.569671, 15.7082619], [102.5696354, 15.708251], [102.5695915, 15.7082391], [102.5694582, 15.7081979], [102.5694215, 15.708184], [102.5693583, 15.7081531], [102.5692182, 15.7080744], [102.5691666, 15.7080398], [102.5691164, 15.7080023], [102.569088, 15.7079718], [102.5690765, 15.7079505], [102.5690712, 15.7079362], [102.5690664, 15.7079114], [102.5690671, 15.7079001], [102.5690711, 15.7078841], [102.5690875, 15.7078649], [102.5691241, 15.7078464], [102.5691361, 15.7078402], [102.56915, 15.7078329], [102.5691612, 15.7078247], [102.5691789, 15.7078014], [102.5691827, 15.7077904], [102.5691836, 15.7077686], [102.5691773, 15.7077377], [102.5691687, 15.7077229], [102.5691572, 15.7077143], [102.5691462, 15.7077072], [102.5691172, 15.7077034], [102.5690936, 15.7077015], [102.5689989, 15.7076981], [102.5689796, 15.7077009], [102.5689687, 15.7077012], [102.5688913, 15.7077038], [102.5688588, 15.7077009], [102.5688428, 15.7076995], [102.5688285, 15.7076976], [102.5687836, 15.7076881], [102.5687727, 15.7076842], [102.568749, 15.7076745], [102.5687312, 15.7076647], [102.5686854, 15.70763], [102.5686699, 15.7076115], [102.568653, 15.7075834], [102.5686278, 15.707533], [102.5686121, 15.7075136], [102.5685922, 15.7074971], [102.568566, 15.7074824], [102.5685254, 15.7074696], [102.5685063, 15.7074665], [102.5684763, 15.7074644], [102.5684318, 15.7074652], [102.5683892, 15.7074665], [102.5683501, 15.7074691], [102.5682875, 15.7074801], [102.5682756, 15.7074818], [102.568261, 15.7074844], [102.5681426, 15.707509], [102.5681067, 15.707514], [102.5680194, 15.7075179], [102.5679524, 15.7075172], [102.5678785, 15.7075142], [102.5677958, 15.7075113], [102.567735, 15.7075099], [102.5676627, 15.7075098], [102.5676152, 15.7075134], [102.5675081, 15.7075311], [102.5674913, 15.7075347], [102.567478, 15.7075375], [102.567466, 15.7075388], [102.5673032, 15.7075723], [102.5672895, 15.7075744], [102.5672339, 15.7075845], [102.5671944, 15.7075954], [102.5671586, 15.7076053], [102.5670764, 15.707635], [102.5669417, 15.7076786], [102.5669007, 15.7076941], [102.566842, 15.7077182], [102.5667894, 15.7077478], [102.5667642, 15.7077628], [102.5667184, 15.70779], [102.5665936, 15.7078577], [102.5665695, 15.70787], [102.5665235, 15.70789], [102.5664383, 15.707924], [102.5663939, 15.7079332], [102.5663439, 15.7079381], [102.5662455, 15.7079452], [102.566123, 15.7079472], [102.566089, 15.7079498], [102.5659941, 15.7079592], [102.5659269, 15.7079693], [102.5657336, 15.7080056], [102.5656556, 15.7080246], [102.5655294, 15.7080622], [102.565441, 15.7080933], [102.5654107, 15.7081007], [102.5653599, 15.7081034], [102.5653259, 15.7080988], [102.5652921, 15.7080904], [102.565259, 15.7080741], [102.5652433, 15.708064], [102.5652245, 15.7080419], [102.5652099, 15.7080054], [102.5652059, 15.7079745], [102.5652048, 15.7079538], [102.5652076, 15.7079302], [102.565213, 15.7079071], [102.5652161, 15.707894], [102.5652242, 15.7078342], [102.5652256, 15.7077975], [102.5652235, 15.7077737], [102.5652176, 15.7077058], [102.5652153, 15.7076794], [102.5652107, 15.7076262], [102.565208, 15.7076104], [102.5651968, 15.7075683], [102.5651815, 15.7075283], [102.5651762, 15.7075181], [102.5651691, 15.7075067], [102.5651573, 15.7074943], [102.5651438, 15.7074848], [102.5651251, 15.7074742], [102.5650855, 15.707461], [102.5650692, 15.7074591], [102.5650566, 15.7074577], [102.5650018, 15.7074586], [102.5649372, 15.7074596], [102.5648726, 15.7074631], [102.5648069, 15.7074736], [102.5647867, 15.7074795], [102.5647721, 15.7074843], [102.5647141, 15.707506], [102.5647025, 15.7075116], [102.5646667, 15.7075244], [102.5646319, 15.7075325], [102.5645811, 15.7075375], [102.5645238, 15.7075397], [102.5644822, 15.7075412], [102.564433, 15.7075335], [102.5644083, 15.707527], [102.5643727, 15.7075124], [102.5643633, 15.7075069], [102.5643388, 15.7074916], [102.5643089, 15.7074685], [102.5642961, 15.7074531], [102.5642607, 15.70739], [102.5642534, 15.7073799], [102.5642374, 15.7073576], [102.564224, 15.7073417], [102.5642027, 15.7073164], [102.5641885, 15.7073033], [102.5641785, 15.7072958], [102.5641291, 15.7072591], [102.5640759, 15.7072274], [102.5639797, 15.7071783], [102.5638493, 15.7071264], [102.5638015, 15.7071092], [102.5637442, 15.7070838], [102.5637323, 15.7070785], [102.5636665, 15.7070494], [102.5635891, 15.707014], [102.5635371, 15.7069933], [102.5634618, 15.7069597], [102.5633971, 15.7069246], [102.5633105, 15.7068729], [102.5632045, 15.7068075], [102.5631521, 15.7067769], [102.5631114, 15.7067545], [102.5630761, 15.7067353], [102.5630342, 15.7067077], [102.5629503, 15.7066448], [102.5629308, 15.7066319], [102.5627739, 15.7065283], [102.5626794, 15.7064702], [102.5626597, 15.7064604], [102.5626041, 15.7064359], [102.5625872, 15.7064263], [102.562567, 15.7064148], [102.5625439, 15.7064071], [102.5624988, 15.7063975], [102.5624747, 15.7063943], [102.5624368, 15.7063892], [102.5623555, 15.7063814], [102.5623285, 15.7063808], [102.5622277, 15.7063718], [102.5621394, 15.7063573], [102.5621022, 15.7063502], [102.5619798, 15.7063227], [102.5619229, 15.7063087], [102.5618339, 15.7062834], [102.5618205, 15.7062787], [102.5617855, 15.706265], [102.5617578, 15.7062542], [102.5616006, 15.7061953], [102.5614406, 15.706141], [102.5614143, 15.7061344], [102.5613956, 15.7061307], [102.5613229, 15.7061256], [102.5612676, 15.7061287], [102.5612399, 15.7061307], [102.5611501, 15.7061387], [102.5610903, 15.7061485], [102.56099, 15.7061566], [102.5608985, 15.7061595], [102.5607105, 15.7061555], [102.5606755, 15.706156], [102.5606065, 15.7061502], [102.560571, 15.7061447], [102.5605124, 15.7061256], [102.5604192, 15.7060897], [102.5603364, 15.7060412], [102.5602441, 15.7059748], [102.5601682, 15.7059225], [102.5599628, 15.7058096], [102.5599517, 15.7058046], [102.5598632, 15.7057646], [102.5598092, 15.705743], [102.559764, 15.7057323], [102.5597407, 15.7057302], [102.5596995, 15.7057204], [102.5596729, 15.7057115], [102.5596595, 15.7057074], [102.5596188, 15.7056903], [102.559604, 15.7056827], [102.5595884, 15.705671], [102.5595521, 15.7056422], [102.5595253, 15.7056158], [102.5594849, 15.7055827], [102.5594639, 15.7055673], [102.559426, 15.7055447], [102.5593859, 15.7055226], [102.5592941, 15.705478], [102.5592476, 15.7054564], [102.5592378, 15.7054511], [102.5592146, 15.7054385], [102.5592013, 15.7054322], [102.5591555, 15.7054124], [102.5590871, 15.7053867], [102.5589921, 15.7053467], [102.55887, 15.7052911], [102.5588231, 15.7052618], [102.5588032, 15.7052497], [102.558785, 15.7052388], [102.5587505, 15.7052205], [102.5587255, 15.7052097], [102.558699, 15.7051983], [102.5586719, 15.7051892], [102.5586153, 15.7051761], [102.5585477, 15.7051604], [102.558519, 15.7051556], [102.5584577, 15.7051432], [102.5584103, 15.7051307], [102.5583893, 15.705123], [102.5583758, 15.7051182], [102.5583642, 15.7051143], [102.5583447, 15.7051054], [102.5583244, 15.7050919], [102.5583097, 15.7050762], [102.5582949, 15.7050543], [102.5582896, 15.7050439], [102.5582802, 15.7050164], [102.5582777, 15.7050061], [102.5582696, 15.7049724], [102.5582594, 15.7049214], [102.558246, 15.7048763], [102.5582333, 15.7048426], [102.5582064, 15.7047769], [102.558194, 15.7047466], [102.5581728, 15.7047045], [102.5580974, 15.704575], [102.5580598, 15.7045194], [102.5580336, 15.704487], [102.557996, 15.7044506], [102.5579681, 15.7044306], [102.5579223, 15.7044014], [102.5578957, 15.7043876], [102.5578565, 15.7043636], [102.5578475, 15.7043551], [102.5578393, 15.7043447], [102.5578332, 15.7043296], [102.5578295, 15.7043131], [102.5578301, 15.7042958], [102.5578396, 15.7042561], [102.557848, 15.7042383], [102.557857, 15.7042233], [102.5578905, 15.7041897], [102.5579303, 15.704155], [102.5579482, 15.7041332], [102.5579556, 15.7041104], [102.5579553, 15.704094], [102.5579438, 15.7040748], [102.5579308, 15.7040605], [102.5579206, 15.7040491], [102.5578928, 15.7040205], [102.5578637, 15.7040028], [102.5578117, 15.7039711], [102.5577531, 15.7039491], [102.5577206, 15.7039325], [102.5576196, 15.7038937], [102.557541, 15.7038698], [102.5574839, 15.7038668], [102.5574589, 15.7038711], [102.5574331, 15.7038841], [102.5574154, 15.703916], [102.5574107, 15.7039463], [102.5574126, 15.7039791], [102.557421, 15.7040131], [102.5574332, 15.7040406], [102.5574505, 15.7040618], [102.5574826, 15.7041118], [102.557487, 15.7041274], [102.557491, 15.7041419], [102.5574877, 15.7041679], [102.557458, 15.7041933], [102.5574025, 15.7042067], [102.5573681, 15.7042073], [102.5572995, 15.7042084], [102.5571936, 15.7041507], [102.557161, 15.704141], [102.5571178, 15.7041282], [102.5570685, 15.7041331], [102.5569847, 15.7041685], [102.5569756, 15.7041778], [102.5569073, 15.7042481], [102.5568502, 15.7042968], [102.556814, 15.7043161], [102.5567898, 15.7043151], [102.5567775, 15.7043146], [102.5567413, 15.7043088], [102.5567242, 15.7042973], [102.5566948, 15.7042494], [102.5566637, 15.7041855], [102.556635, 15.7038822], [102.5566225, 15.7037519], [102.5566067, 15.7036946], [102.5565834, 15.7036712], [102.5565744, 15.7036622], [102.5565104, 15.7036344], [102.5563256, 15.703632], [102.5561166, 15.7036271], [102.5560573, 15.703615], [102.5560161, 15.7036065], [102.5559145, 15.703525], [102.5558528, 15.7035153], [102.555819, 15.7035253], [102.5557944, 15.7035325], [102.5557553, 15.7035858], [102.5557454, 15.703638], [102.5557553, 15.7036975], [102.5557779, 15.703738], [102.5558481, 15.70382], [102.5559062, 15.7038717], [102.555983, 15.703923], [102.5559938, 15.7039302], [102.5560226, 15.7039818], [102.5560233, 15.7040254], [102.5560242, 15.7040732], [102.5559927, 15.7041118], [102.5557653, 15.7042459], [102.5557273, 15.7042661], [102.5556711, 15.7042958], [102.5555972, 15.704335], [102.555559, 15.7043553], [102.5554796, 15.7043607], [102.5554172, 15.7043537], [102.5553279, 15.7043841], [102.5548996, 15.7045296], [102.5539415, 15.7046877], [102.5532913, 15.7047595], [102.5523176, 15.7049415], [102.5517457, 15.7051583], [102.5515316, 15.7052394], [102.5502791, 15.7055225], [102.54951, 15.7056077], [102.5492181, 15.70564], [102.5485524, 15.7058062], [102.5482859, 15.7059473], [102.5471051, 15.7062134], [102.5470942, 15.7061804], [102.5465888, 15.7063061], [102.5456889, 15.7066897], [102.5455872, 15.7067331], [102.5454916, 15.7068675], [102.5452257, 15.7072411], [102.5448969, 15.7074265], [102.5444531, 15.7076767], [102.5443752, 15.7077013], [102.5440658, 15.7077991], [102.5435113, 15.7079684], [102.5425749, 15.7081548], [102.5421739, 15.7084299], [102.5421116, 15.7084926], [102.5416115, 15.7089964], [102.5414616, 15.7090684], [102.5412823, 15.7091144], [102.5406805, 15.7090532], [102.540255, 15.7089267], [102.5402342, 15.7089157], [102.5400016, 15.7087925], [102.5394407, 15.7086292], [102.5389614, 15.7084856], [102.5369842, 15.7082915], [102.5355831, 15.7085457], [102.534636, 15.7092144], [102.5340118, 15.7097638], [102.5337769, 15.7100218], [102.5334516, 15.7103791], [102.5327608, 15.7104931], [102.5318933, 15.7106362], [102.5313875, 15.7109411], [102.5307119, 15.7113615], [102.5306888, 15.7113831], [102.5311293, 15.7116609], [102.5314813, 15.711883], [102.5312954, 15.7121026], [102.5307359, 15.7119442], [102.5308141, 15.7122384], [102.5303153, 15.7123541], [102.5301425, 15.7125054], [102.530162, 15.712663], [102.5300735, 15.7129105], [102.5300209, 15.7130176], [102.5300021, 15.7131582], [102.5299657, 15.71334], [102.5299352, 15.7134456], [102.5298943, 15.7135877], [102.5298016, 15.7135956], [102.5288409, 15.7136783], [102.5285545, 15.7137133], [102.5283911, 15.7137902], [102.5281427, 15.7138205], [102.5280595, 15.7138367], [102.5198118, 15.7215324], [102.5173285, 15.7238493], [102.5152136, 15.7258225], [102.5127787, 15.7280941], [102.5125483, 15.728309], [102.5121325, 15.7282474], [102.5115549, 15.7281949], [102.5107616, 15.7279566], [102.5096105, 15.7274913], [102.5093845, 15.7273999], [102.5085926, 15.7270424], [102.5077612, 15.7268221], [102.5074068, 15.7273146], [102.5050166, 15.7263003], [102.5046413, 15.7261411], [102.5045558, 15.7261106], [102.503466, 15.7257224], [102.5032737, 15.7255691], [102.5032079, 15.7255121], [102.5029963, 15.7254271], [102.5025573, 15.7252508], [102.5020963, 15.7250719], [102.5019518, 15.7250418], [102.5018477, 15.7250318], [102.5017033, 15.7249951], [102.5015069, 15.7249535], [102.5013242, 15.7248989], [102.5011002, 15.7248831], [102.5009267, 15.7248817], [102.5006656, 15.7249029], [102.5005276, 15.7249208], [102.5003719, 15.7249411], [102.5000751, 15.7249515], [102.4998752, 15.7249388], [102.4995018, 15.7249104], [102.4995151, 15.7245637], [102.4986275, 15.7245836], [102.4979837, 15.7246277], [102.4975357, 15.7246269], [102.4971534, 15.7246826], [102.4969318, 15.7246715], [102.4963546, 15.7247035], [102.4958133, 15.7247059], [102.49523, 15.7246855], [102.4949263, 15.7246368], [102.4947047, 15.7245866], [102.494631, 15.7245698], [102.4940916, 15.7245212], [102.4936997, 15.724506], [102.4935599, 15.7245044], [102.4934616, 15.7245337], [102.4932609, 15.7245934], [102.4884704, 15.721715], [102.4865477, 15.7205639], [102.4864377, 15.7204981], [102.4863248, 15.7204478], [102.4836792, 15.7192701], [102.4814962, 15.718193], [102.479843, 15.7177398], [102.4792156, 15.7175678], [102.4777732, 15.717325], [102.4762508, 15.7170688], [102.4759119, 15.7170117], [102.4749628, 15.7168892], [102.4741368, 15.7167827], [102.4736756, 15.7167745], [102.4711161, 15.7166473], [102.4700036, 15.7165881], [102.4689902, 15.7165341], [102.4671904, 15.7164788], [102.4649847, 15.7167657], [102.4626059, 15.7170764], [102.4620443, 15.7171846], [102.4614178, 15.7173052], [102.4602044, 15.7173245], [102.4584035, 15.7172061], [102.4553193, 15.7168141], [102.4539316, 15.7167731], [102.4532514, 15.7166509], [102.4528009, 15.7165699], [102.4515456, 15.7165097], [102.4510019, 15.7165466], [102.4505386, 15.7164159], [102.4495476, 15.7161364], [102.4491222, 15.7159823], [102.4442044, 15.7113346], [102.4429817, 15.7089601], [102.4410639, 15.7052352], [102.440791, 15.7051814], [102.4405582, 15.7051132], [102.4401897, 15.7050792], [102.4400822, 15.7050683], [102.4396248, 15.705022], [102.4393479, 15.7050098], [102.4392171, 15.7049898], [102.4390657, 15.704944], [102.4388366, 15.7048546], [102.4385884, 15.7047984], [102.4384353, 15.7047433], [102.4381381, 15.7046216], [102.4378943, 15.7045214], [102.437705, 15.7044395], [102.4374824, 15.7043169], [102.43739, 15.7042633], [102.4348607, 15.7044644], [102.4341822, 15.7045184], [102.4335137, 15.7046155], [102.43284, 15.7047538], [102.4328213, 15.7047576], [102.4325297, 15.7048182], [102.4322752, 15.7048477], [102.4320404, 15.704845], [102.4318603, 15.7048341], [102.4313736, 15.7044686], [102.4312633, 15.7043858], [102.4312311, 15.7043506], [102.4312259, 15.7043395], [102.4311988, 15.7042818], [102.4311661, 15.7042367], [102.4311481, 15.7042242], [102.431043, 15.7041739], [102.4310185, 15.7041645], [102.4308277, 15.7040975], [102.4306671, 15.7040163], [102.4306383, 15.7039818], [102.4306233, 15.7039524], [102.4306078, 15.7039026], [102.4305914, 15.7038315], [102.4305849, 15.703739], [102.4305811, 15.7036986], [102.4305581, 15.7036238], [102.4305483, 15.7036033], [102.4304983, 15.7035388], [102.430475, 15.7035161], [102.4304166, 15.7034276], [102.4302059, 15.7031083], [102.4298299, 15.7027698], [102.4295069, 15.7025022], [102.4294007, 15.7024407], [102.4292882, 15.7023756], [102.4291341, 15.7022924], [102.4290222, 15.7022401], [102.4282603, 15.7019262], [102.4281813, 15.7018939], [102.4278053, 15.7017397], [102.4276226, 15.7016859], [102.427389, 15.7016172], [102.4273445, 15.7016021], [102.427323, 15.7015915], [102.427314, 15.7015811], [102.4272873, 15.7015402], [102.4272559, 15.7014943], [102.4272272, 15.7014467], [102.4272018, 15.701395], [102.4271153, 15.7012053], [102.4270063, 15.7009533], [102.4269194, 15.7007572], [102.4269096, 15.70074], [102.4268629, 15.7006715], [102.4268442, 15.7006471], [102.4268285, 15.7006333], [102.4266768, 15.7005229], [102.4265815, 15.7004632], [102.426445, 15.7003902], [102.4262402, 15.7002431], [102.426003, 15.699907], [102.4258879, 15.699752], [102.4257088, 15.6995305], [102.4256863, 15.6995025], [102.4255068, 15.6992795], [102.4254297, 15.6991681], [102.4254183, 15.6991432], [102.4253937, 15.6990832], [102.4253767, 15.6990303], [102.4253517, 15.6988826], [102.4253478, 15.6988657], [102.4253372, 15.6988196], [102.4253179, 15.6986108], [102.4253367, 15.6983883], [102.4253515, 15.6981964], [102.4253627, 15.6980626], [102.4253651, 15.6980343], [102.4253645, 15.6980075], [102.4253549, 15.6979584], [102.4253079, 15.6978401], [102.4252802, 15.6977826], [102.4252723, 15.6977663], [102.4250875, 15.697473], [102.4247303, 15.6969558], [102.4244802, 15.6966569], [102.424456, 15.6966324], [102.4240388, 15.6962107], [102.4239049, 15.6960718], [102.4236782, 15.6958591], [102.423645, 15.6958281], [102.4234171, 15.6956105], [102.4232991, 15.6955098], [102.4232141, 15.6954373], [102.4230982, 15.6953672], [102.4229939, 15.6953122], [102.4228943, 15.6952746], [102.4226593, 15.6952042], [102.4225628, 15.6951762], [102.4222751, 15.6950926], [102.4218167, 15.6949734], [102.4217093, 15.6949552], [102.4216047, 15.6949375], [102.4214651, 15.6949189], [102.4214245, 15.6949141], [102.4212985, 15.694914], [102.4212177, 15.6949218], [102.4211404, 15.6949412], [102.420731, 15.6950425], [102.4206947, 15.6950515], [102.4197055, 15.6952856], [102.4193836, 15.6953592], [102.4192201, 15.6953886], [102.4191202, 15.6954065], [102.4190102, 15.6954206], [102.4188243, 15.695443], [102.4188092, 15.6954448], [102.4184019, 15.6955013], [102.4181605, 15.6955473], [102.4179327, 15.6955956], [102.4176235, 15.6956562], [102.4174823, 15.6956791], [102.4173598, 15.6956758], [102.4172889, 15.6956664], [102.417158, 15.6956473], [102.4170856, 15.6956466], [102.4170673, 15.695649], [102.417041, 15.6956523], [102.4169963, 15.6956629], [102.4168758, 15.6956992], [102.4167943, 15.695728], [102.416773, 15.6957355], [102.4167238, 15.6957547], [102.4166353, 15.6958005], [102.4164977, 15.6958738], [102.4163926, 15.6959211], [102.4163359, 15.6959426], [102.416284, 15.6959624], [102.4161461, 15.6960006], [102.4159049, 15.6960624], [102.4155252, 15.6961395], [102.4152566, 15.6961911], [102.4149475, 15.6962566], [102.4149054, 15.6962637], [102.4134586, 15.6965084], [102.4132078, 15.6965498], [102.4131088, 15.6965935], [102.4125714, 15.696831], [102.4112288, 15.6973453], [102.4101274, 15.6976651], [102.4097434, 15.6977329], [102.4093955, 15.6977415], [102.4090718, 15.6977543], [102.4090027, 15.6977663], [102.408953, 15.6977827], [102.4089003, 15.6978101], [102.4088559, 15.6978513], [102.4087456, 15.6980013], [102.4087107, 15.6980478], [102.4086235, 15.698166], [102.4086166, 15.6981812], [102.408601, 15.6982159], [102.4085982, 15.6982456], [102.4086036, 15.698265], [102.4086309, 15.6983684], [102.40863, 15.6984137], [102.408616, 15.6984435], [102.4085905, 15.6984595], [102.4085584, 15.6984663], [102.4084464, 15.6984779], [102.4083638, 15.6984865], [102.4081982, 15.6985094], [102.4081365, 15.6985262], [102.4080891, 15.6985392], [102.4079068, 15.6986201], [102.4077993, 15.6986784], [102.4076608, 15.6987534], [102.4076001, 15.6987794], [102.4075486, 15.698788], [102.4075116, 15.6987885], [102.4074099, 15.6987761], [102.4072546, 15.6987426], [102.4071566, 15.6987246], [102.407051, 15.6987052], [102.4069896, 15.6986968], [102.4069446, 15.6987022], [102.4069046, 15.6987184], [102.4068632, 15.6987503], [102.4068026, 15.6988245], [102.4067495, 15.6988894], [102.4067023, 15.6989588], [102.4066845, 15.6990496], [102.4066804, 15.6990934], [102.4066881, 15.6991968], [102.4066908, 15.6992322], [102.4066965, 15.6993652], [102.4067021, 15.6994958], [102.4067091, 15.699658], [102.4067037, 15.6997174], [102.4066989, 15.6997286], [102.4066897, 15.6997504], [102.406671, 15.6997913], [102.4066236, 15.6998466], [102.4065654, 15.699892], [102.406517, 15.6999297], [102.4064805, 15.6999581], [102.4063562, 15.7000428], [102.4062333, 15.7001134], [102.4061776, 15.7001326], [102.406134, 15.7001477], [102.4060773, 15.7001647], [102.406057, 15.7001708], [102.4059911, 15.7001796], [102.4057366, 15.7001867], [102.4056852, 15.7001937], [102.4056598, 15.7002024], [102.4056467, 15.7002068], [102.4056158, 15.7002312], [102.4055976, 15.700256], [102.4055519, 15.7003267], [102.405474, 15.7004471], [102.4054609, 15.7004673], [102.4054324, 15.7004942], [102.4053908, 15.7005136], [102.4053506, 15.7005205], [102.4053168, 15.700521], [102.4052942, 15.7005182], [102.4052636, 15.7005066], [102.4051176, 15.700451], [102.4050461, 15.7004238], [102.4048132, 15.7003214], [102.404741, 15.7002896], [102.4046446, 15.7002568], [102.4046318, 15.7002534], [102.4045678, 15.7002471], [102.4045324, 15.7002461], [102.4044889, 15.7002483], [102.4044521, 15.7002613], [102.404417, 15.7002853], [102.4043862, 15.7003192], [102.4043742, 15.7003377], [102.4042276, 15.7005643], [102.4042067, 15.7005904], [102.4041812, 15.700617], [102.4041395, 15.7006486], [102.4041072, 15.7006699], [102.4040885, 15.7006822], [102.4039296, 15.7007557], [102.4039151, 15.7007623], [102.4038853, 15.7007825], [102.4038664, 15.7007996], [102.4038365, 15.7008331], [102.4037642, 15.7009511], [102.4036157, 15.7012398], [102.4036087, 15.7012568], [102.4034998, 15.7016186], [102.4034559, 15.7017842], [102.4033815, 15.7020652], [102.4033079, 15.7023084], [102.4032978, 15.7023609], [102.4032949, 15.7023803], [102.4032538, 15.7028133], [102.4032384, 15.7031476], [102.4032499, 15.7033081], [102.4032593, 15.7034392], [102.4032733, 15.7036996], [102.4032721, 15.7037643], [102.4032697, 15.703795], [102.4032594, 15.7038309], [102.403239, 15.703864], [102.4032179, 15.703886], [102.403163, 15.7039432], [102.4029647, 15.7041352], [102.4027635, 15.7043381], [102.4027079, 15.7043858], [102.4026569, 15.7044225], [102.4025098, 15.7044979], [102.402462, 15.7045223], [102.4022513, 15.7046458], [102.4021271, 15.7047376], [102.4020065, 15.7048267], [102.4019967, 15.704834], [102.4019698, 15.704864], [102.4019574, 15.704883], [102.4019344, 15.7049299], [102.4018691, 15.705094], [102.4018654, 15.7051033], [102.4018494, 15.7051561], [102.4018433, 15.7052031], [102.401823, 15.7056311], [102.4018308, 15.7057588], [102.4018495, 15.7060631], [102.4018483, 15.7060925], [102.4018443, 15.7061294], [102.401832, 15.7061726], [102.4018254, 15.706187], [102.4017739, 15.7062756], [102.4017207, 15.7063585], [102.4016423, 15.7064696], [102.4016026, 15.7065258], [102.401467, 15.7067043], [102.4014332, 15.7067578], [102.401423, 15.7067805], [102.4014123, 15.7068196], [102.4014063, 15.7068472], [102.4014055, 15.7068832], [102.4014078, 15.7069269], [102.4014245, 15.7070242], [102.4014472, 15.7070943], [102.4014551, 15.7071175], [102.401465, 15.7071408], [102.4015086, 15.7072233], [102.4016248, 15.7073762], [102.4016314, 15.7073991], [102.4016315, 15.7074331], [102.4016214, 15.7074668], [102.4015964, 15.7075261], [102.4014726, 15.7078203], [102.401396, 15.7079519], [102.4013865, 15.7079683], [102.401226, 15.708205], [102.4011373, 15.7083129], [102.401101, 15.708357], [102.4010128, 15.7084643], [102.4009387, 15.708659], [102.4009307, 15.708692], [102.4008769, 15.7089144], [102.4008501, 15.7091583], [102.4008433, 15.7092208], [102.4008365, 15.7092628], [102.4007893, 15.7095572], [102.4007877, 15.7095872], [102.4007868, 15.7096041], [102.4007888, 15.7096361], [102.400811, 15.7097393], [102.4008437, 15.7098898], [102.4008466, 15.7099029], [102.4008512, 15.7099437], [102.4008705, 15.7101119], [102.4008688, 15.7101451], [102.4008653, 15.710157], [102.4008544, 15.710179], [102.4008484, 15.7101886], [102.4008315, 15.7102099], [102.4008164, 15.7102218], [102.4003973, 15.7104078], [102.4001589, 15.7104968], [102.400078, 15.7105271], [102.4000256, 15.7105491], [102.3999971, 15.710567], [102.3999781, 15.7105876], [102.3999642, 15.7106253], [102.3999601, 15.710669], [102.3999762, 15.7108608], [102.3999697, 15.7108999], [102.3999625, 15.7109204], [102.3999469, 15.7109408], [102.399917, 15.7109581], [102.399839, 15.7109847], [102.3996681, 15.7110357], [102.3995332, 15.7110643], [102.3994865, 15.7110666], [102.3994459, 15.7110641], [102.3994196, 15.71106], [102.3993927, 15.7110462], [102.3993848, 15.711036], [102.3993763, 15.7110208], [102.3993392, 15.7109269], [102.3993256, 15.7108878], [102.3992038, 15.7105388], [102.3991623, 15.7104822], [102.3991284, 15.7104588], [102.3988326, 15.7104041], [102.3986613, 15.710374], [102.3986178, 15.7103746], [102.3985873, 15.7103814], [102.3985633, 15.7103927], [102.3985486, 15.7104055], [102.3983743, 15.7105579], [102.3983686, 15.7105689], [102.3983579, 15.710595], [102.3983545, 15.7106254], [102.3983898, 15.7109104], [102.3983922, 15.7109588], [102.398388, 15.7109932], [102.398374, 15.7110418], [102.3983421, 15.7111076], [102.3982909, 15.7111844], [102.3982345, 15.7112594], [102.3981623, 15.7113357], [102.3980381, 15.7114669], [102.3978889, 15.711619], [102.3978686, 15.7116397], [102.3978483, 15.7116675], [102.3978386, 15.7116807], [102.397746, 15.7118305], [102.3976977, 15.7119264], [102.3976235, 15.7121149], [102.3975959, 15.7122256], [102.3975617, 15.7123634], [102.3975494, 15.7124126], [102.3975131, 15.7126249], [102.3975085, 15.7126462], [102.3974877, 15.7126774], [102.3974755, 15.7126864], [102.3974606, 15.7126934], [102.3974237, 15.7127018], [102.3973576, 15.7126981], [102.3972346, 15.712683], [102.3971633, 15.7126743], [102.397075, 15.7126635], [102.3969537, 15.7126612], [102.3969193, 15.7126633], [102.3968656, 15.7126699], [102.3968303, 15.7126767], [102.3967904, 15.7126976], [102.3966808, 15.7127681], [102.3964874, 15.7128927], [102.3963918, 15.7129582], [102.3963653, 15.7129827], [102.3963421, 15.7130084], [102.3963285, 15.7130279], [102.3963134, 15.713056], [102.3963052, 15.7130808], [102.3963008, 15.7131032], [102.3963025, 15.7131519], [102.396305, 15.7132252], [102.3963057, 15.7132443], [102.3963027, 15.7133647], [102.396299, 15.7133858], [102.3962896, 15.7134067], [102.3962786, 15.7134244], [102.3962722, 15.7134335], [102.3961839, 15.7135359], [102.3960071, 15.7137571], [102.3956922, 15.714107], [102.3955786, 15.7142539], [102.3955105, 15.7143268], [102.395434, 15.7143904], [102.3953684, 15.7144405], [102.3953024, 15.7144811], [102.395277, 15.7144916], [102.3951697, 15.7145258], [102.39512, 15.7145437], [102.395067, 15.7145708], [102.3950529, 15.7145802], [102.3950363, 15.7145936], [102.3950151, 15.7146163], [102.3950084, 15.7146249], [102.3949989, 15.7146403], [102.3948953, 15.7148296], [102.3948114, 15.7149856], [102.3947837, 15.7150371], [102.3946483, 15.7152892], [102.394563, 15.7154438], [102.3945283, 15.7155065], [102.3944896, 15.7155767], [102.3944605, 15.7156293], [102.3944107, 15.7157016], [102.3943879, 15.7157291], [102.3943304, 15.7157878], [102.3943168, 15.7158017], [102.3942004, 15.7159068], [102.3940307, 15.7160601], [102.3940215, 15.7160685], [102.3937727, 15.7162841], [102.3936656, 15.7163768], [102.3934385, 15.7166064], [102.3933624, 15.7166884], [102.3933536, 15.716701], [102.3933449, 15.7167134], [102.3933392, 15.7167249], [102.3933344, 15.7167404], [102.3933293, 15.7167599], [102.3933238, 15.7167922], [102.3933203, 15.7168349], [102.3933201, 15.7168706], [102.3933184, 15.7171481], [102.3933173, 15.7173344], [102.3933099, 15.7174197], [102.3933036, 15.717447], [102.3932998, 15.7174599], [102.393289, 15.7174786], [102.3932595, 15.7175145], [102.3932114, 15.7175577], [102.3931224, 15.7176243], [102.3930838, 15.7176531], [102.3930327, 15.7177158], [102.3929978, 15.7177585], [102.392971, 15.7177876], [102.3929192, 15.7178439], [102.3928928, 15.7178655], [102.3928747, 15.717872], [102.3928476, 15.7178724], [102.3928188, 15.7178701], [102.3928047, 15.7178657], [102.3927747, 15.7178537], [102.3926531, 15.717775], [102.3925821, 15.7177291], [102.3925616, 15.7177213], [102.392538, 15.7177184], [102.3925164, 15.7177224], [102.3925058, 15.7177292], [102.3924954, 15.7177386], [102.3924727, 15.7177652], [102.3924116, 15.7178315], [102.3923679, 15.7178678], [102.3923378, 15.7178863], [102.392321, 15.7178912], [102.3923054, 15.717894], [102.3922927, 15.7178938], [102.3922013, 15.71788], [102.3918596, 15.7178282], [102.3918332, 15.7178242], [102.3916617, 15.7177923], [102.3916393, 15.7177882], [102.391544, 15.7177772], [102.3915289, 15.7177778], [102.3914844, 15.7177796], [102.3914401, 15.7177884], [102.3914238, 15.717793], [102.3913721, 15.717811], [102.3913446, 15.717823], [102.3912996, 15.7178457], [102.3912633, 15.7178676], [102.3912491, 15.717877], [102.3910475, 15.7180329], [102.3909484, 15.7181095], [102.3907938, 15.7182134], [102.3907303, 15.7182706], [102.3906944, 15.7183165], [102.3906846, 15.718329], [102.3906597, 15.7183825], [102.3906256, 15.7184673], [102.3905906, 15.7185927], [102.3904144, 15.7194352], [102.3903992, 15.7195089], [102.3903475, 15.7197596], [102.3902384, 15.7202886], [102.3901341, 15.7205883], [102.3899902, 15.7208915], [102.3899812, 15.7209058], [102.3899704, 15.7209212], [102.3899119, 15.7210039], [102.3898628, 15.7210546], [102.3898181, 15.721085], [102.3897843, 15.7211026], [102.3897754, 15.7211072], [102.3897627, 15.721111], [102.389722, 15.7211193], [102.3895159, 15.7211256], [102.3893726, 15.721134], [102.3892762, 15.7211512], [102.3892393, 15.7211642], [102.3889872, 15.7213036], [102.3889024, 15.7213505], [102.3888658, 15.7213807], [102.3888486, 15.7214091], [102.3888441, 15.7214342], [102.3888259, 15.7215968], [102.3887969, 15.7216956], [102.3887726, 15.7217865], [102.3887715, 15.7218177], [102.3887735, 15.7218434], [102.3887808, 15.7218861], [102.3888003, 15.7219999], [102.3888033, 15.7220794], [102.3888041, 15.7221294], [102.3887968, 15.7221606], [102.388789, 15.7221852], [102.3887789, 15.7222025], [102.3887333, 15.7222588], [102.3887133, 15.722274], [102.388681, 15.7222874], [102.3886408, 15.7222942], [102.3885957, 15.7222949], [102.3885472, 15.7222832], [102.3883713, 15.7222239], [102.3883184, 15.7222061], [102.3882767, 15.7221974], [102.3882362, 15.7221954], [102.3882041, 15.722198], [102.3881641, 15.7222142], [102.3881464, 15.7222232], [102.388123, 15.7222381], [102.388115, 15.7222456], [102.3881036, 15.7222614], [102.388091, 15.7222863], [102.388, 15.7225196], [102.3879702, 15.7225878], [102.3879537, 15.7226129], [102.3876924, 15.7229003], [102.3876622, 15.7229382], [102.3875785, 15.7230546], [102.3875268, 15.7231376], [102.3874628, 15.7232522], [102.3873969, 15.7233703], [102.3872616, 15.7236699], [102.3872052, 15.7238081], [102.3871968, 15.723832], [102.3870658, 15.7242058], [102.3870185, 15.724322], [102.3869549, 15.7244781], [102.3869108, 15.7245761], [102.3868799, 15.7246379], [102.386858, 15.7246816], [102.3868531, 15.7246914], [102.3868457, 15.7247337], [102.3868463, 15.7247696], [102.3868518, 15.7248085], [102.3868687, 15.7248991], [102.3868837, 15.7249797], [102.3868904, 15.7250088], [102.3869132, 15.7251073], [102.3869504, 15.725216], [102.3870095, 15.7254446], [102.3870118, 15.725463], [102.3870147, 15.725499], [102.3870151, 15.7255233], [102.3870133, 15.7255361], [102.3870088, 15.7255457], [102.3869925, 15.7255748], [102.3869261, 15.7256748], [102.3868838, 15.7257333], [102.3868705, 15.7257494], [102.3868394, 15.7257835], [102.386807, 15.7258113], [102.3867822, 15.7258246], [102.3867647, 15.725834], [102.3867228, 15.7258521], [102.386702, 15.7258611], [102.3866643, 15.7258731], [102.3866528, 15.7258759], [102.386617, 15.7258824], [102.3865738, 15.7258831], [102.3865636, 15.7258821], [102.3865429, 15.7258802], [102.3864375, 15.7258701], [102.3863542, 15.7258552], [102.3861644, 15.7258213], [102.3861012, 15.7258061], [102.3860534, 15.7257928], [102.3859991, 15.7257661], [102.385853, 15.7256776], [102.3858065, 15.7256561], [102.3857664, 15.7256419], [102.3857402, 15.7256347], [102.3857206, 15.7256343], [102.3856908, 15.7256398], [102.3856785, 15.725643], [102.3856421, 15.7256565], [102.3855529, 15.725702], [102.3853665, 15.7258134], [102.3853379, 15.7258373], [102.3853209, 15.7258556], [102.3853156, 15.7258648], [102.3853096, 15.725883], [102.3853006, 15.7259363], [102.3852928, 15.7259753], [102.3852887, 15.7259898], [102.3852795, 15.7260114], [102.3852592, 15.7260346], [102.3852405, 15.7260452], [102.3852206, 15.7260543], [102.3851274, 15.7260837], [102.38502, 15.7261044], [102.3849076, 15.7261167], [102.3848704, 15.7261208], [102.3848253, 15.7261242], [102.3847865, 15.7261286], [102.3847418, 15.7261415], [102.3846858, 15.7261627], [102.3846257, 15.7261943], [102.3846028, 15.7262096], [102.3845581, 15.7262444], [102.3844421, 15.726335], [102.3843873, 15.7263776], [102.384365, 15.7263937], [102.3843209, 15.7264218], [102.3842329, 15.7264665], [102.3841999, 15.7264784], [102.3841522, 15.7264918], [102.3841174, 15.726499], [102.3840616, 15.7265057], [102.3839342, 15.7265146], [102.3837167, 15.7265125], [102.3834426, 15.7265098], [102.3834245, 15.7265084], [102.3832699, 15.7264968], [102.3832003, 15.7264883], [102.3831457, 15.726487], [102.3831249, 15.7264894], [102.3830982, 15.7264935], [102.383079, 15.7264984], [102.3830645, 15.7265022], [102.3830354, 15.726513], [102.3830226, 15.72652], [102.3829855, 15.7265434], [102.3829324, 15.7265792], [102.382893, 15.7266057], [102.3828521, 15.7266291], [102.3828399, 15.7266345], [102.3828075, 15.7266442], [102.3827839, 15.7266497], [102.3827536, 15.7266547], [102.3827133, 15.726654], [102.3827004, 15.7266526], [102.3826703, 15.7266466], [102.3826013, 15.726633], [102.3825623, 15.7266283], [102.3824808, 15.7266246], [102.3823683, 15.7266419], [102.3822206, 15.7266755], [102.3821788, 15.7266899], [102.3821448, 15.7267016], [102.3820928, 15.7267265], [102.3820552, 15.7267467], [102.3820402, 15.7267599], [102.3820208, 15.7267785], [102.3820012, 15.7268062], [102.381978, 15.7268443], [102.3819581, 15.7268856], [102.3819099, 15.7269893], [102.3818015, 15.7272022], [102.3817669, 15.7272701], [102.3817616, 15.7272804], [102.3817509, 15.7273066], [102.3817297, 15.7273581], [102.3817229, 15.7273747], [102.3817203, 15.7273918], [102.3817113, 15.7274513], [102.3817057, 15.7275028], [102.3816987, 15.727567], [102.3816961, 15.7276061], [102.3816908, 15.727627], [102.381687, 15.7276421], [102.3816715, 15.7276706], [102.381641, 15.7277155], [102.3816191, 15.7277431], [102.3814852, 15.7279122], [102.3814198, 15.7279553], [102.3813815, 15.7279747], [102.3813048, 15.7280164], [102.3812615, 15.7280434], [102.3812059, 15.7280913], [102.3810945, 15.7281979], [102.3809996, 15.7282797], [102.3809281, 15.7283414], [102.3808869, 15.7283842], [102.3808584, 15.7284192], [102.3808365, 15.7284558], [102.3807532, 15.7286206], [102.3807226, 15.7286898], [102.3807006, 15.7287428], [102.3806966, 15.7287617], [102.3806971, 15.7287918], [102.3807039, 15.7288189], [102.3807084, 15.7288313], [102.3807185, 15.7288488], [102.3807629, 15.7288987], [102.3808342, 15.7289621], [102.3808635, 15.7289928], [102.3808789, 15.729012], [102.3808885, 15.7290262], [102.3808979, 15.7290519], [102.3809024, 15.7290802], [102.3809028, 15.7291025], [102.3808992, 15.7291258], [102.3808869, 15.7291647], [102.3808711, 15.7291984], [102.3808656, 15.7292082], [102.3808463, 15.7292363], [102.3808359, 15.7292493], [102.3808091, 15.7292741], [102.3807897, 15.7292921], [102.3807524, 15.7293204], [102.3805157, 15.7294679], [102.3804513, 15.729497], [102.3803967, 15.7295128], [102.3801511, 15.7295587], [102.3801363, 15.7295614], [102.3801054, 15.7295672], [102.380006, 15.7295995], [102.3799791, 15.7296099], [102.3798833, 15.7296581], [102.379801, 15.7296996], [102.3797899, 15.7297048], [102.3795062, 15.7298366], [102.3793999, 15.7298742], [102.3793628, 15.7298812], [102.3793194, 15.7298861], [102.3792556, 15.7298903], [102.3789004, 15.7298801], [102.3788715, 15.7298809], [102.3788292, 15.729886], [102.3788125, 15.7298917], [102.3787957, 15.7299], [102.3787682, 15.7299214], [102.3787267, 15.7299665], [102.3785627, 15.7301822], [102.378391, 15.7303619], [102.3783766, 15.7303831], [102.3783698, 15.7304039], [102.3783669, 15.7304273], [102.3783684, 15.7304493], [102.3783769, 15.7304976], [102.3783877, 15.7305385], [102.378434, 15.7307142], [102.3785389, 15.7311088], [102.3785483, 15.7311515], [102.378551, 15.7311702], [102.3785544, 15.7312396], [102.3785505, 15.7312749], [102.3785456, 15.7313182], [102.3785386, 15.731343], [102.3785238, 15.7313796], [102.3785106, 15.7314063], [102.3784891, 15.7314423], [102.3784748, 15.7314612], [102.3784628, 15.7314751], [102.3784431, 15.7314948], [102.378429, 15.7315056], [102.3783795, 15.7315355], [102.3783509, 15.7315496], [102.378296, 15.7315737], [102.3781957, 15.7316085], [102.3779012, 15.7316963], [102.3778022, 15.7317222], [102.3774857, 15.731793], [102.3772935, 15.731826], [102.3770947, 15.731845], [102.3768308, 15.7318838], [102.3767286, 15.7318957], [102.3767094, 15.7318965], [102.3766106, 15.7318972], [102.376442, 15.7318882], [102.3763647, 15.731884], [102.3763325, 15.731885], [102.3760208, 15.7318944], [102.3759684, 15.7318987], [102.3759134, 15.7319084], [102.3758769, 15.7319172], [102.3758563, 15.7319252], [102.3758382, 15.7319352], [102.3758086, 15.7319545], [102.3757567, 15.7320431], [102.3757328, 15.7321037], [102.3757195, 15.7321286], [102.3757029, 15.7321458], [102.3755927, 15.732203], [102.3753632, 15.7323005], [102.3752757, 15.7323579], [102.3752487, 15.7324196], [102.3752189, 15.7324937], [102.3751696, 15.732593], [102.3751254, 15.7326622], [102.3750841, 15.7326967], [102.3749848, 15.7327337], [102.3748327, 15.7327877], [102.3747552, 15.7328378], [102.3747283, 15.7328725], [102.374711, 15.7329164], [102.3746932, 15.7329859], [102.3746873, 15.7330743], [102.3746862, 15.7331533], [102.3746797, 15.733288], [102.3746558, 15.7334698], [102.3746327, 15.7337008], [102.3746252, 15.7337764], [102.3746144, 15.7338581], [102.3746056, 15.7338778], [102.3745952, 15.7338876], [102.3745687, 15.7339027], [102.3745516, 15.7339091], [102.3745185, 15.7339132], [102.3745036, 15.7339119], [102.3743704, 15.7338939], [102.374164, 15.7338788], [102.3738406, 15.7338853], [102.3737044, 15.7338894], [102.3736339, 15.7339031], [102.3735934, 15.7339185], [102.3735167, 15.7339451], [102.3734523, 15.7339602], [102.3733413, 15.7339849], [102.3732498, 15.7340012], [102.3730397, 15.734019], [102.3728917, 15.7340186], [102.3727571, 15.7340112], [102.3726795, 15.7340016], [102.3726332, 15.7339938], [102.3725657, 15.7339623], [102.372466, 15.7339221], [102.3723944, 15.7339068], [102.3722959, 15.733894], [102.3722138, 15.7338814], [102.3721094, 15.7338655], [102.3719471, 15.7338248], [102.3718647, 15.7337993], [102.3717957, 15.7337701], [102.371768, 15.7337413], [102.3717444, 15.7337062], [102.3717145, 15.7336466], [102.3716438, 15.7334379], [102.3715614, 15.7332843], [102.3714022, 15.7329967], [102.3712388, 15.7327328], [102.371126, 15.7325827], [102.371009, 15.7323939], [102.3709119, 15.7321999], [102.3708508, 15.7320693], [102.370764, 15.7319069], [102.370653, 15.7317471], [102.3705546, 15.7316372], [102.3704977, 15.731593], [102.3704307, 15.7315608], [102.3703359, 15.7315476], [102.3703029, 15.7315472], [102.3702035, 15.731546], [102.3700362, 15.7315464], [102.3697934, 15.731536], [102.3696411, 15.7315366], [102.3693804, 15.7315244], [102.3691323, 15.7315108], [102.3690249, 15.7314823], [102.3689721, 15.7314575], [102.3689273, 15.7314192], [102.3688874, 15.7313644], [102.3688447, 15.7312867], [102.3688143, 15.731225], [102.3687989, 15.7312088], [102.3687629, 15.7311913], [102.3686869, 15.731181], [102.368603, 15.7311809], [102.3685453, 15.731184], [102.3684953, 15.7312013], [102.3684334, 15.7312383], [102.3683702, 15.7312857], [102.3683111, 15.7313313], [102.3682115, 15.7314313], [102.368161, 15.7314865], [102.3680844, 15.7315417], [102.3680343, 15.73157], [102.3679884, 15.7315829], [102.3679344, 15.7315976], [102.3678587, 15.7316082], [102.3677551, 15.7316224], [102.3676974, 15.7316255], [102.3675917, 15.7316474], [102.3675039, 15.7316694], [102.3674341, 15.7316802], [102.3673019, 15.7317018], [102.3670988, 15.7317243], [102.3669533, 15.7317379], [102.3668119, 15.7317573], [102.3667581, 15.7317587], [102.3666788, 15.7317365], [102.3666193, 15.7317223], [102.3665335, 15.7316965], [102.3664047, 15.731666], [102.3662935, 15.7316435], [102.3661644, 15.7316362], [102.3660827, 15.7316448], [102.3660407, 15.7316616], [102.3659686, 15.7316954], [102.3659345, 15.7317238], [102.3657673, 15.7316817], [102.3657152, 15.7316324], [102.3656857, 15.7315116], [102.3656287, 15.7314426], [102.365494, 15.7314106], [102.3654807, 15.7313613], [102.3654882, 15.7311421], [102.3654649, 15.7307927], [102.365397, 15.730671], [102.3649033, 15.7302176], [102.3647063, 15.7300481], [102.3645044, 15.7299204], [102.3643437, 15.7298289], [102.3642864, 15.729767], [102.3642583, 15.72965], [102.3642277, 15.729555], [102.3641103, 15.7294876], [102.3640311, 15.7294514], [102.3639431, 15.7294437], [102.3638332, 15.7295092], [102.3637134, 15.7294866], [102.3635218, 15.7294034], [102.3633922, 15.7292928], [102.3632733, 15.7292105], [102.3632307, 15.7292127], [102.3631728, 15.7293732], [102.3631536, 15.7294265], [102.3631, 15.7295567], [102.3629771, 15.7296548], [102.3628586, 15.7297271], [102.3627885, 15.7297618], [102.3622934, 15.7300959], [102.3622176, 15.73014], [102.3621171, 15.7301611], [102.3619916, 15.7301279], [102.3618204, 15.7300134], [102.3615588, 15.7298523], [102.3615486, 15.729846], [102.3614986, 15.7298153], [102.3614878, 15.7298154], [102.3614462, 15.7298161], [102.3613852, 15.7298483], [102.3613512, 15.7298663], [102.3612932, 15.7299288], [102.3610774, 15.7301703], [102.3608308, 15.7304427], [102.3606979, 15.7306373], [102.3606626, 15.7307139], [102.3606633, 15.7307583], [102.3606645, 15.7308355], [102.3606769, 15.7309519], [102.3606783, 15.7310329], [102.3603678, 15.7319357], [102.3602788, 15.7321945], [102.3602245, 15.7323018], [102.3601521, 15.7324448], [102.3601245, 15.7324677], [102.3600282, 15.732548], [102.3595786, 15.7329206], [102.3591868, 15.7332451], [102.3588439, 15.733496], [102.3587836, 15.7335402], [102.358603, 15.733695], [102.358511, 15.7338282], [102.3584774, 15.7339156], [102.3584307, 15.7340372], [102.358369, 15.7342297], [102.3583312, 15.7343478], [102.3582041, 15.7345728], [102.3581977, 15.7345993], [102.3581564, 15.7347708], [102.3581208, 15.7349187], [102.3580994, 15.7352078], [102.358103, 15.7354257], [102.3581345, 15.7357495], [102.3581435, 15.7360028], [102.3581442, 15.736023], [102.3581424, 15.7360863], [102.3581409, 15.7361396], [102.358103, 15.7363835], [102.3580344, 15.7366683], [102.3579942, 15.7367435], [102.3579697, 15.7367893], [102.3579634, 15.7368012], [102.3577381, 15.7371036], [102.3575225, 15.7373552], [102.3573552, 15.7376821], [102.3572901, 15.7378605], [102.357273, 15.7379524], [102.3571736, 15.7384862], [102.3571505, 15.7386445], [102.357072, 15.739184], [102.357022, 15.7395383], [102.3569912, 15.7399345], [102.3569825, 15.7400801], [102.3569858, 15.7402845], [102.357003, 15.7403456], [102.3570226, 15.7404042], [102.3570358, 15.7404288], [102.357084, 15.7405187], [102.3572662, 15.7408009], [102.3572742, 15.7408308], [102.3572757, 15.74085], [102.35727, 15.7408802], [102.3572386, 15.7410106], [102.3572271, 15.7410636], [102.3572267, 15.7411142], [102.3572269, 15.74113], [102.3572276, 15.7411707], [102.3572333, 15.7412139], [102.3572637, 15.7413288], [102.3573212, 15.7415035], [102.3573623, 15.7415835], [102.357372, 15.7415997], [102.3576266, 15.7420268], [102.3577454, 15.7422318], [102.3577662, 15.742288], [102.3578152, 15.7424712], [102.3578234, 15.7425101], [102.3578402, 15.742589], [102.3578434, 15.7426042], [102.3578997, 15.7428547], [102.3579208, 15.7429265], [102.3579452, 15.7429854], [102.3580216, 15.7431691], [102.3580509, 15.7432168], [102.3581002, 15.7432689], [102.3581994, 15.7433541], [102.3582438, 15.743393], [102.3582655, 15.7434263], [102.3582773, 15.7434646], [102.3583147, 15.7436537], [102.3583382, 15.7437727], [102.3583557, 15.744007], [102.3583636, 15.7444832], [102.3583647, 15.7445552], [102.3583748, 15.7446392], [102.3583857, 15.7446956], [102.3584066, 15.7447578], [102.3584159, 15.7447985], [102.3584181, 15.7448574], [102.3584196, 15.7449238], [102.3584172, 15.7449512], [102.3584095, 15.7449699], [102.3583993, 15.7449948], [102.3583523, 15.7450821], [102.3582991, 15.7451719], [102.3582909, 15.7451997], [102.3582888, 15.7452226], [102.3582892, 15.745249], [102.3582947, 15.7452728], [102.3583288, 15.745317], [102.358388, 15.7453642], [102.3584795, 15.7454205], [102.3585213, 15.7454372], [102.3585895, 15.7454597], [102.3586331, 15.7454698], [102.3586857, 15.7454991], [102.3587285, 15.7455357], [102.3587552, 15.7455713], [102.3587875, 15.7456466], [102.3588062, 15.7457305], [102.3588067, 15.7457593], [102.3588009, 15.7457823], [102.3587888, 15.7458053], [102.3587778, 15.7458163], [102.3587498, 15.7458444], [102.3587039, 15.7458858], [102.3586952, 15.7458936], [102.3586873, 15.7459007], [102.3586691, 15.745925], [102.358666, 15.7459387], [102.3586633, 15.7459504], [102.3586656, 15.7460117], [102.3586738, 15.7460596], [102.3586706, 15.7460886], [102.3586598, 15.7461152], [102.3585857, 15.7462125], [102.3585779, 15.7462251], [102.3585276, 15.746306], [102.3585085, 15.7463484], [102.3584868, 15.7464666], [102.358483, 15.74654], [102.3584858, 15.7466338], [102.3584847, 15.7467155], [102.3584697, 15.7467867], [102.3584384, 15.7468437], [102.3584032, 15.746896], [102.358395, 15.7469102], [102.3583742, 15.7469457], [102.3583673, 15.7469747], [102.3583666, 15.7470084], [102.3583696, 15.7470324], [102.3583815, 15.7470592], [102.3584064, 15.7470899], [102.3584452, 15.7471378], [102.3585183, 15.747186], [102.3586174, 15.7472163], [102.3587112, 15.747226], [102.3587558, 15.7472412], [102.3587908, 15.7472709], [102.3588293, 15.7473117], [102.3588495, 15.7473464], [102.3589153, 15.7475506], [102.358932, 15.7475679], [102.3589553, 15.7475802], [102.3589898, 15.7475813], [102.3590141, 15.7475777], [102.3590619, 15.7475706], [102.3590834, 15.7475715], [102.3591295, 15.7475887], [102.3591612, 15.7476184], [102.3591715, 15.7476405], [102.3591719, 15.7476692], [102.3591729, 15.7477823], [102.3591737, 15.7478792], [102.3591824, 15.7479077], [102.3592025, 15.7479312], [102.3593353, 15.7480119], [102.3593801, 15.7480415], [102.3594459, 15.7481455], [102.3594683, 15.7482056], [102.3595033, 15.7483371], [102.3595222, 15.7483909], [102.3595457, 15.748416], [102.3597299, 15.7485309], [102.3598443, 15.748596], [102.3600094, 15.7487446], [102.3600476, 15.7487647], [102.3601317, 15.7487856], [102.3602125, 15.7488035], [102.3602374, 15.7488174], [102.3602691, 15.7488472], [102.3602849, 15.748873], [102.3603079, 15.7489102], [102.3603554, 15.7490018], [102.3604194, 15.7491965], [102.3604237, 15.749241], [102.3604253, 15.7492584], [102.3604196, 15.7493078], [102.3604065, 15.7494147], [102.3604075, 15.7494713], [102.3604083, 15.7495228], [102.3604157, 15.7495736], [102.3604262, 15.7496132], [102.3604385, 15.7496393], [102.3604433, 15.7496496], [102.3604543, 15.7496655], [102.3604921, 15.7497204], [102.3605258, 15.7497724], [102.3605854, 15.7499004], [102.3606144, 15.7499592], [102.3606228, 15.7499762], [102.3607098, 15.7500719], [102.36073, 15.7501034], [102.3607324, 15.7501147], [102.3607372, 15.7501367], [102.3607424, 15.750206], [102.3607435, 15.7502209], [102.3607504, 15.7503449], [102.3607518, 15.7503553], [102.3607618, 15.7504338], [102.3607862, 15.7507254], [102.3608012, 15.7509798], [102.3607965, 15.7510459], [102.3607889, 15.7510826], [102.3607696, 15.7511068], [102.3607387, 15.7511263], [102.3606945, 15.7511397], [102.3606093, 15.7511615], [102.3605821, 15.7511694], [102.3605555, 15.7511807], [102.3605066, 15.7512015], [102.3604676, 15.7512276], [102.3604468, 15.7512597], [102.3604375, 15.7512949], [102.3604397, 15.7513282], [102.3604551, 15.7513646], [102.3604904, 15.751415], [102.3605608, 15.751503], [102.3606894, 15.7516251], [102.3607375, 15.7516579], [102.3607625, 15.7516749], [102.3610651, 15.7518075], [102.3610817, 15.7518148], [102.3611166, 15.7518301], [102.3611813, 15.7518641], [102.3611997, 15.7518845], [102.361205, 15.7519099], [102.3612088, 15.7519433], [102.3612019, 15.7520481], [102.3611957, 15.7521408], [102.3611995, 15.7521741], [102.3612147, 15.7522009], [102.3612331, 15.7522166], [102.3612697, 15.7522462], [102.3613393, 15.7522833], [102.3615112, 15.7523475], [102.3615578, 15.7523802], [102.3615947, 15.7524258], [102.3616068, 15.752467], [102.3616108, 15.7525051], [102.3616072, 15.7525911], [102.361578, 15.7529081], [102.3615351, 15.7530997], [102.3614992, 15.7532133], [102.3614413, 15.7533245], [102.3613872, 15.7534113], [102.3613195, 15.7534899], [102.3612048, 15.753585], [102.3611493, 15.753631], [102.3610581, 15.753704], [102.3610025, 15.7537657], [102.3609953, 15.7537787], [102.3609678, 15.7538283], [102.3609482, 15.7539145], [102.3609479, 15.7539738], [102.3609479, 15.7539856], [102.3609477, 15.7540291], [102.3609642, 15.7542114], [102.3610024, 15.7543588], [102.361008, 15.7543867], [102.3610225, 15.7544587], [102.3610302, 15.7545555], [102.3610257, 15.7546532], [102.361023, 15.7547609], [102.361019, 15.7549218], [102.361024, 15.7549981], [102.3610371, 15.7550432], [102.3610524, 15.7550776], [102.36108, 15.755107], [102.3612318, 15.7551965], [102.3614952, 15.7553432], [102.3615216, 15.7553579], [102.361544, 15.7553755], [102.3615602, 15.7553906], [102.361573, 15.7554144], [102.3615821, 15.7554405], [102.3615801, 15.7554668], [102.3615672, 15.7555076], [102.3615399, 15.7555626], [102.3614491, 15.7557454], [102.3612823, 15.7561916], [102.3612107, 15.7563832], [102.3611917, 15.7564502], [102.3610965, 15.7567851], [102.3610676, 15.7568295], [102.3610612, 15.7568394], [102.3610208, 15.7568822], [102.3610008, 15.7568991], [102.3609279, 15.7569608], [102.3608387, 15.7570393], [102.3608279, 15.7570489], [102.3607853, 15.7571057], [102.3606331, 15.7573982], [102.3605513, 15.7576131], [102.3605381, 15.7576477], [102.3604868, 15.7577585], [102.360422, 15.7578366], [102.3603826, 15.7578841], [102.3602561, 15.7580918], [102.3602508, 15.7581022], [102.3601867, 15.7582514], [102.3600247, 15.7586282], [102.3599785, 15.7587356], [102.3599414, 15.7588221], [102.3597405, 15.7593868], [102.3597293, 15.7594431], [102.3597299, 15.7594782], [102.3597423, 15.7595014], [102.3597693, 15.7595244], [102.3600661, 15.7596462], [102.3602289, 15.7597068], [102.3602678, 15.7597062], [102.360311, 15.7597009], [102.360354, 15.7596745], [102.3604734, 15.7595613], [102.3604842, 15.7595511], [102.3605396, 15.7594985], [102.3606395, 15.7594057], [102.3606755, 15.7593911], [102.3607021, 15.7593907], [102.3608019, 15.7594312], [102.3609455, 15.7594969], [102.361011, 15.7595122], [102.3611222, 15.7595175], [102.3613059, 15.7595217], [102.3616099, 15.759496], [102.3617401, 15.7594799], [102.3617933, 15.7594838], [102.3618953, 15.759515], [102.3620909, 15.7595664], [102.3625092, 15.7596763], [102.3625599, 15.7596959], [102.3625846, 15.7597055], [102.3626164, 15.7597261], [102.362646, 15.7597631], [102.3626936, 15.75987], [102.3627359, 15.7599419], [102.362795, 15.7600111], [102.3629027, 15.760096], [102.3630345, 15.7601759], [102.3631902, 15.760239], [102.3633032, 15.7602895], [102.3633168, 15.7602955], [102.3633827, 15.760339], [102.3633998, 15.7603545], [102.3634318, 15.7603836], [102.3634636, 15.7604126], [102.3634819, 15.7604405], [102.3635696, 15.7605741], [102.3636049, 15.760628], [102.3636469, 15.7607029], [102.3636881, 15.7607761], [102.3637099, 15.7608393], [102.3637179, 15.7608883], [102.3637184, 15.7609187], [102.3637059, 15.7609425], [102.3636682, 15.7609523], [102.3635263, 15.7609676], [102.3635163, 15.7609687], [102.3634441, 15.7609861], [102.3634129, 15.7609983], [102.3633915, 15.7610174], [102.3633871, 15.7610479], [102.3633877, 15.7610806], [102.3634183, 15.7611879], [102.3634674, 15.7613599], [102.3634928, 15.7614487], [102.3635009, 15.7614977], [102.3634919, 15.7615376], [102.3634658, 15.7615708], [102.3633121, 15.7617744], [102.3632722, 15.7618452], [102.3632161, 15.7621034], [102.363201, 15.762216], [102.3632059, 15.7622666], [102.3632069, 15.7622767], [102.3632223, 15.7623326], [102.3632951, 15.7625], [102.3633014, 15.7625316], [102.3632987, 15.7625701], [102.3632775, 15.7626055], [102.3632153, 15.7626439], [102.3631637, 15.7626662], [102.3630522, 15.7627143], [102.3629541, 15.7627743], [102.362885, 15.7628339], [102.3628236, 15.762919], [102.3627142, 15.7631711], [102.3626476, 15.7633804], [102.362631, 15.7635444], [102.3626343, 15.7636005], [102.3626388, 15.7636108], [102.3626433, 15.7636212], [102.3626494, 15.7636354], [102.3626812, 15.7636583], [102.3628556, 15.763686], [102.3629364, 15.7637012], [102.3629937, 15.7637119], [102.3630896, 15.7637389], [102.363116, 15.7637463], [102.3631831, 15.7637652], [102.3633585, 15.7638514], [102.3634437, 15.7638922], [102.3635051, 15.7639034], [102.3635261, 15.7639073], [102.3637026, 15.7639162], [102.3638332, 15.7639311], [102.3639374, 15.763943], [102.3640318, 15.7639486], [102.3640488, 15.7639606], [102.3640515, 15.7639733], [102.3640418, 15.7640332], [102.3640061, 15.7641599], [102.363958, 15.7643816], [102.3639533, 15.7643972], [102.363919, 15.764472], [102.3638627, 15.7645545], [102.3638387, 15.7645897], [102.3638173, 15.7646207], [102.3638049, 15.7646419], [102.3637991, 15.7646568], [102.3637935, 15.7646776], [102.3637903, 15.7646949], [102.3637909, 15.7647303], [102.3637976, 15.7647674], [102.363811, 15.7648253], [102.3638299, 15.7649071], [102.3638302, 15.7649238], [102.3638292, 15.7649591], [102.3638233, 15.7649796], [102.3638196, 15.7649899], [102.363809, 15.7650058], [102.3637938, 15.7650235], [102.3637746, 15.7650313], [102.3637232, 15.7650373], [102.3636954, 15.7650406], [102.3636253, 15.7650562], [102.3635793, 15.7650697], [102.3635372, 15.7650887], [102.3635236, 15.7650964], [102.363511, 15.7651073], [102.363499, 15.765118], [102.3634803, 15.7651402], [102.3634624, 15.765168], [102.3634517, 15.7651845], [102.3634404, 15.7652107], [102.3634304, 15.7652422], [102.363426, 15.7652732], [102.3634292, 15.7653219], [102.363432, 15.7653398], [102.3634388, 15.7653882], [102.3634513, 15.7654651], [102.3634575, 15.7655424], [102.363451, 15.7656867], [102.3634501, 15.7657066], [102.3634524, 15.7657618], [102.3634603, 15.7658082], [102.3634636, 15.7658197], [102.3634706, 15.7658358], [102.363481, 15.7658552], [102.3634997, 15.7658803], [102.3635465, 15.7659195], [102.3635738, 15.7659438], [102.3635928, 15.7659656], [102.3636025, 15.7659855], [102.363606, 15.7660003], [102.3636078, 15.7660293], [102.3635978, 15.7660863], [102.3635915, 15.7661046], [102.3635748, 15.7661244], [102.3635413, 15.766145], [102.3634586, 15.7661715], [102.3634229, 15.7661792], [102.3633858, 15.7661872], [102.363314, 15.7662], [102.3632358, 15.7662156], [102.363192, 15.7662275], [102.3631824, 15.7662309], [102.3631209, 15.766256], [102.3631002, 15.7662665], [102.3630531, 15.7662948], [102.3630052, 15.7663301], [102.3629807, 15.76635], [102.3629515, 15.7663772], [102.3629295, 15.7664087], [102.3629116, 15.766439], [102.3629032, 15.7664618], [102.3628993, 15.7664772], [102.3628893, 15.7665212], [102.3628841, 15.7665713], [102.3628824, 15.7666165], [102.3628913, 15.7667495], [102.3629033, 15.7668327], [102.3629082, 15.766853], [102.3629177, 15.7668822], [102.3629343, 15.7669255], [102.3629497, 15.7669515], [102.3629589, 15.7669622], [102.362999, 15.7669989], [102.363032, 15.7670267], [102.3631079, 15.7670907], [102.3631309, 15.7671138], [102.3631693, 15.7671557], [102.3632002, 15.7672116], [102.363219, 15.7672618], [102.3632258, 15.7673063], [102.3632262, 15.7673303], [102.3632207, 15.7673634], [102.3632132, 15.7673846], [102.3631927, 15.7674199], [102.3631766, 15.7674433], [102.363112, 15.7675293], [102.363104, 15.7675372], [102.3630799, 15.7675555], [102.3630485, 15.7675725], [102.3630051, 15.7675903], [102.3629548, 15.7676027], [102.3628839, 15.7676146], [102.3628281, 15.7676189], [102.3626336, 15.767634], [102.3625238, 15.7676524], [102.3624699, 15.7676662], [102.3624569, 15.7676711], [102.3624237, 15.7676847], [102.3623699, 15.7677156], [102.3623422, 15.7677411], [102.3623147, 15.7677751], [102.3622909, 15.7678174], [102.362237, 15.7679131], [102.3622187, 15.7679456], [102.3621019, 15.7681385], [102.3620957, 15.7681473], [102.3620858, 15.7681589], [102.3620352, 15.7682073], [102.3620109, 15.768219], [102.3619918, 15.7682244], [102.3619536, 15.768231], [102.3619131, 15.7682259], [102.3618929, 15.7682234], [102.3618786, 15.7682189], [102.361761, 15.768163], [102.3617167, 15.7681318], [102.361658, 15.768085], [102.3615253, 15.7679738], [102.3613706, 15.7678442], [102.361301, 15.7677983], [102.3612623, 15.7677826], [102.361238, 15.7677774], [102.3612005, 15.7677724], [102.3611794, 15.7677727], [102.3611297, 15.767782], [102.3611005, 15.7677931], [102.3610863, 15.7678015], [102.3610614, 15.767824], [102.3609898, 15.7679086], [102.3609626, 15.7679493], [102.3609282, 15.7680276], [102.3609176, 15.7680577], [102.3608758, 15.7681981], [102.3608705, 15.7682176], [102.3608564, 15.7682887], [102.3608445, 15.7684898], [102.3608367, 15.7685136], [102.3608252, 15.7685323], [102.3607998, 15.7685554], [102.3607721, 15.7685684], [102.3607438, 15.7685738], [102.3606969, 15.7685721], [102.3606322, 15.7685511], [102.3605182, 15.768501], [102.3604931, 15.76849], [102.3603343, 15.7684041], [102.3603155, 15.768392], [102.3600802, 15.7682554], [102.3600612, 15.7682473], [102.3600283, 15.7682381], [102.3600152, 15.7682364], [102.3599738, 15.7682351], [102.3599236, 15.7682434], [102.3598828, 15.7682535], [102.3597993, 15.7682846], [102.3596928, 15.7683335], [102.3596103, 15.7683759], [102.3594593, 15.7684512], [102.3591921, 15.7685731], [102.3591233, 15.7685971], [102.3591023, 15.7686019], [102.3590667, 15.7686058], [102.3589486, 15.768601], [102.358909, 15.7685945], [102.3588194, 15.7685653], [102.3588013, 15.7685564], [102.3587652, 15.7685277], [102.3587136, 15.7684743], [102.3586623, 15.7684112], [102.3586189, 15.7683735], [102.3585605, 15.7683419], [102.3584362, 15.768296], [102.358396, 15.7682687], [102.3583605, 15.7682387], [102.3582669, 15.7681131], [102.3582508, 15.7680919], [102.3582344, 15.7680774], [102.3582171, 15.7680655], [102.3581867, 15.7680546], [102.3581768, 15.7680525], [102.3581409, 15.768053], [102.3580831, 15.7680657], [102.3580398, 15.768079], [102.3579689, 15.7681159], [102.3577445, 15.7682482], [102.357599, 15.768334], [102.3575764, 15.7683474], [102.3574916, 15.7683939], [102.3574559, 15.7684042], [102.3574384, 15.7684048], [102.3574068, 15.7683999], [102.3573836, 15.7683835], [102.3573713, 15.7683691], [102.3573597, 15.7683529], [102.3573401, 15.7683167], [102.3572824, 15.7681549], [102.35726, 15.768115], [102.3572472, 15.7680983], [102.3572301, 15.7680849], [102.3572212, 15.7680791], [102.3571834, 15.7680641], [102.3571487, 15.7680576], [102.3571382, 15.7680571], [102.3570837, 15.7680628], [102.3570694, 15.7680662], [102.3570458, 15.7680749], [102.3570121, 15.7680936], [102.3569866, 15.7681159], [102.3569452, 15.7681653], [102.3569332, 15.7681852], [102.3569244, 15.7682011], [102.3569133, 15.7682306], [102.356897, 15.76831], [102.3568948, 15.7683292], [102.3568634, 15.7686092], [102.3568352, 15.7687937], [102.3568208, 15.7688406], [102.3567801, 15.7689142], [102.3567136, 15.7690342], [102.3567089, 15.7690634], [102.356717, 15.769104], [102.3567232, 15.7691187], [102.356734, 15.7691362], [102.3567651, 15.7691727], [102.3568247, 15.7692326], [102.3568577, 15.7692658], [102.356883, 15.769298], [102.3568955, 15.7693333], [102.3568996, 15.769363], [102.3569, 15.7693827], [102.3568975, 15.7694161], [102.3568871, 15.7694391], [102.35687, 15.7694582], [102.3568446, 15.769471], [102.3568073, 15.7694855], [102.356616, 15.7695531], [102.3565453, 15.7695781], [102.3565344, 15.7695839], [102.3565134, 15.7696011], [102.3564974, 15.7696207], [102.3564893, 15.7696307], [102.3564756, 15.7696652], [102.3564708, 15.7696965], [102.3564706, 15.7697107], [102.3564717, 15.7697488], [102.3564731, 15.7697624], [102.3565007, 15.7699599], [102.3565052, 15.7700484], [102.3564972, 15.7701165], [102.3564663, 15.7702794], [102.3564449, 15.770457], [102.3564382, 15.7706623], [102.3564269, 15.7709006], [102.3564253, 15.7709156], [102.356411, 15.7709802], [102.3563862, 15.7710361], [102.3563698, 15.7710612], [102.3563414, 15.7710959], [102.3562884, 15.7711417], [102.3562761, 15.7711494], [102.3561525, 15.7712265], [102.3560769, 15.7712661], [102.3560436, 15.7712867], [102.3560299, 15.771301], [102.35602, 15.7713146], [102.3559868, 15.7714214], [102.3559535, 15.7715283], [102.3559401, 15.7715604], [102.3559126, 15.7715947], [102.3558844, 15.7716176], [102.355854, 15.7716292], [102.3558071, 15.7716365], [102.3557475, 15.7716375], [102.3554506, 15.7716219], [102.355427, 15.7716262], [102.3554062, 15.7716325], [102.3553887, 15.7716418], [102.3553717, 15.7716554], [102.3553584, 15.7716761], [102.3553523, 15.7717111], [102.3553496, 15.771744], [102.3553387, 15.771821], [102.3553237, 15.7718694], [102.3553038, 15.7719045], [102.3552437, 15.771979], [102.3552198, 15.772001], [102.3551707, 15.772046], [102.3551093, 15.7720943], [102.3550629, 15.7721225], [102.3550218, 15.7721431], [102.3549681, 15.7721594], [102.3549175, 15.7721691], [102.3548044, 15.7721659], [102.3547439, 15.7721572], [102.3546843, 15.7721411], [102.3546429, 15.7721281], [102.3546, 15.7721081], [102.3544939, 15.7720463], [102.3544698, 15.7720323], [102.3544166, 15.7719855], [102.3544049, 15.7719753], [102.3543626, 15.7719282], [102.354322, 15.7718622], [102.3542841, 15.771775], [102.3542263, 15.7716418], [102.3542167, 15.771623], [102.354185, 15.7715846], [102.3541426, 15.7715509], [102.3541287, 15.7715439], [102.3541102, 15.7715379], [102.3540772, 15.7715303], [102.354047, 15.7715308], [102.3539947, 15.7715435], [102.3539821, 15.7715498], [102.3539373, 15.7715793], [102.3539196, 15.7715948], [102.3537905, 15.7717149], [102.3536547, 15.7718086], [102.3535065, 15.7718817], [102.3533643, 15.7719548], [102.3533216, 15.7719894], [102.3532954, 15.7720135], [102.3532802, 15.7720333], [102.3532658, 15.7720628], [102.3532514, 15.7721109], [102.3532482, 15.7721297], [102.3532494, 15.7721988], [102.3532633, 15.7722982], [102.353277, 15.7723963], [102.3533193, 15.7725666], [102.3533294, 15.7726074], [102.3533305, 15.7726593], [102.3533271, 15.772727], [102.3533169, 15.7727794], [102.3533108, 15.7728028], [102.3533051, 15.7728242], [102.3532911, 15.7728586], [102.3532819, 15.7728769], [102.3532698, 15.7728953], [102.3532138, 15.7729544], [102.3531045, 15.7730289], [102.3530627, 15.7730506], [102.3530047, 15.7730727], [102.3529736, 15.7730824], [102.3529065, 15.7730975], [102.352802, 15.7731047], [102.3527759, 15.7731043], [102.3524619, 15.7731], [102.352391, 15.7731011], [102.3523293, 15.7731096], [102.3522671, 15.7731237], [102.3520336, 15.7732041], [102.3517067, 15.7733628], [102.3516072, 15.7734293], [102.3515319, 15.7734925], [102.3514878, 15.7735475], [102.3513137, 15.7737646], [102.3511759, 15.7739144], [102.3510669, 15.7740074], [102.3507933, 15.7742098], [102.3504643, 15.7744696], [102.3503539, 15.7745461], [102.3500743, 15.7747119], [102.3499541, 15.7747818], [102.3499417, 15.77479], [102.3499126, 15.7748104], [102.3499008, 15.7748268], [102.349891, 15.7748553], [102.3498756, 15.7749267], [102.3498663, 15.7749868], [102.3498766, 15.7751138], [102.3498855, 15.7752243], [102.3498956, 15.7752895], [102.3499157, 15.7753517], [102.3499404, 15.7754112], [102.3499828, 15.7754995], [102.3500064, 15.7755428], [102.3500469, 15.7756076], [102.3501296, 15.77574], [102.3501356, 15.7757507], [102.3501732, 15.7758201], [102.3502149, 15.7759071], [102.3502271, 15.7759432], [102.3502402, 15.7760343], [102.3502549, 15.7761873], [102.3502547, 15.7762606], [102.3502521, 15.7763019], [102.3502424, 15.7763502], [102.3501704, 15.7765498], [102.3501326, 15.7766834], [102.3500902, 15.7768055], [102.3500562, 15.7768872], [102.3500343, 15.7769285], [102.3500069, 15.776969], [102.3499982, 15.7769795], [102.3499731, 15.7770049], [102.349963, 15.777012], [102.3498309, 15.7770886], [102.3497609, 15.777125], [102.3496276, 15.7771779], [102.3477745, 15.7778079], [102.3476523, 15.7778454], [102.3450584, 15.7809918], [102.3435153, 15.7828633], [102.3383975, 15.7879067], [102.3347064, 15.7915439], [102.3314146, 15.7947874], [102.3311903, 15.7950084], [102.3306012, 15.7955888], [102.3303802, 15.7958065], [102.3302659, 15.7958761], [102.3302533, 15.7959275], [102.3302469, 15.7959675], [102.3302273, 15.7961049], [102.3301851, 15.796156], [102.330131, 15.7962126], [102.3300997, 15.7963383], [102.3300933, 15.7963783], [102.3301039, 15.7964702], [102.3301846, 15.7966431], [102.3302221, 15.796753], [102.3302475, 15.7968273], [102.3302639, 15.7969307], [102.3302209, 15.7970448], [102.3301489, 15.7971071], [102.3300244, 15.7971055], [102.3299303, 15.7970527], [102.3299168, 15.7970345], [102.3298487, 15.7969428], [102.3296604, 15.7968374], [102.3294897, 15.7967493], [102.3293656, 15.796719], [102.3292466, 15.796752], [102.3291511, 15.7968024], [102.3290797, 15.7968244], [102.3290536, 15.7968698], [102.3290844, 15.7969314], [102.329205, 15.7969941], [102.3291884, 15.7970501], [102.3291189, 15.7971207], [102.3289968, 15.7971753], [102.3288856, 15.7971995], [102.3288847, 15.7972709], [102.3289789, 15.7973283], [102.3290418, 15.7973597], [102.329147, 15.7973916], [102.3292419, 15.7973978], [102.3293677, 15.7974708], [102.3294032, 15.7975785], [102.3294172, 15.7977164], [102.3294104, 15.7977584], [102.3293943, 15.797859], [102.3293071, 15.7980621], [102.3292481, 15.798138], [102.329104, 15.7982536], [102.3289559, 15.7982824], [102.3288594, 15.798315], [102.3288167, 15.7983554], [102.3287362, 15.7984564], [102.3287137, 15.7985582], [102.3287171, 15.7987062], [102.3287053, 15.7988031], [102.3286889, 15.7988438], [102.3286514, 15.7988841], [102.3286138, 15.7989347], [102.3285952, 15.7989449], [102.32855, 15.7989697], [102.3284442, 15.7989836], [102.3283969, 15.7989734], [102.3283442, 15.798962], [102.3281977, 15.7988683], [102.3281242, 15.7988317], [102.3279832, 15.7987177], [102.3278728, 15.7986856], [102.3277571, 15.7986536], [102.3276139, 15.798703], [102.3274446, 15.7987315], [102.3273276, 15.7987963], [102.3272845, 15.7988673], [102.3272565, 15.7989894], [102.3272018, 15.7991368], [102.3271712, 15.7992056], [102.3271365, 15.799284], [102.3271824, 15.7994019], [102.3271975, 15.7994583], [102.3271594, 15.7995496], [102.3272103, 15.8000378], [102.3272789, 15.8006962], [102.3273523, 15.8013995], [102.3275624, 15.8034145], [102.3274335, 15.8032922], [102.3272271, 15.80314], [102.3270989, 15.8030563], [102.3269721, 15.8029736], [102.3266038, 15.8027301], [102.3265441, 15.8026796], [102.3263118, 15.8024829], [102.3261486, 15.8023201], [102.3259433, 15.8020765], [102.3256733, 15.8017468], [102.3256261, 15.8016891], [102.3254864, 15.8015605], [102.3253805, 15.8014733], [102.3253031, 15.8014317], [102.3252637, 15.8014106], [102.3252108, 15.8013822], [102.3250646, 15.8013227], [102.324947, 15.8012974], [102.3248947, 15.8012967], [102.3247686, 15.8012952], [102.3245829, 15.8013153], [102.3243747, 15.8013604], [102.3242122, 15.8014151], [102.3241585, 15.8014332], [102.3241212, 15.8014457], [102.3239167, 15.8015599], [102.3237533, 15.8016981], [102.3235836, 15.8019128], [102.3235091, 15.8020349], [102.3234592, 15.8021742], [102.3234433, 15.8022185], [102.3234137, 15.8024336], [102.3234259, 15.8025543], [102.3234429, 15.8026626], [102.3234673, 15.8027535], [102.3235254, 15.8028759], [102.3236323, 15.8030223], [102.323777, 15.8031484], [102.3239473, 15.8032741], [102.3241396, 15.8033958], [102.3242271, 15.8034511], [102.3242528, 15.8034674], [102.3244004, 15.8035608], [102.3245517, 15.8036722], [102.3245715, 15.8036868], [102.3248105, 15.8038629], [102.3249237, 15.8039525], [102.3249602, 15.8039815], [102.3250123, 15.8040448], [102.3250725, 15.8041451], [102.3251228, 15.8042627], [102.3251446, 15.8043463], [102.3251563, 15.8044398], [102.3251577, 15.8045237], [102.3251538, 15.8045978], [102.3251422, 15.804667], [102.3251101, 15.8047162], [102.325095, 15.8047393], [102.3250315, 15.8047979], [102.3249556, 15.8048512], [102.3248404, 15.804911], [102.3246204, 15.8049927], [102.3244298, 15.8050455], [102.3240641, 15.8050864], [102.3239694, 15.805097], [102.3238739, 15.8051043], [102.3236292, 15.8051229], [102.3236157, 15.8051239], [102.3233611, 15.8051433], [102.3228525, 15.8052029], [102.3222955, 15.8052682], [102.3220742, 15.8052938], [102.3218374, 15.8053098], [102.3216411, 15.8053004], [102.321457, 15.8052638], [102.3212956, 15.8052095], [102.3210797, 15.8050993], [102.3208003, 15.8049423], [102.3204728, 15.8047583], [102.3203886, 15.8047158], [102.3197791, 15.8044087], [102.3196329, 15.8043517], [102.3195058, 15.8043265], [102.3193777, 15.8043284], [102.3192428, 15.8043404], [102.319065, 15.8043752], [102.3190019, 15.8043989], [102.3189282, 15.8044266], [102.3187573, 15.8045415], [102.3186927, 15.8045981], [102.3186627, 15.8046259], [102.3185677, 15.8047448], [102.3184727, 15.8048805], [102.3184476, 15.8049269], [102.3183875, 15.805038], [102.3183383, 15.8051289], [102.3182421, 15.8053204], [102.3182094, 15.805438], [102.3181987, 15.8054764], [102.3181889, 15.8056542], [102.3181839, 15.8058171], [102.3182097, 15.8059919], [102.3182394, 15.8060951], [102.3182952, 15.8062703], [102.3183012, 15.806289], [102.3183625, 15.8064527], [102.3183785, 15.8064951], [102.31844, 15.8066767], [102.3184619, 15.8067702], [102.3184633, 15.8068516], [102.3184484, 15.8069273], [102.3183701, 15.8071043], [102.318274, 15.8072375], [102.318118, 15.8073698], [102.3180405, 15.8074245], [102.3179737, 15.807461], [102.3178209, 15.8075258], [102.317705, 15.8075749], [102.3176067, 15.8076039], [102.3175602, 15.8076153], [102.3175114, 15.8076273], [102.3172499, 15.8076676], [102.3172305, 15.8076698], [102.3171491, 15.8076727], [102.316986, 15.8076784], [102.3166723, 15.8076635], [102.3164396, 15.8076153], [102.316418, 15.8076077], [102.3162167, 15.8075372], [102.316062, 15.8074632], [102.3159419, 15.8074057], [102.3157412, 15.8073045], [102.3156952, 15.8072812], [102.3154312, 15.8071866], [102.315096, 15.8071053], [102.3149478, 15.807078], [102.3146827, 15.8070697], [102.3143686, 15.8070837], [102.3142625, 15.8070885], [102.3140667, 15.8071137], [102.3138737, 15.8071561], [102.3136889, 15.807228], [102.3135298, 15.8073168], [102.313492, 15.8073486], [102.3134342, 15.8073972], [102.3133869, 15.8074565], [102.3133496, 15.807525], [102.3132903, 15.8076338], [102.3131285, 15.8078681], [102.3129692, 15.808042], [102.3128213, 15.808137], [102.3127459, 15.8081626], [102.3126467, 15.808174], [102.3124887, 15.8081715], [102.3123941, 15.8081507], [102.3122632, 15.808096], [102.3122365, 15.8080805], [102.3121025, 15.8079886], [102.3119756, 15.8078589], [102.3119201, 15.8077938], [102.3118126, 15.8076101], [102.3117505, 15.8074716], [102.3117253, 15.8073986], [102.3116811, 15.8072424], [102.3116112, 15.8068625], [102.3115674, 15.8062093], [102.311558, 15.8059455], [102.3115739, 15.8058244], [102.3116166, 15.8056337], [102.3116684, 15.8053665], [102.3117802, 15.8047681], [102.3118067, 15.8046267], [102.3118707, 15.8041717], [102.3118752, 15.8041396], [102.3119788, 15.803645], [102.3120194, 15.8034515], [102.3122008, 15.8025899], [102.3122347, 15.8024293], [102.3123406, 15.8018947], [102.3123586, 15.8017489], [102.3123578, 15.8016074], [102.3123558, 15.801258], [102.312384, 15.8007778], [102.3123877, 15.8007147], [102.3123823, 15.8005274], [102.312381, 15.8005026], [102.312325, 15.8003061], [102.312237, 15.8001462], [102.31217, 15.8000247], [102.3121127, 15.7999476], [102.3119851, 15.7997759], [102.311703, 15.7995113], [102.3115241, 15.7993966], [102.3114659, 15.7993593], [102.311376, 15.7993016], [102.3112809, 15.799258], [102.3111834, 15.7992133], [102.3109989, 15.799147], [102.3109798, 15.7991431], [102.3108736, 15.7991218], [102.3107384, 15.799114], [102.3105757, 15.7991337], [102.310421, 15.7991805], [102.3102416, 15.7992745], [102.3100451, 15.7994107], [102.3099548, 15.7995009], [102.3098497, 15.7996185], [102.3097928, 15.799723], [102.3097364, 15.799862], [102.3097185, 15.7999314], [102.3096939, 15.8000263], [102.3096813, 15.800075], [102.3096792, 15.8000908], [102.3096496, 15.8003198], [102.3096161, 15.8006114], [102.3095849, 15.8007278], [102.3095203, 15.80083], [102.309425, 15.8009276], [102.3092717, 15.8010558], [102.3091329, 15.8011418], [102.3090011, 15.8011808], [102.3089195, 15.8011854], [102.3087581, 15.8011695], [102.3086386, 15.8011295], [102.3085132, 15.8010581], [102.3083435, 15.8009247], [102.3081468, 15.8007291], [102.308031, 15.8005904], [102.3079469, 15.8004547], [102.3078675, 15.8002802], [102.3077887, 15.8000112], [102.3077119, 15.7995902], [102.3077045, 15.7995496], [102.3076468, 15.7987829], [102.3076438, 15.7985987], [102.3076465, 15.7985528], [102.3076649, 15.798241], [102.3076793, 15.7979973], [102.3076904, 15.7978436], [102.3077239, 15.797672], [102.3077925, 15.7974385], [102.3079748, 15.796855], [102.3079949, 15.7967907], [102.3080036, 15.7967283], [102.3080231, 15.7965868], [102.3080314, 15.796527], [102.308028, 15.7964141], [102.3080266, 15.7963699], [102.3080225, 15.7962347], [102.3080175, 15.796194], [102.3079895, 15.7960815], [102.3079491, 15.7959185], [102.3078449, 15.7956438], [102.3078375, 15.7956168], [102.3077984, 15.7954751], [102.3077744, 15.7953877], [102.3077535, 15.7953118], [102.3076948, 15.7950452], [102.3076524, 15.7946686], [102.3076609, 15.7944229], [102.3076709, 15.7941332], [102.3076784, 15.7937566], [102.3076659, 15.7934703], [102.3076299, 15.7932459], [102.3075736, 15.7931108], [102.3074954, 15.7929498], [102.3074344, 15.7928514], [102.307275, 15.7926864], [102.3071382, 15.7925786], [102.3069307, 15.7924405], [102.3065712, 15.7922629], [102.3059655, 15.7920229], [102.3058968, 15.7920022], [102.3054592, 15.7918334], [102.3051456, 15.7916931], [102.3049864, 15.7915965], [102.3047427, 15.7914486], [102.3042644, 15.7911009], [102.3035833, 15.7905821], [102.3032885, 15.7903931], [102.3028668, 15.790185], [102.3025768, 15.790079], [102.3019397, 15.7899], [102.3018825, 15.7898953], [102.3018193, 15.7898901], [102.3012684, 15.7898444], [102.3007105, 15.7898003], [102.3005247, 15.7897663], [102.3000472, 15.7896788], [102.2995927, 15.7895848], [102.2995393, 15.7895801], [102.2989984, 15.7895324], [102.2985362, 15.7895219], [102.2973408, 15.7895532], [102.2967477, 15.789571], [102.296326, 15.7895467], [102.2960168, 15.7894768], [102.2958935, 15.7894156], [102.2955967, 15.7892683], [102.2953771, 15.7891169], [102.2952668, 15.7890408], [102.2949776, 15.7887995], [102.2947563, 15.7885539], [102.2946655, 15.7884246], [102.2946312, 15.7883588], [102.2944717, 15.7880528], [102.294382, 15.787825], [102.2943583, 15.787765], [102.2942844, 15.7875203], [102.2942775, 15.7874974], [102.2941961, 15.7872275], [102.2940472, 15.7867346], [102.2938076, 15.7861682], [102.2936359, 15.7858441], [102.2934078, 15.7854821], [102.2933952, 15.7854652], [102.2932403, 15.785295], [102.2930615, 15.7851661], [102.2928472, 15.7850772], [102.2926154, 15.7850281], [102.29233, 15.7850281], [102.2920409, 15.7850807], [102.291581, 15.7852105], [102.2915436, 15.7852242], [102.2910091, 15.7854209], [102.2907754, 15.7855341], [102.2906274, 15.7856241], [102.2905364, 15.7857069], [102.2904756, 15.7857623], [102.2903558, 15.7859177], [102.2902116, 15.7862372], [102.2901983, 15.7862666], [102.2901197, 15.78649], [102.2900944, 15.786562], [102.290006, 15.7866993], [102.2899416, 15.7867517], [102.2898629, 15.7868155], [102.2897045, 15.7869151], [102.2896342, 15.7869594], [102.2896063, 15.7869716], [102.2893554, 15.787082], [102.2889222, 15.7871895], [102.2886638, 15.7872266], [102.2883076, 15.7872777], [102.2874393, 15.7873698], [102.2868915, 15.7873912], [102.2867084, 15.7873802], [102.2863957, 15.7873613], [102.285962, 15.7873351], [102.2855803, 15.7872862], [102.2852094, 15.7872386], [102.2851359, 15.7872292], [102.2849582, 15.7871661], [102.2847931, 15.7870458], [102.284627, 15.7868553], [102.2845056, 15.786629], [102.2844522, 15.7864105], [102.2844284, 15.78606], [102.2844337, 15.785823], [102.2844965, 15.7855063], [102.2845652, 15.7853592], [102.2846107, 15.7852619], [102.2846621, 15.7851712], [102.2847565, 15.785055], [102.2848145, 15.7850119], [102.2852265, 15.7847057], [102.2853786, 15.784585], [102.2854673, 15.7844696], [102.2855236, 15.7843109], [102.2855296, 15.7841178], [102.28548, 15.783851], [102.2854297, 15.7837595], [102.2853136, 15.7836128], [102.2852211, 15.7835259], [102.2851252, 15.783461], [102.2849623, 15.7833749], [102.2847233, 15.7832746], [102.2844819, 15.7831936], [102.2839573, 15.7830175], [102.2837879, 15.7829607], [102.2835458, 15.7828794], [102.2831065, 15.7827925], [102.2828167, 15.7827969], [102.2826371, 15.7828432], [102.2823494, 15.7829786], [102.2818281, 15.7832763], [102.2812021, 15.7836992], [102.2810433, 15.7838253], [102.2809462, 15.7839024], [102.2808678, 15.7839916], [102.2805718, 15.7843289], [102.2803895, 15.7844613], [102.2802363, 15.7845083], [102.280186, 15.7845192], [102.279988, 15.7845296], [102.2798557, 15.7845061], [102.2797586, 15.7844888], [102.2796081, 15.7844166], [102.279505, 15.7843671], [102.2794786, 15.7843446], [102.2792499, 15.7841495], [102.2790396, 15.7839029], [102.2788986, 15.7837376], [102.2788147, 15.7836392], [102.2783307, 15.7829378], [102.2779737, 15.7825445], [102.2776459, 15.782077], [102.2771629, 15.7814346], [102.276845, 15.7811071], [102.2766443, 15.7809551], [102.2764985, 15.7808983], [102.2762931, 15.7809235], [102.2761915, 15.780952], [102.2760883, 15.7809957], [102.2758401, 15.7811331], [102.2756806, 15.7812428], [102.2755519, 15.7813519], [102.2754247, 15.7814597], [102.2753119, 15.7815554], [102.2752237, 15.7816301], [102.2750913, 15.7817423], [102.2748382, 15.7819569], [102.2746352, 15.7821777], [102.274501, 15.7823237], [102.2743655, 15.7824014], [102.2741837, 15.7825057], [102.274044, 15.7825881], [102.2738954, 15.7826758], [102.2737985, 15.782733], [102.2736977, 15.782805], [102.2732708, 15.7831101], [102.2732136, 15.7831545], [102.2726307, 15.783607], [102.2723858, 15.7837705], [102.2721899, 15.7839012], [102.2717481, 15.7841961], [102.2707817, 15.7847865], [102.2702601, 15.7850675], [102.2698049, 15.7852073], [102.2695918, 15.7852326], [102.2694158, 15.7851984], [102.2693234, 15.7851571], [102.2693132, 15.7851526], [102.2691945, 15.7850747], [102.2691697, 15.7850585], [102.2690892, 15.7849713], [102.2689776, 15.7848375], [102.268871, 15.7846388], [102.2686862, 15.7841173], [102.2686467, 15.7839353], [102.2686509, 15.7838174], [102.2686699, 15.7834814], [102.2686545, 15.7832813], [102.2686479, 15.7832368], [102.2686363, 15.7831798], [102.2685804, 15.7830256], [102.268448, 15.7828504], [102.2684225, 15.7828265], [102.2684116, 15.7828163], [102.2680878, 15.7825223], [102.2680579, 15.7824951], [102.2678983, 15.7824091], [102.2677578, 15.78237], [102.2675875, 15.7823725], [102.2674542, 15.7824099], [102.2673818, 15.7824463], [102.26728, 15.782548], [102.2672211, 15.7826667], [102.2671873, 15.7828318], [102.2671459, 15.7829586], [102.2670795, 15.7830925], [102.2669705, 15.7831877], [102.2669468, 15.7832023], [102.2669197, 15.7832191], [102.2667567, 15.7832981], [102.2665812, 15.7833537], [102.2664234, 15.7833797], [102.2662717, 15.7833996], [102.266077, 15.7834026], [102.2658701, 15.7833939], [102.2656626, 15.7833558], [102.2655158, 15.783305], [102.2653867, 15.7832244], [102.2652931, 15.7831569], [102.2652267, 15.783109], [102.265035, 15.7829116], [102.264917, 15.7827602], [102.2647078, 15.782403], [102.2646605, 15.7823223], [102.2643127, 15.781526], [102.2642547, 15.7814369], [102.2640545, 15.7813144], [102.264031, 15.7813054], [102.2637937, 15.7812149], [102.2635036, 15.7811898], [102.2633499, 15.7812086], [102.2632562, 15.7812409], [102.2631427, 15.7813109], [102.2630877, 15.7813563], [102.2630418, 15.7813964], [102.2629129, 15.7815378], [102.2628486, 15.7816539], [102.2625195, 15.7823427], [102.2623353, 15.7826223], [102.2622518, 15.7827237], [102.2621077, 15.7828437], [102.2619875, 15.7829338], [102.2618186, 15.7830247], [102.2616853, 15.7830562], [102.261503, 15.7830707], [102.2613444, 15.7830436], [102.2611788, 15.7829577], [102.2610611, 15.7828299], [102.2603993, 15.7819084], [102.2602529, 15.7817464], [102.2600556, 15.7815785], [102.2598958, 15.7814807], [102.2597118, 15.7813834], [102.2594519, 15.7812551], [102.2593564, 15.7812225], [102.2591427, 15.7812109], [102.2589221, 15.7812437], [102.2587629, 15.7812978], [102.2586042, 15.7813888], [102.2584833, 15.7814755], [102.2581461, 15.7817166], [102.2580613, 15.7817676], [102.2579485, 15.7818222], [102.2578571, 15.7818469], [102.2577959, 15.7818586], [102.2576055, 15.7818689], [102.2572159, 15.781823], [102.2569882, 15.7817637], [102.2568105, 15.7817174], [102.2567588, 15.7816949], [102.2566622, 15.7816529], [102.2564966, 15.7815729], [102.256312, 15.7814402], [102.256188, 15.7812948], [102.2560695, 15.781114], [102.2559243, 15.7807804], [102.2558404, 15.7804812], [102.2557927, 15.7801579], [102.2557764, 15.779899], [102.2558037, 15.7797042], [102.2558345, 15.7795417], [102.2558712, 15.7794443], [102.255978, 15.7792436], [102.2562536, 15.7789258], [102.2564083, 15.7787497], [102.2567256, 15.7783885], [102.256805, 15.7782692], [102.2568743, 15.7780998], [102.2569154, 15.7779201], [102.2569366, 15.7776806], [102.2569266, 15.77756], [102.2568603, 15.7773916], [102.256756, 15.7772303], [102.256637, 15.7770919], [102.2563784, 15.7768612], [102.2563275, 15.7768157], [102.2562246, 15.7767289], [102.2560819, 15.7765544], [102.2560052, 15.7763902], [102.256, 15.7763789], [102.2559296, 15.776162], [102.2558835, 15.7759388], [102.2558254, 15.7753506], [102.2558324, 15.7750265], [102.2558543, 15.7748817], [102.2558654, 15.7748081], [102.2558767, 15.7747705], [102.2559347, 15.7745773], [102.2560412, 15.7743872], [102.2562269, 15.7742077], [102.2564849, 15.7739859], [102.25672, 15.7738469], [102.2569496, 15.773755], [102.2571557, 15.7737048], [102.2574067, 15.7736414], [102.257701, 15.7735671], [102.257955, 15.7734749], [102.2581117, 15.7733842], [102.2582195, 15.7732819], [102.2582316, 15.7732705], [102.2582387, 15.7732577], [102.2582964, 15.7731541], [102.2583144, 15.773122], [102.2583243, 15.773089], [102.2583664, 15.7729504], [102.2583865, 15.7726909], [102.2583282, 15.7724679], [102.2582844, 15.7723214], [102.2581893, 15.7721045], [102.2581448, 15.7720288], [102.2579953, 15.7718072], [102.2579672, 15.7717678], [102.2578208, 15.7716036], [102.2576604, 15.7714729], [102.2573717, 15.7712906], [102.2571194, 15.7711861], [102.2566107, 15.7709978], [102.2563322, 15.7708948], [102.2557085, 15.7706826], [102.255397, 15.7705766], [102.2549375, 15.7704505], [102.2545477, 15.7703899], [102.2539666, 15.7703678], [102.2537467, 15.7703594], [102.2534339, 15.7703475], [102.2529522, 15.770362], [102.2529406, 15.7703612], [102.2528213, 15.7703386], [102.2525486, 15.7702869], [102.2525365, 15.7702807], [102.252341, 15.7701793], [102.2521401, 15.7700125], [102.2520221, 15.7697854], [102.2519466, 15.7693509], [102.2519606, 15.7683171], [102.2520187, 15.7676592], [102.2521543, 15.7671242], [102.2521649, 15.7670826], [102.2522554, 15.7667254], [102.252382, 15.7664027], [102.2525265, 15.7660347], [102.2525763, 15.7658125], [102.2525863, 15.7656647], [102.2525986, 15.7654817], [102.2526071, 15.7653543], [102.252604, 15.7652609], [102.252596, 15.765026], [102.25258, 15.7645513], [102.2525782, 15.7644983], [102.2525589, 15.7644279], [102.2525447, 15.7643764], [102.2525378, 15.7643512], [102.2524366, 15.7642198], [102.2521292, 15.7640694], [102.2518338, 15.7639856], [102.2515855, 15.7639151], [102.251306, 15.7638368], [102.2512102, 15.76381], [102.2510172, 15.7636578], [102.2509357, 15.763565], [102.2507998, 15.76341], [102.2506581, 15.7631316], [102.2506408, 15.7630615], [102.2505603, 15.7627344], [102.2506086, 15.7624162], [102.2507378, 15.762141], [102.250874, 15.7618511], [102.2511624, 15.7614642], [102.2511801, 15.7614405], [102.2512534, 15.7613818], [102.2514753, 15.7612045], [102.2523313, 15.7604856], [102.2524201, 15.7603145], [102.2524177, 15.7601669], [102.2524149, 15.7599897], [102.2523585, 15.7597986], [102.2522407, 15.7595863], [102.2521309, 15.7594874], [102.2520551, 15.7594192], [102.2519851, 15.7593946], [102.2518941, 15.7593626], [102.2516656, 15.7593734], [102.2516098, 15.7593845], [102.2510652, 15.7594931], [102.2508568, 15.7595392], [102.2504574, 15.7596277], [102.2502766, 15.7596523], [102.2501531, 15.7596691], [102.2500774, 15.759669], [102.2498492, 15.7596684], [102.2496194, 15.7596678], [102.2493069, 15.759667], [102.2491239, 15.7596665], [102.2488952, 15.7596658], [102.2485822, 15.7596409], [102.2482757, 15.7595421], [102.2480135, 15.7593541], [102.2475478, 15.7588369], [102.246997, 15.7579828], [102.2469772, 15.757952], [102.2469014, 15.7578173], [102.2468125, 15.7576592], [102.2467559, 15.7574607], [102.2467287, 15.7571879], [102.246808, 15.7568988], [102.2469041, 15.7567128], [102.2471493, 15.7564976], [102.2474243, 15.7563432], [102.2474705, 15.7563284], [102.2478339, 15.7562116], [102.2481531, 15.7561346], [102.2483883, 15.7560778], [102.2492843, 15.7558577], [102.2499912, 15.7557217], [102.2507222, 15.7556665], [102.2512778, 15.7556139], [102.2518329, 15.7555244], [102.252258, 15.7554073], [102.252682, 15.7552237], [102.2529676, 15.7549684], [102.253008, 15.7549214], [102.2531472, 15.754759], [102.2533027, 15.7544688], [102.2533587, 15.7541579], [102.253323, 15.7538262], [102.2533198, 15.7538131], [102.2532576, 15.753554], [102.2531711, 15.7533015], [102.2531217, 15.7531573], [102.2529573, 15.7528866], [102.2527186, 15.7526093], [102.2526311, 15.7525076], [102.2518561, 15.7517144], [102.2517368, 15.7516073], [102.2513282, 15.7512407], [102.2509822, 15.7509301], [102.2501719, 15.7503146], [102.2500985, 15.7502734], [102.2498642, 15.750142], [102.2495882, 15.7500428], [102.2488068, 15.7498034], [102.248361, 15.7495738], [102.2481611, 15.7494661], [102.248117, 15.7494546], [102.2480003, 15.7494242], [102.2477644, 15.7494498], [102.2477543, 15.7494535], [102.2476661, 15.7494848], [102.2476128, 15.7495038], [102.2475637, 15.7495411], [102.247532, 15.7495652], [102.2474245, 15.7496469], [102.2473814, 15.7497136], [102.2472818, 15.7498679], [102.247179, 15.7500271], [102.2469563, 15.7504069], [102.246673, 15.7508098], [102.2465597, 15.750928], [102.2465005, 15.7509896], [102.2460327, 15.7512919], [102.2457464, 15.7514528], [102.2456549, 15.7515042], [102.245616, 15.7515343], [102.245564, 15.7515744], [102.2454892, 15.7516322], [102.2452113, 15.7518948], [102.2451423, 15.75195], [102.2450231, 15.7520452], [102.2448108, 15.7521148], [102.2445463, 15.7521313], [102.2445199, 15.7521329], [102.2444985, 15.7521343], [102.2441319, 15.7520881], [102.2438256, 15.752004], [102.2435413, 15.751868], [102.2434022, 15.7517445], [102.2433033, 15.7515692], [102.2431668, 15.7513272], [102.243126, 15.751239], [102.2427563, 15.75044], [102.2424054, 15.7499432], [102.2419911, 15.7494134], [102.2418918, 15.7492863], [102.2417603, 15.749168], [102.2416071, 15.7490301], [102.2415206, 15.7489522], [102.2414783, 15.7489303], [102.2412585, 15.7488163], [102.2412439, 15.7488087], [102.2410059, 15.7487089], [102.2407384, 15.7486612], [102.240179, 15.7486752], [102.2400144, 15.7486794], [102.2392601, 15.7487053], [102.2382606, 15.7486538], [102.2379169, 15.7486072], [102.2376562, 15.7485151], [102.2374556, 15.748363], [102.2373392, 15.7482319], [102.2370803, 15.7477706], [102.2369607, 15.7474401], [102.2368172, 15.7470436], [102.2365861, 15.7464121], [102.236389, 15.7460015], [102.236179, 15.7457389], [102.2360061, 15.7456084], [102.2358241, 15.745471], [102.235524, 15.7452982], [102.2352864, 15.7452132], [102.2346901, 15.7451113], [102.2344757, 15.745048], [102.2342066, 15.7449044], [102.2341611, 15.7448764], [102.2339603, 15.744753], [102.2335398, 15.7443483], [102.2332287, 15.7440489], [102.2328576, 15.7437072], [102.2327027, 15.7435645], [102.2323747, 15.7433922], [102.2323039, 15.7433751], [102.2320672, 15.7433182], [102.2320278, 15.7433087], [102.2316601, 15.7433295], [102.2313786, 15.7434159], [102.2311767, 15.7435247], [102.2310401, 15.7436806], [102.2309678, 15.7438164], [102.2309303, 15.7439612], [102.230914, 15.7441827], [102.2310067, 15.7447057], [102.2310299, 15.744917], [102.2310325, 15.7450805], [102.2310053, 15.7452444], [102.2309236, 15.7454188], [102.2308609, 15.7454943], [102.2308075, 15.7455587], [102.2307579, 15.7456184], [102.2307366, 15.7456308], [102.2305463, 15.7457418], [102.2304127, 15.7457727], [102.2303034, 15.7457743], [102.2302187, 15.7457563], [102.2298543, 15.7455937], [102.2297285, 15.7455375], [102.2294745, 15.7454177], [102.2293232, 15.7453463], [102.2290984, 15.7452631], [102.2288643, 15.7452233], [102.2288362, 15.7452221], [102.2288098, 15.745221], [102.2286059, 15.7452126], [102.2284074, 15.7452204], [102.2281744, 15.7452479], [102.2279323, 15.7453285], [102.2277453, 15.7454419], [102.2276434, 15.7455877], [102.2276395, 15.7456084], [102.227593, 15.7458578], [102.2275779, 15.746161], [102.2276384, 15.7468432], [102.2276744, 15.7475545], [102.2276739, 15.7478335], [102.2276122, 15.7480172], [102.2275398, 15.7481482], [102.2274375, 15.7482747], [102.2272703, 15.748383], [102.2271465, 15.748426], [102.2271007, 15.7484418], [102.227053, 15.7484584], [102.226995, 15.7484652], [102.2267704, 15.7484915], [102.2267349, 15.7484915], [102.226383, 15.7484924], [102.2255621, 15.7484035], [102.2251018, 15.7483494], [102.2248356, 15.7483181], [102.2247359, 15.7483105], [102.2239356, 15.7482496], [102.2236236, 15.7482135], [102.2233833, 15.7481857], [102.2232717, 15.7481546], [102.2231538, 15.7481217], [102.2229286, 15.7480144], [102.2229119, 15.7480055], [102.2222875, 15.7476728], [102.2218917, 15.7474526], [102.2212332, 15.74716], [102.2211164, 15.7471081], [102.2209339, 15.7469935], [102.2206599, 15.7468214], [102.2203997, 15.7466954], [102.2202152, 15.74665], [102.2200117, 15.7466578], [102.2198089, 15.746709], [102.2196755, 15.7467683], [102.2196412, 15.7467836], [102.2194248, 15.7469215], [102.2192481, 15.7470539], [102.2191657, 15.747185], [102.219144, 15.7473826], [102.2191714, 15.7475457], [102.2192533, 15.7476984], [102.2193387, 15.7477691], [102.2194646, 15.7478733], [102.2201206, 15.7482099], [102.2205561, 15.7484247], [102.2210972, 15.7487246], [102.2214867, 15.7488583], [102.2219885, 15.7489678], [102.2220648, 15.7489844], [102.2226795, 15.7492206], [102.2227026, 15.7492317], [102.2228984, 15.7493258], [102.2230098, 15.7493793], [102.223062, 15.7494232], [102.2233188, 15.7496387], [102.223342, 15.7496582], [102.2234739, 15.7498342], [102.2235257, 15.7499729], [102.2235475, 15.7500928], [102.2235463, 15.7503334], [102.2235336, 15.750473], [102.2234472, 15.7506619], [102.2233664, 15.7507474], [102.2233372, 15.7507782], [102.2232811, 15.7508375], [102.2230401, 15.7509854], [102.2228182, 15.7510586], [102.2225213, 15.7511566], [102.2218923, 15.7512718], [102.2213282, 15.7514969], [102.2211915, 15.7515515], [102.2205422, 15.7519555], [102.2203848, 15.7520781], [102.2202963, 15.752147], [102.2201644, 15.7522497], [102.2201328, 15.7522652], [102.2197307, 15.752463], [102.2192166, 15.7526149], [102.2188746, 15.7526632], [102.2185816, 15.7526627], [102.2182975, 15.7525996], [102.2180181, 15.752522], [102.2178127, 15.7524096], [102.2175806, 15.7521821], [102.2172292, 15.7516293], [102.2171256, 15.7513567], [102.2168836, 15.750734], [102.2168357, 15.7506106], [102.2166777, 15.750358], [102.2165107, 15.7501584], [102.2163397, 15.7500215], [102.2163254, 15.7500144], [102.2162781, 15.749991], [102.2161795, 15.7499421], [102.2160649, 15.7499197], [102.2159213, 15.7499459], [102.2157637, 15.7500348], [102.2156175, 15.7502101], [102.2155884, 15.7502741], [102.2155786, 15.7502956], [102.2154831, 15.7505055], [102.2154523, 15.7506469], [102.2154331, 15.7507354], [102.2153608, 15.7510677], [102.21527, 15.7514851], [102.2152463, 15.7518703], [102.2152165, 15.7525008], [102.2151723, 15.7530372], [102.2151581, 15.7532088], [102.2150019, 15.7536969], [102.2148442, 15.7540112], [102.2147914, 15.7541164], [102.2147515, 15.754196], [102.2145372, 15.7544686], [102.2143596, 15.7545998], [102.2143114, 15.7546354], [102.2140943, 15.75473], [102.2138466, 15.7547674], [102.2135636, 15.7547764], [102.2133571, 15.7547576], [102.2130165, 15.7547267], [102.2125289, 15.7546762], [102.2124653, 15.7546771], [102.2124153, 15.7546779], [102.2121764, 15.7546814], [102.2118989, 15.754724], [102.2113788, 15.7548353], [102.2113197, 15.754848], [102.2109331, 15.7549018], [102.2109119, 15.7549021], [102.2108454, 15.7549031], [102.2106898, 15.7549053], [102.2104756, 15.7548652], [102.2103692, 15.754836], [102.2101763, 15.7547831], [102.2096071, 15.7545942], [102.2090126, 15.7543721], [102.2086665, 15.7542108], [102.2085823, 15.7541716], [102.2083019, 15.7540266], [102.208122, 15.7539619], [102.2079229, 15.753936], [102.2077442, 15.7539386], [102.2075908, 15.7539746], [102.2075382, 15.7540133], [102.2074042, 15.754112], [102.207333, 15.7541893], [102.2072919, 15.7542339], [102.2072248, 15.7543888], [102.2071361, 15.7547295], [102.2071286, 15.7547583], [102.2071217, 15.7547848], [102.207044, 15.755214], [102.2068056, 15.7558429], [102.2065707, 15.7561919], [102.2064886, 15.7563138], [102.2063348, 15.7565425], [102.2062031, 15.756677], [102.2059802, 15.7569048], [102.2059192, 15.7569671], [102.2058748, 15.756997], [102.2056784, 15.7571293], [102.2054365, 15.7572243], [102.2052434, 15.7572608], [102.2050449, 15.7572734], [102.2050067, 15.7572667], [102.2048785, 15.7572444], [102.2048158, 15.7572334], [102.204516, 15.7571224], [102.2044596, 15.7570814], [102.2042697, 15.7569434], [102.2041593, 15.7568631], [102.20412, 15.7568096], [102.2040546, 15.7567206], [102.204002, 15.756649], [102.2039698, 15.7565003], [102.2039682, 15.7563945], [102.2040056, 15.7562449], [102.2040137, 15.7562241], [102.2042062, 15.7557368], [102.2042725, 15.755529], [102.2042893, 15.7553364], [102.2042616, 15.755154], [102.2041894, 15.7548962], [102.2040281, 15.7545177], [102.2040027, 15.7544724], [102.203604, 15.7537639], [102.2034962, 15.7535394], [102.2033795, 15.7533044], [102.2032757, 15.7530953], [102.2031614, 15.7527796], [102.2031346, 15.7526501], [102.2030784, 15.7522324], [102.2030108, 15.752041], [102.2029516, 15.751941], [102.2029036, 15.7518598], [102.2027948, 15.7517202], [102.2027516, 15.7516648], [102.2026717, 15.751596], [102.2025861, 15.7515223], [102.2025703, 15.7515088], [102.2019991, 15.7511901], [102.2017295, 15.7511026], [102.2015286, 15.7510608], [102.2014704, 15.7510487], [102.2013308, 15.7510171], [102.2012254, 15.7509417], [102.2008566, 15.7505479], [102.2003275, 15.750065], [102.2002207, 15.749903], [102.2001889, 15.7497736], [102.2001873, 15.7496758], [102.2001865, 15.7496246], [102.2001986, 15.7495121], [102.2002082, 15.7494222], [102.200344, 15.7492134], [102.2005152, 15.7490473], [102.2006823, 15.7489342], [102.2009125, 15.7487288], [102.2010595, 15.7486016], [102.2011139, 15.7485715], [102.2012023, 15.7485225], [102.2012312, 15.7485141], [102.2013062, 15.7484921], [102.2013619, 15.7484868], [102.2014252, 15.7484808], [102.2015246, 15.7484841], [102.2017642, 15.7485624], [102.2023097, 15.7488237], [102.2026565, 15.749088], [102.2027522, 15.7491732], [102.2028137, 15.7492925], [102.2028808, 15.7494551], [102.2030988, 15.7497357], [102.2032447, 15.7498538], [102.2033472, 15.7499178], [102.2034491, 15.749942], [102.2036136, 15.7499397], [102.2036297, 15.7499387], [102.2036544, 15.7499372], [102.2039212, 15.7499208], [102.2039926, 15.7499068], [102.2044467, 15.7498176], [102.2044586, 15.7498154], [102.2047005, 15.7497761], [102.2048757, 15.7497114], [102.2050398, 15.7496159], [102.2051554, 15.7495004], [102.2051654, 15.7494867], [102.2051735, 15.7494756], [102.2052809, 15.7493279], [102.2053374, 15.7491874], [102.2053405, 15.7491275], [102.2053449, 15.7490384], [102.2053497, 15.7489442], [102.2052931, 15.748402], [102.2052617, 15.7482861], [102.2052024, 15.7480671], [102.2050804, 15.7477793], [102.2048338, 15.7472134], [102.2047646, 15.7470547], [102.204512, 15.7466136], [102.203783, 15.7454823], [102.2036965, 15.7453482], [102.2033884, 15.7447734], [102.2030526, 15.7441319], [102.2029743, 15.7439704], [102.2027712, 15.7435516], [102.2026286, 15.743324], [102.2025849, 15.7432544], [102.202565, 15.7432052], [102.202435, 15.7428842], [102.2019016, 15.7419042], [102.2017193, 15.7415138], [102.2016461, 15.741277], [102.2015821, 15.7408128], [102.2015799, 15.740797], [102.2015881, 15.7403003], [102.2016067, 15.7401242], [102.2016303, 15.7399274], [102.201677, 15.7394974], [102.2016932, 15.7393233], [102.2016953, 15.7393006], [102.2016802, 15.7392298], [102.201677, 15.7392147], [102.2016722, 15.7391923], [102.2016298, 15.7391182], [102.2015367, 15.739065], [102.2014032, 15.7390618], [102.2012812, 15.7391153], [102.2011612, 15.7391933], [102.2011183, 15.7392212], [102.2009512, 15.7393717], [102.2006417, 15.7396861], [102.2005848, 15.739744], [102.2003157, 15.7399603], [102.2002857, 15.7399773], [102.2000522, 15.740109], [102.1997546, 15.7402035], [102.1995426, 15.740242], [102.1994091, 15.7402517], [102.1993202, 15.7402582], [102.1990508, 15.7402428], [102.1988108, 15.7401981], [102.1985603, 15.7401181], [102.1984138, 15.7400504], [102.1981955, 15.7399496], [102.1978468, 15.7397488], [102.1977382, 15.7396893], [102.1976122, 15.7396203], [102.1974937, 15.7395257], [102.1973665, 15.7394243], [102.1970991, 15.7392187], [102.1969394, 15.7390959], [102.1966701, 15.73892], [102.1966406, 15.7389007], [102.1966234, 15.7388947], [102.1965111, 15.7388551], [102.1965002, 15.7388513], [102.1963803, 15.7388338], [102.1962375, 15.7388359], [102.1960622, 15.7388867], [102.1958808, 15.7389795], [102.195756, 15.7390682], [102.1956546, 15.7391727], [102.195551, 15.739348], [102.1953436, 15.7398569], [102.1953174, 15.7399211], [102.1950748, 15.7405586], [102.195024, 15.7406654], [102.1949622, 15.7407952], [102.1948221, 15.7409711], [102.1946956, 15.7410823], [102.1946844, 15.7410922], [102.1945723, 15.7411517], [102.194404, 15.7412218], [102.1942216, 15.7412731], [102.1940301, 15.741327], [102.1936201, 15.7414554], [102.1933169, 15.7415749], [102.1933063, 15.741579], [102.1931771, 15.7416034], [102.1930442, 15.7416022], [102.1929475, 15.7415843], [102.1928604, 15.7415373], [102.1927389, 15.7414168], [102.1926296, 15.7412317], [102.1925738, 15.741062], [102.1925436, 15.7408208], [102.1925131, 15.7405769], [102.1924568, 15.7401625], [102.1923788, 15.7398547], [102.1923618, 15.7398039], [102.1923501, 15.739769], [102.1922952, 15.7396049], [102.1921479, 15.7393206], [102.1920389, 15.7391517], [102.191944, 15.7390308], [102.1918599, 15.7389676], [102.191716, 15.7389021], [102.1915226, 15.7388599], [102.1914832, 15.7388605], [102.1913748, 15.7388621], [102.1912136, 15.7388644], [102.1907625, 15.7389161], [102.1904047, 15.7389857], [102.1900236, 15.7390524], [102.1898412, 15.7390712], [102.1897116, 15.7390731], [102.1895748, 15.7390397], [102.1894477, 15.7389869], [102.189392, 15.7389575], [102.1893405, 15.7389305], [102.1891465, 15.7387695], [102.1891385, 15.7387629], [102.1891161, 15.7387486], [102.1889606, 15.7386496], [102.1888578, 15.7386055], [102.1887867, 15.7385749], [102.18864, 15.7385481], [102.188514, 15.7385596], [102.1883482, 15.7385878], [102.1880902, 15.7386624], [102.1878621, 15.7387365], [102.1877368, 15.7388027], [102.1876189, 15.7389074], [102.1875537, 15.7389921], [102.1875123, 15.7391085], [102.1875104, 15.7391954], [102.1875387, 15.7393044], [102.1876776, 15.7396918], [102.187708, 15.7397615], [102.1878017, 15.7399765], [102.187851, 15.7401592], [102.1878634, 15.7403135], [102.187863, 15.7403495], [102.1878621, 15.7404119], [102.1878619, 15.7404294], [102.1878275, 15.7405683], [102.1877698, 15.7407043], [102.1877596, 15.7407167], [102.1876431, 15.7408577], [102.1876165, 15.74089], [102.1875847, 15.7409166], [102.1874779, 15.7410058], [102.1874361, 15.7410406], [102.1873108, 15.7411004], [102.1872114, 15.7411179], [102.1870849, 15.7411069], [102.187052, 15.7410963], [102.1869513, 15.7410638], [102.1868172, 15.7409853], [102.1866993, 15.7408841], [102.1865029, 15.7406456], [102.1862594, 15.7403788], [102.1860805, 15.7402012], [102.1859628, 15.7401096], [102.1858959, 15.7400769], [102.1858469, 15.7400529], [102.1858222, 15.7400408], [102.1856621, 15.7400013], [102.1855157, 15.7399938], [102.1853596, 15.7399993], [102.1851475, 15.7400314], [102.1849558, 15.7400985], [102.1848472, 15.7401709], [102.1846999, 15.7403115], [102.1844656, 15.7406271], [102.1842302, 15.7408984], [102.1841914, 15.7409433], [102.1835495, 15.7415513], [102.1832841, 15.7417933], [102.1831502, 15.7419401], [102.1829976, 15.7421708], [102.1829466, 15.74231], [102.1829253, 15.742439], [102.1829274, 15.7425741], [102.1829285, 15.7426433], [102.18293, 15.7427393], [102.1829336, 15.7429699], [102.182938, 15.743021], [102.1829498, 15.7431563], [102.1829716, 15.7432751], [102.1830001, 15.7434002], [102.1830235, 15.7434519], [102.1830449, 15.7434993], [102.1830663, 15.7435298], [102.1831366, 15.7436299], [102.1831569, 15.7436694], [102.1832189, 15.7437896], [102.1833442, 15.7441547], [102.1833646, 15.7442011], [102.1833821, 15.744241], [102.1834432, 15.744327], [102.1834595, 15.7443402], [102.1835449, 15.7444097], [102.1835678, 15.7444282], [102.1837686, 15.7445186], [102.1839184, 15.7445389], [102.1841138, 15.7445448], [102.1841345, 15.7445454], [102.1844428, 15.7444991], [102.184655, 15.744467], [102.1848909, 15.7444636], [102.1850606, 15.7444804], [102.1852041, 15.7445137], [102.1854714, 15.7446128], [102.1861045, 15.744935], [102.1868651, 15.7453326], [102.1871666, 15.7454891], [102.1872406, 15.7455492], [102.187278, 15.7456001], [102.1872972, 15.7456701], [102.1873211, 15.7458087], [102.1873369, 15.7459662], [102.1873201, 15.7461724], [102.187289, 15.7463048], [102.187242, 15.7464857], [102.1872374, 15.7464954], [102.1871722, 15.746634], [102.1870972, 15.7467936], [102.1870561, 15.7468465], [102.1869148, 15.747028], [102.186722, 15.7472368], [102.1865449, 15.7473874], [102.1864367, 15.7474471], [102.1863472, 15.7474965], [102.1861585, 15.7475411], [102.1859589, 15.7475311], [102.1857023, 15.7474802], [102.1855013, 15.7473769], [102.1854459, 15.7473332], [102.185333, 15.7472442], [102.1852617, 15.7471795], [102.1850465, 15.7469845], [102.184745, 15.7466124], [102.184399, 15.7461636], [102.1842843, 15.7460559], [102.1840622, 15.7458725], [102.1836618, 15.7455565], [102.1831198, 15.7451074], [102.1830345, 15.7450427], [102.1827499, 15.7448264], [102.1825716, 15.7446906], [102.1823273, 15.7445815], [102.1821404, 15.7445295], [102.1819938, 15.7445027], [102.1817977, 15.7445024], [102.1816184, 15.7445114], [102.1814328, 15.7445431], [102.1814196, 15.7445464], [102.1813769, 15.7445572], [102.1812971, 15.7445773], [102.1811751, 15.7446402], [102.1811065, 15.744712], [102.1810415, 15.7448095], [102.1809778, 15.7449874], [102.1809411, 15.7451907], [102.1809243, 15.7453873], [102.1809283, 15.7456447], [102.1809386, 15.7458795], [102.1809505, 15.7460081], [102.180993, 15.7461716], [102.1810282, 15.746303], [102.1810432, 15.746409], [102.1810348, 15.7465121], [102.1810056, 15.7466857], [102.18094, 15.7468833], [102.1809313, 15.7469095], [102.1807911, 15.7471949], [102.1807832, 15.7472109], [102.1807431, 15.7472634], [102.1807053, 15.7473128], [102.1806464, 15.74739], [102.180499, 15.7475273], [102.1803146, 15.7476362], [102.1801296, 15.7477097], [102.179931, 15.7477576], [102.1797684, 15.7477761], [102.1796187, 15.7477654], [102.1794352, 15.7477166], [102.17926, 15.7476458], [102.1792279, 15.7476327], [102.1791001, 15.7475381], [102.179005, 15.7474043], [102.1789765, 15.7472824], [102.1789381, 15.746739], [102.1789488, 15.7465715], [102.1789789, 15.746416], [102.1789888, 15.746365], [102.1789886, 15.7461365], [102.1789709, 15.7458535], [102.1789523, 15.7457728], [102.1789031, 15.7455584], [102.1787673, 15.7451581], [102.1787082, 15.7449916], [102.1786936, 15.7449049], [102.1786924, 15.7448277], [102.1787142, 15.7447111], [102.1787261, 15.744647], [102.1787464, 15.7444568], [102.1787435, 15.7444199], [102.1787425, 15.7444081], [102.1787382, 15.7443539], [102.1786998, 15.7442386], [102.1786916, 15.7442291], [102.1786832, 15.7442194], [102.1786254, 15.7441528], [102.1785114, 15.7440869], [102.1783677, 15.7440375], [102.1782312, 15.7440202], [102.1780983, 15.7440221], [102.1779691, 15.7440497], [102.1779333, 15.7440634], [102.1777841, 15.74412], [102.1775955, 15.744242], [102.1775703, 15.7442583], [102.1772752, 15.7445137], [102.1770597, 15.7447614], [102.1769329, 15.7449371], [102.176833, 15.7451381], [102.176753, 15.7453387], [102.1767149, 15.745452], [102.1766941, 15.74561], [102.1766185, 15.745875], [102.176489, 15.7460957], [102.1763235, 15.7463524], [102.1761993, 15.7464861], [102.176071, 15.7465717], [102.1760105, 15.7465942], [102.1759719, 15.7466085], [102.1758789, 15.7466131], [102.1757688, 15.7465857], [102.1756277, 15.7464848], [102.1756044, 15.7464576], [102.1753332, 15.7461415], [102.1751564, 15.7458834], [102.1750774, 15.7457766], [102.1748631, 15.745487], [102.1746948, 15.7452593], [102.1745634, 15.7451304], [102.1745429, 15.7451103], [102.1745189, 15.7450795], [102.174431, 15.7449671], [102.1743495, 15.7448383], [102.174322, 15.7447949], [102.1742031, 15.7446293], [102.1740006, 15.7444262], [102.1737955, 15.7442903], [102.1737488, 15.7442593], [102.1737293, 15.744251], [102.1734878, 15.7441473], [102.1732608, 15.7440798], [102.173072, 15.744044], [102.1729608, 15.744023], [102.1727678, 15.7440065], [102.1724877, 15.7440085], [102.1723392, 15.7440095], [102.1720235, 15.7440118], [102.1714653, 15.7440158], [102.1709134, 15.7440129], [102.1706544, 15.7440115], [102.1701091, 15.7439905], [102.1698824, 15.7439391], [102.1697587, 15.7438958], [102.1695783, 15.7437896], [102.1694334, 15.7437042], [102.1692793, 15.743626], [102.1691326, 15.7435928], [102.1690626, 15.7435888], [102.1690476, 15.743588], [102.1689962, 15.7435851], [102.1688733, 15.7435869], [102.1687869, 15.7436049], [102.1687574, 15.7436111], [102.1684662, 15.7437177], [102.1684369, 15.7437284], [102.1684209, 15.7437379], [102.1683327, 15.7437906], [102.1681109, 15.743923], [102.1679206, 15.7440803], [102.1675426, 15.7443497], [102.1672658, 15.7445452], [102.1672402, 15.7445633], [102.1671944, 15.7445853], [102.1670126, 15.7446728], [102.1666923, 15.744803], [102.1663612, 15.744885], [102.1661489, 15.7449074], [102.1658663, 15.7448987], [102.1655633, 15.7448612], [102.1655324, 15.7448524], [102.1652729, 15.7447785], [102.1650951, 15.7447141], [102.1647182, 15.7445774], [102.1646192, 15.7445377], [102.1644473, 15.7444687], [102.1640349, 15.7442333], [102.1639639, 15.7441842], [102.16383, 15.7440915], [102.1638194, 15.7440807], [102.1637153, 15.743975], [102.1636612, 15.7439201], [102.1634276, 15.7436435], [102.1633015, 15.7434361], [102.1632084, 15.7432186], [102.1631915, 15.7429872], [102.1631903, 15.7429132], [102.1631998, 15.7428841], [102.1632189, 15.7428258], [102.163327, 15.7427245], [102.1634671, 15.7426358], [102.1635508, 15.7425829], [102.163775, 15.7424702], [102.1641487, 15.7423521], [102.1644765, 15.7422765], [102.1648707, 15.7421936], [102.1652289, 15.7421497], [102.1654036, 15.7421135], [102.1656091, 15.7420708], [102.1657456, 15.7420425], [102.1658523, 15.7419993], [102.1659933, 15.7419423], [102.1662115, 15.7418169], [102.1662634, 15.7417871], [102.1665164, 15.7416], [102.166644, 15.7414726], [102.166696, 15.7414011], [102.1667248, 15.7413298], [102.1667262, 15.7412563], [102.1667267, 15.7412333], [102.1667216, 15.7411239], [102.1667091, 15.7410911], [102.1666801, 15.7410151], [102.1666636, 15.7409908], [102.1666058, 15.740906], [102.1664761, 15.7407155], [102.1663049, 15.7404844], [102.1662521, 15.740413], [102.166182, 15.7403079], [102.1657077, 15.739597], [102.165384, 15.7390803], [102.1653449, 15.7390347], [102.1652859, 15.7389659], [102.1651441, 15.7388514], [102.1650941, 15.738811], [102.1650264, 15.7387525], [102.1650099, 15.7387382], [102.1648708, 15.7385568], [102.1647274, 15.738289], [102.1646313, 15.7381097], [102.1645958, 15.7380559], [102.1644543, 15.7378419], [102.1643124, 15.7376895], [102.1641343, 15.7375601], [102.1639031, 15.7374379], [102.1634957, 15.7373055], [102.1632954, 15.7372504], [102.1632177, 15.7372246], [102.1631284, 15.7371949], [102.1630518, 15.7371832], [102.1629954, 15.7371872], [102.1629293, 15.7372107], [102.16286, 15.7372439], [102.1628078, 15.7372844], [102.1627418, 15.7373357], [102.1625785, 15.7375183], [102.1624714, 15.737684], [102.1623975, 15.737846], [102.1623544, 15.7380687], [102.1623357, 15.7383619], [102.1623569, 15.7386609], [102.1623667, 15.7386989], [102.1624064, 15.7388532], [102.1624824, 15.7390388], [102.1625706, 15.7391598], [102.1626681, 15.7392629], [102.1629468, 15.7395575], [102.1631181, 15.7397473], [102.1632027, 15.7398827], [102.1632476, 15.7399546], [102.1632819, 15.7400281], [102.1632999, 15.740118], [102.1633075, 15.7402071], [102.1633052, 15.7402197], [102.1632865, 15.7403242], [102.1632413, 15.7404117], [102.1631628, 15.7404869], [102.1630508, 15.7405529], [102.1628986, 15.7405937], [102.1627658, 15.7406021], [102.1626342, 15.7405832], [102.1625826, 15.7405758], [102.1624706, 15.7405386], [102.1622853, 15.7404771], [102.1620657, 15.7404002], [102.1618564, 15.740327], [102.1617908, 15.740304], [102.1617563, 15.7402966], [102.1616375, 15.7402709], [102.1613846, 15.740252], [102.1609354, 15.7402167], [102.1604872, 15.7402425], [102.1601555, 15.7402763], [102.160013, 15.7403041], [102.1599073, 15.7403442], [102.1598018, 15.7404037], [102.1597136, 15.7404983], [102.1595775, 15.7407223], [102.1594057, 15.7410016], [102.159211, 15.7413038], [102.1591437, 15.7414296], [102.1591173, 15.7414789], [102.1590873, 15.7415178], [102.1590294, 15.7415929], [102.1589968, 15.7416352], [102.1589469, 15.7416667], [102.158773, 15.7417768], [102.1586264, 15.7418463], [102.1584299, 15.7419395], [102.1581652, 15.7420141], [102.1578701, 15.7420538], [102.15784, 15.7420542], [102.157674, 15.7420566], [102.1574374, 15.7420118], [102.1572572, 15.7419614], [102.1571437, 15.7419297], [102.157087, 15.7419139], [102.1567453, 15.7417386], [102.1563763, 15.7415122], [102.1562604, 15.7414191], [102.1560499, 15.7412498], [102.1560012, 15.7411855], [102.1558814, 15.7410274], [102.1558497, 15.7409856], [102.1557671, 15.7408001], [102.155736, 15.7407201], [102.1557282, 15.7406494], [102.1557273, 15.7405915], [102.1557312, 15.7405679], [102.1557395, 15.7405173], [102.155771, 15.7404074], [102.1558509, 15.7402003], [102.1559958, 15.7399021], [102.1561739, 15.739597], [102.1562393, 15.7395316], [102.1563514, 15.7394471], [102.1563872, 15.7394201], [102.1566504, 15.7392489], [102.1567611, 15.7391678], [102.1569177, 15.7390532], [102.1569688, 15.7390158], [102.1569822, 15.7390059], [102.1569906, 15.7389976], [102.1571033, 15.7388851], [102.1571389, 15.7388399], [102.1571881, 15.7387777], [102.1572262, 15.7386677], [102.1572305, 15.7386054], [102.1572344, 15.7385485], [102.1572219, 15.7383877], [102.1571644, 15.7381053], [102.1571291, 15.7379351], [102.1570638, 15.7376208], [102.1570047, 15.7374479], [102.1569566, 15.7373488], [102.156945, 15.7373347], [102.1568999, 15.73728], [102.1568754, 15.7372502], [102.1567307, 15.7371332], [102.1566292, 15.7370156], [102.1565375, 15.7368882], [102.1565138, 15.7368333], [102.1565042, 15.736811], [102.1564961, 15.7367923], [102.1564944, 15.7367794], [102.1564848, 15.7367087], [102.156487, 15.7366315], [102.1565007, 15.7364901], [102.1565042, 15.7364542], [102.1565412, 15.736267], [102.1565987, 15.7361181], [102.1566962, 15.7359783], [102.1567737, 15.7359091], [102.1568512, 15.7358398], [102.1568779, 15.7358216], [102.1569884, 15.7357488], [102.1570522, 15.7357125], [102.1572783, 15.7355837], [102.1573996, 15.7355046], [102.1574198, 15.7354915], [102.1574446, 15.7354639], [102.1574546, 15.7354528], [102.1574786, 15.7354263], [102.1575055, 15.7353824], [102.1575166, 15.7353643], [102.1575304, 15.7353419], [102.1575431, 15.7353049], [102.1575781, 15.7352028], [102.1576129, 15.7349867], [102.1576175, 15.7349576], [102.1576171, 15.7349283], [102.1576136, 15.7347034], [102.1575816, 15.7345655], [102.1575058, 15.734396], [102.1573635, 15.7342178], [102.1571915, 15.7340771], [102.1571818, 15.7340692], [102.1571357, 15.7340448], [102.1570493, 15.7339989], [102.1569573, 15.7339501], [102.1567804, 15.733898], [102.1565873, 15.7338718], [102.156498, 15.7338743], [102.1563547, 15.7338784], [102.1560928, 15.7339144], [102.1558376, 15.7339567], [102.1557064, 15.7339731], [102.1555505, 15.7339926], [102.1554595, 15.734004], [102.1551939, 15.7340207], [102.1550011, 15.7340139], [102.1548861, 15.7339922], [102.1548744, 15.7339899], [102.1547807, 15.733943], [102.1547367, 15.7338954], [102.1547054, 15.7338025], [102.154704, 15.7337156], [102.154729, 15.7336123], [102.1548746, 15.7333559], [102.1550246, 15.7331703], [102.1551911, 15.7329812], [102.1552919, 15.7328959], [102.155342, 15.7328535], [102.1554885, 15.7327527], [102.1555426, 15.7327154], [102.1556739, 15.7326073], [102.1557881, 15.7324964], [102.1557983, 15.7324864], [102.1558394, 15.7324345], [102.1558602, 15.7324083], [102.1559257, 15.7323462], [102.1560013, 15.7322936], [102.15604, 15.732267], [102.1561388, 15.7321992], [102.1562216, 15.7321424], [102.1564878, 15.7319184], [102.1565759, 15.7318444], [102.1566115, 15.7317859], [102.1566172, 15.7317247], [102.1566154, 15.7316961], [102.1566147, 15.7316857], [102.1566085, 15.7315896], [102.1565364, 15.7314394], [102.1564619, 15.7313504], [102.1564457, 15.7313416], [102.1563514, 15.7312908], [102.1563364, 15.7312855], [102.1562043, 15.7312382], [102.1559677, 15.7311902], [102.1557374, 15.7311291], [102.1555633, 15.7310448], [102.1554622, 15.7309529], [102.1553975, 15.7308476], [102.1553795, 15.7307578], [102.1553784, 15.7306902], [102.1554071, 15.7306125], [102.1554526, 15.7305411], [102.155538, 15.7304819], [102.1558325, 15.7303972], [102.1559619, 15.7303597], [102.1561368, 15.7303091], [102.1561628, 15.7303018], [102.1562824, 15.7302684], [102.1563799, 15.7302117], [102.1563977, 15.7301964], [102.156549, 15.7300662], [102.1566551, 15.7299682], [102.1567062, 15.7299209], [102.1567532, 15.7298517], [102.1568044, 15.7297764], [102.1569482, 15.7295226], [102.157075, 15.7293148], [102.1571794, 15.7291931], [102.1572962, 15.7291056], [102.1574139, 15.7290753], [102.1575674, 15.7290731], [102.1576609, 15.7290891], [102.1577214, 15.7290994], [102.1579295, 15.7291822], [102.1582992, 15.7294366], [102.1586797, 15.7297049], [102.1588512, 15.7298258], [102.1589467, 15.7298931], [102.1590142, 15.7299513], [102.159414, 15.7302966], [102.1596096, 15.7304881], [102.1598467, 15.73072], [102.1599523, 15.7307837], [102.1600139, 15.7308072], [102.1600376, 15.7308162], [102.1601224, 15.7308198], [102.1602018, 15.7308018], [102.1604099, 15.7307191], [102.1604889, 15.7306759], [102.1605493, 15.7306428], [102.1607089, 15.7305555], [102.1607771, 15.7305072], [102.1611403, 15.7302499], [102.1615293, 15.7299401], [102.1616523, 15.7298223], [102.1617749, 15.7297048], [102.1619047, 15.7295557], [102.1619988, 15.7294225], [102.1620632, 15.7293313], [102.1623841, 15.7288125], [102.1625017, 15.7285863], [102.1625245, 15.7285426], [102.1625304, 15.7285234], [102.1625673, 15.7284044], [102.1626049, 15.7282828], [102.1626266, 15.7282128], [102.1626402, 15.7281281], [102.1626435, 15.7280194], [102.1626386, 15.7279726], [102.1625968, 15.727576], [102.1625186, 15.7272208], [102.1624628, 15.7269672], [102.1622794, 15.7263914], [102.1622218, 15.7262104], [102.1620565, 15.7257841], [102.1620245, 15.7257015], [102.1619479, 15.7255819], [102.1617964, 15.7254538], [102.1616433, 15.725386], [102.1615388, 15.7253626], [102.1614408, 15.7253407], [102.1614279, 15.7253384], [102.1612234, 15.7253028], [102.1610163, 15.7252889], [102.1608595, 15.7253032], [102.1607266, 15.7253317], [102.1606062, 15.7253576], [102.1604751, 15.7253904], [102.1604423, 15.7253986], [102.1603656, 15.7254335], [102.1602055, 15.7255541], [102.1599194, 15.7257465], [102.1597858, 15.7258088], [102.1596019, 15.7258453], [102.1594552, 15.7258643], [102.159328, 15.7258589], [102.1592154, 15.7258291], [102.1591136, 15.7257758], [102.1590885, 15.7257624], [102.1589182, 15.7256283], [102.1587893, 15.7255094], [102.1587471, 15.7254538], [102.1586824, 15.7253686], [102.1586103, 15.7252563], [102.1585241, 15.7251222], [102.1583439, 15.7248829], [102.1583282, 15.724862], [102.1581778, 15.7246421], [102.1581031, 15.7244838], [102.1580036, 15.7243356], [102.1578962, 15.7242084], [102.1578868, 15.7241973], [102.1577457, 15.7241004], [102.1576205, 15.7240563], [102.1575355, 15.7240407], [102.1573909, 15.7240404], [102.1571795, 15.7240676], [102.1569287, 15.7241219], [102.1568684, 15.72414], [102.15676, 15.7241726], [102.1565844, 15.724262], [102.1564247, 15.7243765], [102.1564154, 15.7243841], [102.1563076, 15.7244902], [102.156245, 15.7245518], [102.1561743, 15.7246566], [102.1561303, 15.7247328], [102.1560505, 15.7248708], [102.1558666, 15.7252235], [102.1556947, 15.7255518], [102.1556245, 15.725688], [102.1555509, 15.7257722], [102.1554204, 15.725921], [102.1552859, 15.7260309], [102.1549915, 15.7261679], [102.1546939, 15.7262663], [102.1544976, 15.7263054], [102.1541817, 15.7263413], [102.1540733, 15.7263457], [102.1539924, 15.7263489], [102.153974, 15.7263462], [102.1538875, 15.7263335], [102.153662, 15.7262547], [102.153652, 15.7262509], [102.1535517, 15.7262128], [102.1535088, 15.7261773], [102.1534782, 15.7261318], [102.1534651, 15.726091], [102.1534645, 15.72605], [102.1534759, 15.725987], [102.1535098, 15.725919], [102.1535558, 15.7258642], [102.1535856, 15.7258286], [102.153665, 15.7257371], [102.1537595, 15.7256281], [102.1539285, 15.7254827], [102.1539492, 15.7254649], [102.1540448, 15.7253826], [102.1544337, 15.7250656], [102.1544982, 15.7250121], [102.1548102, 15.7247536], [102.1548313, 15.7247394], [102.1549508, 15.7246598], [102.1550726, 15.7245978], [102.1551412, 15.7245629], [102.1553169, 15.724488], [102.1553817, 15.7244499], [102.1554305, 15.7244212], [102.1555562, 15.7243276], [102.1555927, 15.7242827], [102.1556516, 15.7242104], [102.1557222, 15.7241056], [102.1558429, 15.7238504], [102.1560069, 15.7234931], [102.1561031, 15.7232673], [102.1561192, 15.723185], [102.1561453, 15.7230953], [102.1561546, 15.7230762], [102.1562032, 15.7229762], [102.1562079, 15.7229594], [102.1562434, 15.7228332], [102.1562571, 15.7227533], [102.1562608, 15.7225833], [102.1562673, 15.7222849], [102.1562397, 15.7221091], [102.1562115, 15.7218971], [102.1561944, 15.7218145], [102.1561631, 15.7216636], [102.1560102, 15.7209439], [102.1560072, 15.7209296], [102.1559796, 15.7207587], [102.1559736, 15.7206936], [102.1559728, 15.7206405], [102.1559819, 15.72058], [102.1560055, 15.7204976], [102.1560467, 15.7204222], [102.1561516, 15.7202758], [102.1562366, 15.7201322], [102.1562895, 15.7200035], [102.1563023, 15.7199574], [102.1563225, 15.7198847], [102.1563236, 15.7197954], [102.1563076, 15.7197256], [102.1562714, 15.7196417], [102.1562023, 15.7195196], [102.1560226, 15.7193411], [102.1558183, 15.7192024], [102.1555548, 15.7190679], [102.1551258, 15.7188622], [102.1550075, 15.7188055], [102.1548318, 15.7187235], [102.1545437, 15.7186239], [102.1543691, 15.7185805], [102.1542685, 15.7185555], [102.1541136, 15.7185311], [102.1540069, 15.7185307], [102.1539865, 15.7185306], [102.1539317, 15.7185407], [102.1538909, 15.7185482], [102.1538449, 15.7185568], [102.1536914, 15.7186241], [102.1534992, 15.7187621], [102.1533861, 15.7188675], [102.1533526, 15.7189179], [102.1533386, 15.7189388], [102.1533228, 15.7189626], [102.1532723, 15.7190792], [102.1532497, 15.7192292], [102.1532498, 15.7192761], [102.1532504, 15.7194367], [102.1532534, 15.7197915], [102.1532667, 15.7199116], [102.1533054, 15.7202591], [102.1533369, 15.7204063], [102.1533525, 15.7204749], [102.1533627, 15.7205196], [102.1533797, 15.7205945], [102.1533871, 15.7207917], [102.1533729, 15.7210151], [102.1533549, 15.7212084], [102.1533424, 15.7213417], [102.1533009, 15.7215182], [102.1532842, 15.7215543], [102.1531942, 15.7217488], [102.1531845, 15.7217684], [102.1531104, 15.7219174], [102.153053, 15.7220695], [102.1529989, 15.7222247], [102.1529499, 15.7222834], [102.1528445, 15.7223396], [102.1527022, 15.7223771], [102.1526532, 15.7223834], [102.1525629, 15.7223952], [102.1522339, 15.7223903], [102.152167, 15.722383], [102.1518145, 15.7223448], [102.1516159, 15.7223214], [102.1513285, 15.7222875], [102.1512089, 15.7222549], [102.1511716, 15.7222447], [102.1510945, 15.7222008], [102.1510208, 15.7221203], [102.15101, 15.7221087], [102.1509987, 15.722089], [102.1509298, 15.7219693], [102.15089, 15.7219001], [102.1508667, 15.7218597], [102.150863, 15.7218482], [102.1507514, 15.7214977], [102.1507051, 15.7212924], [102.1506958, 15.7212572], [102.1506839, 15.7212122], [102.1506822, 15.7210996], [102.1507106, 15.7210026], [102.1508209, 15.7208304], [102.1508344, 15.7208127], [102.1509586, 15.7206486], [102.1510033, 15.7205896], [102.1510567, 15.7205455], [102.1510658, 15.7205381], [102.1510787, 15.7205274], [102.1511494, 15.7204931], [102.1512634, 15.7204378], [102.1513372, 15.7203922], [102.1513649, 15.720375], [102.1514445, 15.7203258], [102.1515005, 15.7202717], [102.1516409, 15.7201363], [102.1518237, 15.7199244], [102.1518833, 15.7198369], [102.1519764, 15.7197002], [102.151994, 15.7196606], [102.1520856, 15.719454], [102.1521816, 15.7192176], [102.1523054, 15.7188816], [102.1523698, 15.7187064], [102.1524205, 15.7185788], [102.1525074, 15.7183601], [102.1526929, 15.7178939], [102.152776, 15.7177267], [102.1528863, 15.7175049], [102.1529371, 15.7173785], [102.1529465, 15.7173551], [102.1529631, 15.7173139], [102.1530458, 15.7171508], [102.1530947, 15.7170159], [102.1531725, 15.7167827], [102.1531872, 15.7167386], [102.1532239, 15.7165424], [102.1532076, 15.7164238], [102.1531591, 15.7163162], [102.1530856, 15.7162299], [102.1530091, 15.7161786], [102.1529114, 15.7161591], [102.1526948, 15.7161517], [102.1525578, 15.7161537], [102.1524383, 15.716124], [102.1522654, 15.7160711], [102.1521005, 15.7160133], [102.1520603, 15.7159992], [102.1519714, 15.7159391], [102.1519287, 15.7159004], [102.1518752, 15.715852], [102.1518245, 15.7157573], [102.151809, 15.7156656], [102.1518033, 15.7155226], [102.1518345, 15.7152667], [102.1518663, 15.7150516], [102.1519289, 15.7147868], [102.1519423, 15.7147303], [102.1519458, 15.7146918], [102.1519633, 15.7144984], [102.1519944, 15.7141846], [102.1520059, 15.7140686], [102.1520049, 15.7140009], [102.152004, 15.7139426], [102.1519671, 15.7138273], [102.1519365, 15.7137773], [102.1518805, 15.7136855], [102.1517413, 15.7135512], [102.1515849, 15.7134479], [102.1515035, 15.7134116], [102.1513837, 15.7133963], [102.1512039, 15.7133683], [102.1510593, 15.7133397], [102.1509931, 15.7133194], [102.1509427, 15.7133039], [102.1508149, 15.7132274], [102.1506933, 15.7130929], [102.1505853, 15.712931], [102.15052, 15.7128751], [102.1505069, 15.712864], [102.1504837, 15.7128524], [102.1504551, 15.7128382], [102.1502872, 15.7127547], [102.1501773, 15.712695], [102.1501271, 15.7126344], [102.1501014, 15.7125599], [102.1500974, 15.7125171], [102.1500948, 15.7124882], [102.1500929, 15.712468], [102.1500946, 15.7123488], [102.1501028, 15.7123117], [102.1501089, 15.7122842], [102.1501341, 15.7121711], [102.1502268, 15.7120267], [102.1504173, 15.71184], [102.1505773, 15.7117219], [102.1507098, 15.7116518], [102.1508149, 15.711623], [102.1508732, 15.7116065], [102.1509794, 15.7115764], [102.1510078, 15.7115575], [102.1510468, 15.7115314], [102.1511183, 15.711462], [102.1511344, 15.7114322], [102.1511833, 15.7113418], [102.1512027, 15.7112291], [102.1511969, 15.7110827], [102.1511753, 15.7108208], [102.1511698, 15.7107918], [102.1511332, 15.7106], [102.1511353, 15.710508], [102.1511494, 15.7104754], [102.1511828, 15.7103983], [102.1512302, 15.710275], [102.1512425, 15.710159], [102.1512334, 15.7100263], [102.1511858, 15.7099077], [102.1510942, 15.7098099], [102.1510516, 15.7097824], [102.1509863, 15.7097403], [102.1508626, 15.7096978], [102.1506936, 15.7096866], [102.1504795, 15.7097102], [102.1502064, 15.7097856], [102.149864, 15.7099302], [102.1494761, 15.7100891], [102.1493382, 15.7101625], [102.1491835, 15.7102448], [102.1491273, 15.7102747], [102.1490018, 15.710348], [102.148766, 15.7105626], [102.148638, 15.7106973], [102.1485018, 15.7108798], [102.148476, 15.7109142], [102.1483996, 15.7109733], [102.148366, 15.7109803], [102.1483296, 15.7109879], [102.1483119, 15.7109915], [102.1482276, 15.7109928], [102.1481914, 15.7109883], [102.1481458, 15.7109826], [102.1481289, 15.7109806], [102.1480517, 15.7109513], [102.1479556, 15.7109149], [102.1477676, 15.7108121], [102.1475401, 15.7106518], [102.1474264, 15.7105717], [102.1472277, 15.7104622], [102.147145, 15.7103785], [102.1470331, 15.7102641], [102.1469739, 15.7101899], [102.1469481, 15.710112], [102.1469431, 15.7100167], [102.146959, 15.709904], [102.1470098, 15.7097772], [102.1472129, 15.709495], [102.1474449, 15.7092634], [102.1475457, 15.709187], [102.1476156, 15.7091588], [102.1476894, 15.7091509], [102.1478598, 15.7091611], [102.1479639, 15.7091674], [102.1482769, 15.7091697], [102.1485558, 15.7091842], [102.1486359, 15.7091884], [102.148876, 15.709253], [102.1490357, 15.7093381], [102.1491561, 15.7094023], [102.1492338, 15.709425], [102.1493148, 15.7094306], [102.1494058, 15.7094097], [102.149493, 15.7093565], [102.1496003, 15.709246], [102.1496788, 15.7090916], [102.1497073, 15.7089998], [102.1498162, 15.7086502], [102.1498524, 15.7084895], [102.1498573, 15.7083532], [102.1498319, 15.708186], [102.1498299, 15.7081731], [102.1498067, 15.7080372], [102.1498056, 15.7079657], [102.149808, 15.7078941], [102.149837, 15.7077998], [102.1498616, 15.7077196], [102.1499176, 15.7074735], [102.1499165, 15.7073978], [102.1499159, 15.7073646], [102.1498967, 15.7072558], [102.1498097, 15.7070902], [102.1496987, 15.7069555], [102.1496751, 15.7069346], [102.1493814, 15.706674], [102.1490049, 15.7064342], [102.1488621, 15.7063539], [102.1486712, 15.7062467], [102.1486502, 15.7062349], [102.1483136, 15.7060694], [102.1480097, 15.7059682], [102.1478896, 15.7059359], [102.1477137, 15.7059316], [102.1474925, 15.7059552], [102.1473174, 15.7060021], [102.1471916, 15.7060516], [102.1470349, 15.7061526], [102.1469135, 15.7062565], [102.1468164, 15.7063465], [102.1467478, 15.7064633], [102.1466219, 15.7067376], [102.1465153, 15.7068602], [102.1465079, 15.7068687], [102.1463997, 15.7069505], [102.1463654, 15.7069764], [102.1462994, 15.7070067], [102.1462523, 15.7070285], [102.1461594, 15.7070713], [102.1459284, 15.7071428], [102.1458703, 15.7071544], [102.1458549, 15.7071576], [102.1454727, 15.7072345], [102.1452067, 15.7073201], [102.1450636, 15.7073868], [102.14484, 15.7074854], [102.1446896, 15.7075353], [102.1446019, 15.7075502], [102.1444682, 15.7075453], [102.1442706, 15.7075004], [102.1440517, 15.7074457], [102.1437373, 15.707348], [102.1435566, 15.7072587], [102.1434503, 15.7071681], [102.1434425, 15.7071615], [102.1433486, 15.7070325], [102.1432743, 15.7068978], [102.1432262, 15.7068104], [102.1431975, 15.7067102], [102.1431636, 15.7065914], [102.143137, 15.7064983], [102.143098, 15.7062502], [102.1430964, 15.706148], [102.1431021, 15.706056], [102.1431168, 15.7059846], [102.1431381, 15.7058817], [102.1432632, 15.7053281], [102.1434475, 15.7046481], [102.1434995, 15.7044561], [102.1435467, 15.7043226], [102.1436617, 15.7041392], [102.143732, 15.704027], [102.1440219, 15.7036685], [102.1441489, 15.7034798], [102.1442579, 15.7033177], [102.1443204, 15.703184], [102.1443507, 15.7030278], [102.1443595, 15.7029824], [102.1443667, 15.7029573], [102.1445364, 15.7023667], [102.1446124, 15.7021597], [102.1447929, 15.7016682], [102.1448706, 15.7013638], [102.1448758, 15.7013434], [102.1449197, 15.7009953], [102.1448992, 15.7008014], [102.1448885, 15.7007399], [102.1448567, 15.7005568], [102.1447711, 15.7002481], [102.1447033, 15.7001051], [102.1446532, 15.6999997], [102.1445495, 15.6997812], [102.1442742, 15.6992606], [102.1441445, 15.6990581], [102.1438253, 15.6986471], [102.1435922, 15.6983541], [102.1434726, 15.6982293], [102.1433957, 15.6981492], [102.1432624, 15.6979399], [102.1432333, 15.69788], [102.1431425, 15.6976929], [102.1431052, 15.6975072], [102.1430969, 15.6974654], [102.1430947, 15.6974266], [102.1430871, 15.697285], [102.1430988, 15.6971393], [102.1431415, 15.6969368], [102.1432457, 15.6966253], [102.1433097, 15.696437], [102.1433687, 15.6963244], [102.1433853, 15.6962927], [102.1434121, 15.6962414], [102.1435567, 15.6960349], [102.1435971, 15.6959559], [102.1436147, 15.6959217], [102.1436612, 15.6957473], [102.1436726, 15.69557], [102.1436612, 15.695284], [102.1436467, 15.6951122], [102.143644, 15.6950799], [102.1436139, 15.6949509], [102.1434772, 15.6945237], [102.143474, 15.694511], [102.143411, 15.6942638], [102.1433051, 15.6938483], [102.1432589, 15.6936519], [102.1432524, 15.6936242], [102.1432443, 15.6935494], [102.1432497, 15.6934472], [102.1432864, 15.6932973], [102.1433192, 15.6931634], [102.143409, 15.6928283], [102.1435811, 15.6923524], [102.1436095, 15.6922665], [102.1436617, 15.6921094], [102.1437303, 15.692008], [102.1437765, 15.6919398], [102.1439161, 15.6917335], [102.1440296, 15.6915659], [102.144491, 15.6909291], [102.1446005, 15.6907333], [102.1447065, 15.690449], [102.1447154, 15.6904251], [102.1447189, 15.6904051], [102.1447497, 15.6902304], [102.1447768, 15.6900768], [102.1447785, 15.6899385], [102.1447799, 15.6898179], [102.1447775, 15.6897428], [102.1447731, 15.6896034], [102.1447391, 15.6894506], [102.1446661, 15.6892745], [102.1445074, 15.6890145], [102.1442963, 15.6887791], [102.1441261, 15.6884545], [102.1440501, 15.688316], [102.1440009, 15.6882479], [102.1439064, 15.6881171], [102.1438735, 15.6880358], [102.1438602, 15.6878554], [102.1438831, 15.6875145], [102.1439225, 15.6873334], [102.1440316, 15.6871104], [102.1440474, 15.687092], [102.144194, 15.6869207], [102.1442748, 15.6868068], [102.1443454, 15.6867073], [102.1444809, 15.6866032], [102.1446246, 15.686534], [102.1446485, 15.6865225], [102.1448794, 15.686451], [102.1450511, 15.6864077], [102.1452677, 15.6863241], [102.1453447, 15.6862944], [102.1456057, 15.6862001], [102.1456489, 15.6861845], [102.1456818, 15.6861632], [102.1457152, 15.6861416], [102.1458054, 15.6860834], [102.1459239, 15.6860068], [102.1464759, 15.6856703], [102.1464848, 15.6856649], [102.1464982, 15.6856523], [102.146665, 15.6854954], [102.1467543, 15.6853544], [102.1468635, 15.6851417], [102.146885, 15.6850624], [102.1469125, 15.6849474], [102.1469051, 15.684872], [102.146858, 15.6847807], [102.1468075, 15.6847224], [102.1467792, 15.6846899], [102.1466619, 15.684603], [102.1464852, 15.6845442], [102.1463194, 15.6845125], [102.1461364, 15.6845015], [102.1458343, 15.6845195], [102.145515, 15.6845582], [102.1453288, 15.6845711], [102.1452496, 15.684568], [102.1452021, 15.6845661], [102.1450575, 15.6845341], [102.1449051, 15.6844545], [102.144627, 15.6842065], [102.1445353, 15.6841009], [102.1444516, 15.6840046], [102.1442893, 15.6837345], [102.1442158, 15.6835998], [102.1440869, 15.6833638], [102.1440107, 15.6832241], [102.143906, 15.6830417], [102.1438449, 15.6829571], [102.1437012, 15.6827581], [102.1436114, 15.6826338], [102.1433738, 15.6822693], [102.1432585, 15.6819377], [102.1432524, 15.6819202], [102.1431772, 15.6816045], [102.143153, 15.6815215], [102.1431327, 15.6814518], [102.1431302, 15.6812918], [102.1431495, 15.6812216], [102.1431669, 15.6811584], [102.143172, 15.6811491], [102.1432182, 15.6810657], [102.1432873, 15.6809898], [102.1433672, 15.6809384], [102.1433848, 15.6809271], [102.1435078, 15.6808645], [102.1436604, 15.6807868], [102.1438239, 15.680696], [102.1438871, 15.6806609], [102.144103, 15.680525], [102.1441249, 15.6805076], [102.1444777, 15.6802269], [102.1444955, 15.6802128], [102.1447164, 15.6799473], [102.1448196, 15.6797926], [102.1448496, 15.6796899], [102.1448486, 15.6796218], [102.1448439, 15.679547], [102.1447629, 15.6793063], [102.1446465, 15.6790559], [102.1445095, 15.678833], [102.1444623, 15.6787852], [102.1444166, 15.678739], [102.1443252, 15.6786876], [102.1442925, 15.6786693], [102.1441548, 15.6786338], [102.1440316, 15.6786219], [102.1439018, 15.6786374], [102.1436849, 15.6787086], [102.1434653, 15.6788344], [102.1432148, 15.6790117], [102.1430471, 15.6791414], [102.142923, 15.6792373], [102.142801, 15.6793072], [102.1427854, 15.6793154], [102.1426335, 15.6793948], [102.1424422, 15.6795304], [102.142143, 15.6797323], [102.1419616, 15.6798268], [102.1418043, 15.6798904], [102.1416711, 15.6799162], [102.1415376, 15.6799249], [102.1414037, 15.679903], [102.1412976, 15.6798602], [102.1412297, 15.6797897], [102.1411611, 15.6796748], [102.1411272, 15.6795289], [102.141125, 15.6793858], [102.141157, 15.6791776], [102.1412072, 15.6790099], [102.1412752, 15.6788591], [102.1413353, 15.6787771], [102.1413498, 15.6787574], [102.1413889, 15.6787042], [102.1416108, 15.6785], [102.1417143, 15.6784112], [102.1417637, 15.6783688], [102.1418329, 15.6783095], [102.1418737, 15.6782815], [102.1421982, 15.678059], [102.1422223, 15.6780387], [102.1427207, 15.6776193], [102.1428612, 15.677501], [102.1429228, 15.6774294], [102.1430926, 15.677232], [102.1431643, 15.6770913], [102.143194, 15.6769615], [102.1431921, 15.6768389], [102.1431624, 15.6767371], [102.1430906, 15.6766393], [102.1429771, 15.6765729], [102.1428713, 15.6765539], [102.1427482, 15.6765489], [102.1426959, 15.6765571], [102.1426509, 15.6765641], [102.1426044, 15.6765714], [102.1424645, 15.6766211], [102.1423249, 15.6766878], [102.1421944, 15.6767508], [102.1421651, 15.676765], [102.1421504, 15.6767721], [102.1420249, 15.6768454], [102.1419489, 15.6769351], [102.1419313, 15.6769706], [102.1418875, 15.6770586], [102.1417495, 15.6772275], [102.1416066, 15.6773734], [102.1415972, 15.6773829], [102.1415728, 15.6774012], [102.1414859, 15.6774663], [102.1414698, 15.6774739], [102.1413672, 15.6775225], [102.1412481, 15.6775481], [102.1411112, 15.6775602], [102.1409985, 15.6775516], [102.140948, 15.6775351], [102.140901, 15.6775197], [102.140889, 15.6775157], [102.1407292, 15.6774158], [102.1405684, 15.6772444], [102.1404816, 15.6770856], [102.1404601, 15.6769802], [102.1404532, 15.6769463], [102.1404512, 15.6769361], [102.1404517, 15.6768262], [102.140452, 15.6767624], [102.140457, 15.6766178], [102.1404618, 15.6764795], [102.1404801, 15.6763567], [102.1404873, 15.6763089], [102.1405225, 15.676172], [102.1405304, 15.6761413], [102.1405564, 15.6760013], [102.1405582, 15.6758923], [102.1405425, 15.6757801], [102.1404895, 15.675619], [102.1404795, 15.6755887], [102.1404466, 15.6754885], [102.1403673, 15.6753636], [102.1402636, 15.6752459], [102.1400787, 15.6751123], [102.139802, 15.6749528], [102.1396354, 15.6748632], [102.1396232, 15.6748578], [102.1394195, 15.6747675], [102.1392458, 15.6746304], [102.1390414, 15.6744187], [102.1388444, 15.6741831], [102.1386275, 15.6737911], [102.1383115, 15.6731314], [102.1381801, 15.6727657], [102.1380815, 15.6724915], [102.1380545, 15.6724163], [102.1379346, 15.672166], [102.1377664, 15.6719674], [102.1374709, 15.6717298], [102.1371117, 15.671459], [102.1368283, 15.6713234], [102.1365834, 15.6711737], [102.1363316, 15.6710274], [102.1362363, 15.6710015], [102.1360532, 15.6709837], [102.1358352, 15.6709834], [102.1355823, 15.6710041], [102.135151, 15.671075], [102.135039, 15.6711107], [102.1349482, 15.6711528], [102.1348578, 15.6712154], [102.1347684, 15.6713462], [102.1347079, 15.671531], [102.1346852, 15.6716573], [102.1346868, 15.6717629], [102.1346903, 15.6717942], [102.1346991, 15.6718751], [102.134727, 15.6719978], [102.134733, 15.6720245], [102.1347732, 15.6721193], [102.1348369, 15.6722356], [102.134925, 15.6723965], [102.1349627, 15.6724545], [102.1352167, 15.6728453], [102.1356153, 15.6733914], [102.1356695, 15.673486], [102.1356954, 15.6735742], [102.1357105, 15.6736421], [102.1357221, 15.6737101], [102.1357124, 15.6737648], [102.1356712, 15.6738301], [102.1356053, 15.6738889], [102.1355042, 15.6739415], [102.1347496, 15.6742622], [102.1344144, 15.6743854], [102.1341902, 15.6744678], [102.1337601, 15.6746239], [102.1333933, 15.6747756], [102.1331831, 15.6748477], [102.1331225, 15.6748684], [102.1330969, 15.6748751], [102.1328792, 15.6749316], [102.1327352, 15.674969], [102.1325385, 15.674982], [102.1323698, 15.6749844], [102.1321793, 15.6749429], [102.1321582, 15.6749303], [102.1321179, 15.6749061], [102.132075, 15.6748804], [102.1320516, 15.6748664], [102.1319587, 15.6747689], [102.1319147, 15.6746503], [102.1319054, 15.674504], [102.1319307, 15.6743163], [102.1319874, 15.6741145], [102.132067, 15.6739672], [102.1321173, 15.6738742], [102.132532, 15.6731733], [102.1326816, 15.6728374], [102.1327046, 15.6727315], [102.1327232, 15.6725677], [102.1327148, 15.6724352], [102.1327139, 15.6724213], [102.1327091, 15.672411], [102.1326991, 15.6723899], [102.1326485, 15.6722826], [102.1325366, 15.6720935], [102.132525, 15.6720803], [102.1324839, 15.6720337], [102.1323613, 15.671895], [102.1322364, 15.6717742], [102.132027, 15.6716443], [102.1317083, 15.6714922], [102.1314776, 15.6713972], [102.1312766, 15.6713144], [102.1309266, 15.6711866], [102.1306724, 15.6711153], [102.13042, 15.6710719], [102.1303798, 15.671065], [102.1302776, 15.6710631], [102.1300668, 15.6710592], [102.1297472, 15.6710843], [102.1293572, 15.6711001], [102.1291102, 15.6710853], [102.1286675, 15.6710588], [102.1283606, 15.6710375], [102.1283014, 15.6710334], [102.1280795, 15.6710059], [102.1279489, 15.6709703], [102.1278355, 15.670914], [102.1277641, 15.6708435], [102.127713, 15.6707753], [102.1276959, 15.6707525], [102.1276625, 15.6706338], [102.1276752, 15.6705484], [102.1277235, 15.6704687], [102.1277294, 15.670459], [102.1278547, 15.6703313], [102.1280413, 15.6702142], [102.1280602, 15.6702023], [102.1281923, 15.6701369], [102.128287, 15.6700901], [102.1283835, 15.6700529], [102.1284618, 15.6700228], [102.1286238, 15.669979], [102.1286614, 15.6699689], [102.1289164, 15.669863], [102.1291086, 15.6697568], [102.1293906, 15.6696008], [102.1296698, 15.6694232], [102.1297632, 15.6693638], [102.1299333, 15.6692251], [102.1302925, 15.6689203], [102.1303421, 15.6688782], [102.1304436, 15.668792], [102.1306213, 15.6686804], [102.1307431, 15.6686038], [102.1310493, 15.6683985], [102.1310752, 15.6683786], [102.1311397, 15.668329], [102.1312325, 15.6682824], [102.1312723, 15.6682624], [102.1314261, 15.6682057], [102.1314976, 15.6681574], [102.1315549, 15.6681187], [102.1315984, 15.6680875], [102.1317774, 15.6679588], [102.1319194, 15.6678171], [102.132047, 15.6676552], [102.1321457, 15.6675123], [102.1322184, 15.6673632], [102.1322314, 15.6672983], [102.1322304, 15.6672268], [102.1322102, 15.6670568], [102.1321293, 15.6668263], [102.1320392, 15.6666811], [102.1319391, 15.6665701], [102.1318183, 15.6664867], [102.1316979, 15.6664339], [102.1315711, 15.6664153], [102.1314308, 15.6664378], [102.1312843, 15.6665148], [102.1311562, 15.6666427], [102.1310254, 15.6668319], [102.1309911, 15.6668916], [102.130885, 15.6670757], [102.1307731, 15.6673464], [102.1307063, 15.6675756], [102.1306592, 15.6677126], [102.13058, 15.6678227], [102.1304309, 15.6679611], [102.1303938, 15.6679805], [102.1302705, 15.6680451], [102.130136, 15.668086], [102.130106, 15.6680952], [102.1300791, 15.6680973], [102.1300048, 15.6681033], [102.1299515, 15.6681076], [102.1297895, 15.6680929], [102.1297663, 15.6680867], [102.1297083, 15.6680711], [102.1296448, 15.6680541], [102.1296001, 15.6680236], [102.1295275, 15.667974], [102.1294489, 15.66789], [102.1293905, 15.6677477], [102.129344, 15.6674691], [102.1293186, 15.6673587], [102.1292688, 15.6671431], [102.1292359, 15.6670376], [102.1292244, 15.6670007], [102.1291029, 15.6667076], [102.1290967, 15.6666926], [102.1290443, 15.6665744], [102.1289947, 15.6664624], [102.1289235, 15.6663403], [102.1288647, 15.6662394], [102.1287561, 15.6660298], [102.1286868, 15.6658673], [102.1286539, 15.6657859], [102.128632, 15.6657318], [102.128611, 15.6657032], [102.1285279, 15.6655899], [102.1285207, 15.6655801], [102.1285081, 15.6655695], [102.1284498, 15.6655201], [102.1284138, 15.6654897], [102.1283146, 15.66544], [102.1281982, 15.665411], [102.128068, 15.6654026], [102.1278575, 15.6654329], [102.1276649, 15.6654833], [102.1275184, 15.6655604], [102.127448, 15.6656088], [102.1273594, 15.6656698], [102.1272505, 15.6657447], [102.1271647, 15.6658126], [102.1269936, 15.6659478], [102.126917, 15.6660084], [102.1266532, 15.6662302], [102.1264617, 15.6663589], [102.1262908, 15.6664431], [102.126147, 15.6664724], [102.1260207, 15.6664772], [102.1259995, 15.666478], [102.1258339, 15.6664565], [102.1256184, 15.6663914], [102.1254341, 15.6662919], [102.1253128, 15.6661778], [102.1252124, 15.6660498], [102.1251901, 15.6659649], [102.1251884, 15.6658594], [102.1252291, 15.6657566], [102.125378, 15.6656114], [102.125489, 15.6655409], [102.1256302, 15.6654511], [102.1257123, 15.6653988], [102.1258504, 15.6653333], [102.1260823, 15.6652232], [102.1262843, 15.6650977], [102.1264406, 15.6649695], [102.1267078, 15.6647408], [102.1268236, 15.6646399], [102.1269264, 15.6645503], [102.1271036, 15.6644081], [102.1273652, 15.6642716], [102.1274429, 15.6642213], [102.1274835, 15.6641949], [102.1275181, 15.664154], [102.1275768, 15.6640846], [102.1276453, 15.6639644], [102.127682, 15.6638378], [102.1276976, 15.6637082], [102.1276889, 15.6635959], [102.1276804, 15.6635683], [102.1276556, 15.6634874], [102.1276413, 15.6634583], [102.1275943, 15.6633632], [102.1275504, 15.6632743], [102.127425, 15.6631194], [102.1272851, 15.6630102], [102.1272577, 15.6629889], [102.1270811, 15.6629335], [102.1269672, 15.6629131], [102.126852, 15.6628925], [102.126841, 15.6628912], [102.1267287, 15.6628772], [102.1265496, 15.6628934], [102.1262553, 15.6629589], [102.1260777, 15.6630267], [102.1259861, 15.6630616], [102.1256818, 15.6631647], [102.1253074, 15.6632791], [102.1251565, 15.6632948], [102.1249912, 15.6632938], [102.1247591, 15.6632869], [102.1245022, 15.6632735], [102.1243646, 15.663238], [102.1242405, 15.6631751], [102.124105, 15.6630476], [102.1240036, 15.6628514], [102.1239981, 15.6628342], [102.1239434, 15.6626634], [102.1239113, 15.6625632], [102.1238776, 15.6624275], [102.1238713, 15.662247], [102.1239086, 15.6619745], [102.1239156, 15.6619228], [102.1239873, 15.6616931], [102.1240128, 15.6616114], [102.1240436, 15.6615576], [102.1241571, 15.6613594], [102.1242374, 15.6612191], [102.1244863, 15.6608382], [102.1247825, 15.6604728], [102.1249418, 15.6602765], [102.1251308, 15.6599876], [102.1253435, 15.6596406], [102.1253966, 15.6595257], [102.1255511, 15.6591914], [102.1256574, 15.6590161], [102.1257749, 15.658885], [102.1258655, 15.6588292], [102.1259597, 15.6587836], [102.1260717, 15.6587513], [102.126184, 15.6587327], [102.1262612, 15.6587282], [102.1263317, 15.6587408], [102.1264442, 15.6587834], [102.126505, 15.6588064], [102.1267675, 15.6589628], [102.1269776, 15.6591335], [102.1271598, 15.6593285], [102.1271746, 15.6593481], [102.1272905, 15.6595027], [102.1274074, 15.6596588], [102.1275149, 15.6597867], [102.1276181, 15.6598738], [102.1277527, 15.6599366], [102.1278387, 15.6599492], [102.1279007, 15.6599583], [102.1280484, 15.6599596], [102.1281429, 15.6599454], [102.1282238, 15.6599332], [102.1283989, 15.6598933], [102.1285174, 15.6598234], [102.1286125, 15.6597285], [102.1286317, 15.6597094], [102.1287069, 15.6595687], [102.1287363, 15.6594252], [102.1287392, 15.6593899], [102.1287689, 15.6590262], [102.128747, 15.6587369], [102.1286796, 15.6584688], [102.128613, 15.6582517], [102.1285545, 15.6580764], [102.1285135, 15.6579534], [102.1284535, 15.6577056], [102.1283797, 15.6572468], [102.1283727, 15.6569149], [102.1283674, 15.6566679], [102.1283696, 15.6562188], [102.12837, 15.6561433], [102.1284122, 15.6559144], [102.1284217, 15.6558692], [102.1284744, 15.6556172], [102.1284841, 15.6555441], [102.128506, 15.6553783], [102.1285166, 15.6551661], [102.1285173, 15.65506], [102.1285177, 15.6549932], [102.1284757, 15.6547758], [102.1283872, 15.6545012], [102.1283373, 15.6544114], [102.1282859, 15.6543187], [102.1282351, 15.6542138], [102.1281394, 15.6539324], [102.1280412, 15.6537124], [102.1279905, 15.653572], [102.1279641, 15.6534989], [102.1279476, 15.6533391], [102.127941, 15.6531348], [102.1279552, 15.6529166], [102.1279938, 15.652681], [102.1280113, 15.6526088], [102.1280434, 15.6524759], [102.1280762, 15.6523187], [102.1280818, 15.6522267], [102.1280801, 15.6521109], [102.128077, 15.652074], [102.1280671, 15.6519544], [102.1280546, 15.6518251], [102.1280527, 15.6516991], [102.1280817, 15.6514887], [102.1280848, 15.6514662], [102.1280875, 15.6514465], [102.1280818, 15.6514056], [102.1280685, 15.6513103], [102.1280599, 15.6512494], [102.128056, 15.6512389], [102.1280486, 15.6512189], [102.1280204, 15.6511434], [102.1279866, 15.6510529], [102.1279057, 15.6509434], [102.1278977, 15.6509369], [102.1278044, 15.6508613], [102.1276451, 15.6507852], [102.127472, 15.6507332], [102.1272996, 15.650722], [102.1271136, 15.6507417], [102.1269595, 15.6507814], [102.1268232, 15.6508344], [102.1267085, 15.6509246], [102.1266088, 15.6510725], [102.1265716, 15.6511542], [102.1264932, 15.6513263], [102.1264413, 15.6514231], [102.1263701, 15.6515562], [102.1263032, 15.6516592], [102.1262361, 15.6517625], [102.1262164, 15.6517809], [102.1260836, 15.6519044], [102.1259268, 15.6519986], [102.1257942, 15.6520618], [102.1256158, 15.6521188], [102.1252936, 15.6522018], [102.125028, 15.6523044], [102.1248326, 15.6524025], [102.1246306, 15.6525246], [102.1244257, 15.6526911], [102.1243182, 15.6527914], [102.1242462, 15.6529116], [102.1241922, 15.6530623], [102.1241392, 15.6532708], [102.1241266, 15.6533698], [102.1241311, 15.6534454], [102.1241361, 15.6535297], [102.1241765, 15.6538732], [102.1242369, 15.6541483], [102.1242525, 15.6542502], [102.1242232, 15.6546356], [102.1242078, 15.6547789], [102.124157, 15.6549056], [102.1240952, 15.6550053], [102.1240627, 15.6550348], [102.1240383, 15.655057], [102.1240189, 15.6550745], [102.1239945, 15.6550853], [102.1239316, 15.6551132], [102.1238055, 15.6551423], [102.1236512, 15.6551649], [102.1234119, 15.6551513], [102.1231333, 15.655094], [102.1229884, 15.6550415], [102.1229128, 15.6549986], [102.1228713, 15.6549751], [102.1227855, 15.6548809], [102.1227597, 15.6548029], [102.122754, 15.654769], [102.1227327, 15.6546432], [102.1227169, 15.654531], [102.1226654, 15.6543785], [102.1226441, 15.6543195], [102.1226324, 15.654287], [102.1226256, 15.654233], [102.1226204, 15.6541918], [102.1226258, 15.6540861], [102.122649, 15.6539972], [102.1226662, 15.6539652], [102.1226969, 15.653908], [102.1227098, 15.6538294], [102.1227016, 15.6537546], [102.1226759, 15.6536834], [102.1226184, 15.6536025], [102.1225473, 15.6535456], [102.1223493, 15.6534735], [102.1223252, 15.6534666], [102.122302, 15.6534599], [102.1220651, 15.6533921], [102.1218942, 15.6533676], [102.1217408, 15.6533489], [102.1216441, 15.6533371], [102.1214332, 15.6533401], [102.1213099, 15.6533489], [102.1210153, 15.6533699], [102.1208431, 15.6533757], [102.1206211, 15.6533414], [102.1204591, 15.6533255], [102.1203183, 15.6533117], [102.1202289, 15.6533144], [102.1201075, 15.6533181], [102.1199146, 15.6533481], [102.1198511, 15.6533354], [102.1198004, 15.6532841], [102.1197897, 15.6532272], [102.1198115, 15.6530396], [102.1198104, 15.6529681], [102.1197918, 15.6529036], [102.1197241, 15.6528399], [102.1196251, 15.6528072], [102.119502, 15.6527987], [102.1194214, 15.6528203], [102.1193482, 15.6528588], [102.1192897, 15.6529414], [102.1192078, 15.6531061], [102.1191488, 15.653158], [102.119107, 15.6531688], [102.1190788, 15.6531761], [102.1190189, 15.6531701], [102.1189657, 15.6531368], [102.1189047, 15.6530559], [102.1188538, 15.6529442], [102.1188382, 15.6528457], [102.1188329, 15.6527265], [102.1188454, 15.6526207], [102.1188998, 15.6525007], [102.1189755, 15.6523907], [102.1190435, 15.6522398], [102.1190976, 15.652096], [102.11918, 15.6519432], [102.1192309, 15.6518488], [102.1193479, 15.6516836], [102.1194661, 15.6515934], [102.1195779, 15.6515475], [102.1197075, 15.651515], [102.1198971, 15.6514987], [102.1200623, 15.6514963], [102.1201891, 15.651515], [102.120327, 15.6515641], [102.1203656, 15.6515877], [102.1206641, 15.6517705], [102.1208725, 15.6518356], [102.1209642, 15.6518548], [102.1210696, 15.6518533], [102.1212238, 15.651817], [102.1213531, 15.6517675], [102.1214504, 15.6516946], [102.1215194, 15.651605], [102.1215809, 15.6514883], [102.1216205, 15.6513208], [102.1216253, 15.6511754], [102.1216277, 15.6511027], [102.1215995, 15.6508613], [102.1215949, 15.6508406], [102.1215575, 15.6506723], [102.1215429, 15.6506066], [102.121498, 15.6504267], [102.1214589, 15.6503369], [102.1214287, 15.6502676], [102.1213388, 15.6501292], [102.1211926, 15.6499985], [102.1211853, 15.649991], [102.1210355, 15.6498372], [102.1209347, 15.6496819], [102.1208812, 15.6495518], [102.1208301, 15.6494276], [102.1207996, 15.6493534], [102.1207794, 15.649286], [102.1207447, 15.6491707], [102.1207293, 15.6491194], [102.1207007, 15.6488541], [102.1207226, 15.648445], [102.1207446, 15.6482663], [102.120757, 15.6481652], [102.1208324, 15.6478065], [102.1208997, 15.6476045], [102.120958, 15.6475083], [102.1210009, 15.6474551], [102.12115, 15.6472707], [102.121203, 15.6472051], [102.1213034, 15.6471049], [102.1213852, 15.6469334], [102.1214347, 15.6467249], [102.1214456, 15.6466101], [102.1214499, 15.6465646], [102.1214484, 15.6464671], [102.1214396, 15.6464244], [102.1214138, 15.646368], [102.1213145, 15.6461515], [102.1212795, 15.6460922], [102.1212648, 15.6460674], [102.1212409, 15.6460466], [102.1212005, 15.6460113], [102.1211826, 15.6459978], [102.1211268, 15.6459555], [102.1211106, 15.6459512], [102.1210371, 15.6459317], [102.1209453, 15.6459216], [102.1208279, 15.6459179], [102.1206807, 15.6459601], [102.1205869, 15.646013], [102.1205111, 15.6460857], [102.1204939, 15.6461191], [102.1204681, 15.6461693], [102.1204355, 15.6463646], [102.1204375, 15.6464901], [102.1204414, 15.6467512], [102.1204397, 15.6470263], [102.1203655, 15.6473997], [102.1202685, 15.6476303], [102.1201704, 15.6477892], [102.1200687, 15.6479053], [102.1199429, 15.647993], [102.1198489, 15.6480344], [102.1197546, 15.648053], [102.119645, 15.6480373], [102.1195169, 15.6479733], [102.1194949, 15.6479561], [102.1190651, 15.6476188], [102.1190186, 15.6475844], [102.1188408, 15.647453], [102.1184878, 15.6471773], [102.1184192, 15.6470975], [102.118345, 15.6470112], [102.1183223, 15.6469848], [102.1183006, 15.6469433], [102.1182421, 15.6468315], [102.1181944, 15.6467403], [102.118107, 15.6464379], [102.1180937, 15.646407], [102.1180519, 15.6463098], [102.1179732, 15.6461939], [102.1179276, 15.6461589], [102.1178297, 15.6460837], [102.1177446, 15.6460535], [102.1177032, 15.6460388], [102.11769, 15.6460342], [102.117536, 15.6460192], [102.117359, 15.6460417], [102.1171351, 15.6460936], [102.1171197, 15.6460988], [102.1169321, 15.6461624], [102.1168177, 15.6462185], [102.1167185, 15.6463058], [102.1166374, 15.6464158], [102.116548, 15.6465689], [102.1162407, 15.6471605], [102.116108, 15.6473636], [102.1160949, 15.6473836], [102.1159951, 15.6475364], [102.1158345, 15.6476734], [102.1157144, 15.6477409], [102.115582, 15.6477829], [102.115455, 15.6477962], [102.11531, 15.6477839], [102.115114, 15.6477237], [102.1149113, 15.6476149], [102.1146884, 15.6474429], [102.1146779, 15.6474349], [102.1146673, 15.6474205], [102.1145663, 15.6472846], [102.1145016, 15.6471137], [102.1144338, 15.6467394], [102.1143258, 15.6460476], [102.11426, 15.6457994], [102.1142376, 15.6457531], [102.1141776, 15.6456287], [102.1140779, 15.6454926], [102.1139637, 15.6453681], [102.1136765, 15.6451459], [102.113446, 15.6449515], [102.1133078, 15.6448074], [102.1132381, 15.6446967], [102.1132189, 15.6445996], [102.1132173, 15.6444936], [102.113239, 15.6443672], [102.1132796, 15.6443017], [102.113289, 15.6442865], [102.1133285, 15.6442227], [102.1134654, 15.6440861], [102.1135849, 15.6440261], [102.1136179, 15.6440095], [102.113783, 15.6439756], [102.113832, 15.6439702], [102.1139896, 15.6439526], [102.1144829, 15.6439284], [102.1146245, 15.6439035], [102.1147128, 15.6438793], [102.1147833, 15.6438497], [102.1148858, 15.6437852], [102.114976, 15.6436923], [102.1150627, 15.6435593], [102.115102, 15.6434212], [102.115131, 15.6431916], [102.1151291, 15.6430656], [102.1151037, 15.6429514], [102.1150333, 15.6427891], [102.1149526, 15.6426648], [102.1148638, 15.642528], [102.1148314, 15.6424762], [102.1146456, 15.6421787], [102.1144544, 15.6418145], [102.1144082, 15.6417266], [102.1143106, 15.6415303], [102.1141883, 15.6413617], [102.1140721, 15.6412014], [102.1139336, 15.6409583], [102.1138902, 15.640882], [102.1138018, 15.6407269], [102.1136765, 15.6404565], [102.1136127, 15.6402707], [102.1135002, 15.6399434], [102.113427, 15.6397897], [102.1133724, 15.6397046], [102.1132347, 15.6395862], [102.1131983, 15.6395684], [102.1130023, 15.6394721], [102.1129641, 15.6394599], [102.1129073, 15.6394419], [102.1127978, 15.6394349], [102.1125913, 15.6394636], [102.112516, 15.6394764], [102.1124439, 15.6394886], [102.1122969, 15.6394976], [102.1122017, 15.6395035], [102.1119328, 15.6395159], [102.1118004, 15.639555], [102.1117662, 15.6395697], [102.1116672, 15.6396123], [102.1116212, 15.6396321], [102.1115073, 15.6397196], [102.111432, 15.6398238], [102.1114155, 15.6398548], [102.111363, 15.6399537], [102.1113127, 15.6401463], [102.1113101, 15.6401717], [102.1112921, 15.6403529], [102.1113068, 15.6405389], [102.1113567, 15.64071], [102.111424, 15.6408581], [102.1115204, 15.6409799], [102.1115926, 15.6410619], [102.1116186, 15.6410792], [102.1118166, 15.6412106], [102.1119837, 15.6413142], [102.1120219, 15.6413444], [102.1120405, 15.6413592], [102.1121099, 15.641447], [102.1121612, 15.6415372], [102.1122101, 15.6416232], [102.1122216, 15.6416497], [102.112305, 15.6418424], [102.1123454, 15.6419708], [102.1123772, 15.6421193], [102.1123835, 15.6423369], [102.1123636, 15.6424323], [102.1123559, 15.6424691], [102.112264, 15.6428399], [102.1122542, 15.6428645], [102.1121586, 15.643105], [102.1120407, 15.6433243], [102.1119896, 15.6434626], [102.1119618, 15.6435776], [102.11196, 15.6436549], [102.1119704, 15.643755], [102.1119922, 15.6438321], [102.1120405, 15.6439001], [102.1121522, 15.6440504], [102.1121825, 15.6440986], [102.1121984, 15.6441758], [102.112215, 15.6442958], [102.1122112, 15.6443902], [102.1122107, 15.6444019], [102.1122063, 15.6445011], [102.1122041, 15.644551], [102.1121797, 15.6446202], [102.1121644, 15.6446632], [102.1119876, 15.6450926], [102.1119543, 15.6451887], [102.111863, 15.6454524], [102.1117743, 15.6456456], [102.1116869, 15.6457357], [102.1116267, 15.6457744], [102.111605, 15.6457884], [102.1115109, 15.6458241], [102.1114194, 15.6458369], [102.1112773, 15.6458188], [102.1111912, 15.6457943], [102.1110389, 15.645699], [102.1109562, 15.6456018], [102.1109426, 15.6455858], [102.1108782, 15.645432], [102.1108644, 15.6453033], [102.1108803, 15.6451771], [102.1109343, 15.6450331], [102.110952, 15.645003], [102.111038, 15.6448568], [102.1111424, 15.6447179], [102.1112081, 15.6445708], [102.11123, 15.6444559], [102.1112252, 15.64433], [102.1112073, 15.6442658], [102.1111814, 15.644173], [102.111118, 15.6440851], [102.1110104, 15.6440064], [102.1109639, 15.6439899], [102.1109529, 15.643986], [102.1108945, 15.6439651], [102.1108486, 15.6439627], [102.1107672, 15.6439583], [102.1105312, 15.6439932], [102.1100712, 15.6440713], [102.1095432, 15.6441476], [102.109254, 15.6441803], [102.1090708, 15.6441956], [102.109034, 15.6441986], [102.108755, 15.6442218], [102.1085602, 15.6442417], [102.1083885, 15.644227], [102.1083024, 15.6442024], [102.1081922, 15.6441524], [102.1081291, 15.644095], [102.1081023, 15.6440706], [102.1080501, 15.643971], [102.1080353, 15.6439427], [102.1080071, 15.6438358], [102.1080055, 15.6437311], [102.1081378, 15.6432938], [102.1081617, 15.6431101], [102.108162, 15.6430117], [102.1081471, 15.6429299], [102.1080824, 15.6427554], [102.1080732, 15.6427304], [102.107812, 15.64227], [102.1075711, 15.6417893], [102.1073751, 15.6413338], [102.1071773, 15.6407694], [102.107091, 15.6405328], [102.1069821, 15.6403682], [102.1068619, 15.6402439], [102.1067369, 15.6401855], [102.1066093, 15.6401558], [102.1064852, 15.6401576], [102.1063561, 15.6401876], [102.1062499, 15.6402382], [102.106148, 15.6403457], [102.1059563, 15.640569], [102.1059123, 15.6406097], [102.105793, 15.6407202], [102.1057154, 15.6407725], [102.1056496, 15.6408168], [102.1055114, 15.6408675], [102.1053551, 15.6408897], [102.1051803, 15.6408664], [102.1049959, 15.6407888], [102.1048492, 15.6406677], [102.1047677, 15.6405572], [102.1047094, 15.6404176], [102.1046982, 15.6403655], [102.1046681, 15.6402263], [102.1046056, 15.6400034], [102.1045681, 15.6398696], [102.104482, 15.6396897], [102.1044674, 15.639659], [102.1043889, 15.6395542], [102.1042992, 15.6394896], [102.1041983, 15.6394623], [102.1041065, 15.6394522], [102.1035001, 15.6394658], [102.1034179, 15.6394677], [102.1032404, 15.6394587], [102.1031485, 15.63944], [102.1030295, 15.6393901], [102.1029155, 15.6393203], [102.1026953, 15.6391857], [102.1023622, 15.6389432], [102.1023246, 15.6389159], [102.1021449, 15.6387609], [102.1019488, 15.6384944], [102.1018877, 15.6383692], [102.1018778, 15.6382949], [102.1018763, 15.6382004], [102.1018895, 15.6380942], [102.1019296, 15.6380077], [102.1020048, 15.6378949], [102.1022091, 15.6377259], [102.1026392, 15.6374766], [102.1026751, 15.6374557], [102.1031671, 15.637148], [102.103314, 15.6370857], [102.1034112, 15.6370643], [102.1035027, 15.6370544], [102.1035886, 15.6370589], [102.1036716, 15.6370778], [102.103752, 15.6371191], [102.103764, 15.6371252], [102.1039313, 15.6372431], [102.104159, 15.6374433], [102.104291, 15.6375732], [102.1044323, 15.6376619], [102.1047059, 15.6378337], [102.1048704, 15.6379367], [102.1051356, 15.6381027], [102.1053149, 15.638229], [102.1053565, 15.6382627], [102.105704, 15.6385444], [102.1057899, 15.6385954], [102.1058707, 15.6386222], [102.1059301, 15.6386269], [102.1059625, 15.6386295], [102.1060541, 15.6386282], [102.1061631, 15.6386009], [102.1062453, 15.6385625], [102.1063945, 15.6384572], [102.1065184, 15.6382968], [102.1065511, 15.6382545], [102.1065961, 15.6381049], [102.1065977, 15.6380132], [102.1065708, 15.6378852], [102.1064931, 15.6377454], [102.1062828, 15.6375221], [102.1060673, 15.6373504], [102.1058549, 15.6371815], [102.1056715, 15.6369876], [102.1055652, 15.6368752], [102.1055154, 15.6368225], [102.1053122, 15.6364788], [102.1052259, 15.6362451], [102.1051968, 15.6360794], [102.1051998, 15.6358874], [102.105208, 15.6358393], [102.1052242, 15.6357438], [102.1052579, 15.6356259], [102.1053346, 15.6354185], [102.105503, 15.6350208], [102.1055519, 15.6349326], [102.1056472, 15.6347604], [102.1057764, 15.6345271], [102.1059932, 15.6342032], [102.106034, 15.6340989], [102.1060473, 15.6340649], [102.1060641, 15.6339683], [102.1060957, 15.633787], [102.1060929, 15.6335572], [102.1060895, 15.6335416], [102.1060786, 15.6334918], [102.1060579, 15.6333973], [102.1059816, 15.633238], [102.1058899, 15.6331334], [102.1058673, 15.6331078], [102.105718, 15.6330068], [102.1055515, 15.6329433], [102.105333, 15.6329097], [102.1050874, 15.6328969], [102.1048563, 15.6329191], [102.1046479, 15.6329626], [102.1044178, 15.633055], [102.1042188, 15.6331686], [102.1039775, 15.633329], [102.1038075, 15.6334419], [102.1033312, 15.6337594], [102.1033106, 15.6337732], [102.1030038, 15.6339532], [102.1027849, 15.63404], [102.1027451, 15.6340512], [102.1026433, 15.6340798], [102.1024791, 15.6341011], [102.1021755, 15.6341243], [102.1019612, 15.6341462], [102.101739, 15.6342034], [102.1016891, 15.6342234], [102.1015505, 15.634279], [102.1013403, 15.6343928], [102.1011362, 15.6345389], [102.1010847, 15.6345771], [102.1010397, 15.6346105], [102.1010104, 15.634646], [102.1009695, 15.6346957], [102.1008371, 15.6348565], [102.1004764, 15.6353526], [102.1001979, 15.6357355], [102.0999793, 15.6359806], [102.0999545, 15.6360085], [102.09991, 15.6360584], [102.0998106, 15.6361274], [102.0997247, 15.6361583], [102.0996356, 15.6361704], [102.099535, 15.6361556], [102.0994202, 15.6361194], [102.0993009, 15.636048], [102.0992879, 15.6360402], [102.0992408, 15.635999], [102.0991664, 15.6359338], [102.099078, 15.6358027], [102.0990582, 15.6357464], [102.0990023, 15.6355876], [102.0989657, 15.6353801], [102.0989473, 15.6349021], [102.098949, 15.6346087], [102.0989504, 15.6343644], [102.0990012, 15.6338531], [102.0990342, 15.6336539], [102.0990626, 15.633482], [102.0991063, 15.6333646], [102.0991939, 15.633129], [102.0992339, 15.6330605], [102.0992401, 15.6330499], [102.0993169, 15.6329651], [102.0993915, 15.6329181], [102.0994514, 15.6328968], [102.0994941, 15.6328815], [102.0996554, 15.6328522], [102.0998309, 15.6328417], [102.0999896, 15.6328286], [102.1001008, 15.6328054], [102.1002062, 15.6327715], [102.1003169, 15.6327132], [102.100452, 15.632614], [102.100862, 15.6322543], [102.1008699, 15.6322448], [102.1008845, 15.6322273], [102.1009168, 15.6321887], [102.1009549, 15.6321314], [102.1009817, 15.6320554], [102.1009861, 15.6319796], [102.1009845, 15.6319345], [102.1009813, 15.6318473], [102.1009534, 15.6316613], [102.1008781, 15.6314732], [102.100814, 15.6313768], [102.1006185, 15.6310824], [102.1003846, 15.6307291], [102.1001451, 15.6303839], [102.100098, 15.6303506], [102.0999732, 15.6302621], [102.0996928, 15.6301526], [102.0992844, 15.6300638], [102.0990995, 15.6300333], [102.099058, 15.6300265], [102.0988282, 15.6299514], [102.0985776, 15.6298389], [102.0985363, 15.6298204], [102.0981066, 15.6296184], [102.0977673, 15.6294854], [102.0976358, 15.6294549], [102.0974735, 15.6294469], [102.0972938, 15.6294643], [102.0971872, 15.6294747], [102.0970424, 15.6294876], [102.0969642, 15.6294833], [102.0968859, 15.6294655], [102.0966336, 15.6293717], [102.0965492, 15.629334], [102.0962827, 15.6292146], [102.096165, 15.629173], [102.0960979, 15.6291605], [102.0960226, 15.6291615], [102.0959587, 15.6291759], [102.0958506, 15.629218], [102.0956765, 15.6293258], [102.0956034, 15.6293769], [102.0955789, 15.629394], [102.0954751, 15.6294665], [102.0953735, 15.6295679], [102.0953059, 15.6297066], [102.0952583, 15.6298829], [102.0952522, 15.6300289], [102.0952909, 15.6301932], [102.0953802, 15.6303864], [102.0955024, 15.6305342], [102.0955454, 15.6305862], [102.0955989, 15.6306508], [102.0956505, 15.630692], [102.0957654, 15.6307836], [102.09592, 15.6308705], [102.0961339, 15.6309671], [102.0961811, 15.6309884], [102.0964358, 15.6310497], [102.0964924, 15.6310566], [102.0966732, 15.6310788], [102.0968957, 15.6310979], [102.097159, 15.6311205], [102.0973321, 15.6311521], [102.0975168, 15.6311857], [102.0978587, 15.6312971], [102.0979964, 15.6313708], [102.0980841, 15.631456], [102.0981155, 15.6315042], [102.0981388, 15.6315687], [102.0981483, 15.6316442], [102.0981466, 15.6317172], [102.0981225, 15.6317824], [102.0980625, 15.6318724], [102.097906, 15.632034], [102.0977328, 15.6321959], [102.0977159, 15.6322077], [102.0975722, 15.632309], [102.0974134, 15.6324209], [102.0973493, 15.6324661], [102.0973096, 15.632496], [102.0972252, 15.6325597], [102.0971318, 15.6326529], [102.0970554, 15.6327593], [102.0968574, 15.6331323], [102.0968238, 15.6331917], [102.0967895, 15.6332521], [102.0967454, 15.6333018], [102.0967045, 15.6333479], [102.0964295, 15.6335976], [102.096187, 15.6337875], [102.0959659, 15.6339176], [102.0958244, 15.6339655], [102.0956881, 15.6339863], [102.0956359, 15.6339894], [102.0955836, 15.6339925], [102.0955683, 15.6339934], [102.0954499, 15.6339841], [102.095356, 15.633968], [102.0953197, 15.6339618], [102.0952215, 15.6339254], [102.0951343, 15.6338699], [102.095069, 15.6337952], [102.0950496, 15.6337535], [102.0950439, 15.6337411], [102.0950315, 15.6337146], [102.0950163, 15.6336284], [102.0950161, 15.6336135], [102.0950131, 15.633415], [102.0950443, 15.6330822], [102.0950724, 15.6327225], [102.0950667, 15.6325307], [102.0950251, 15.6323611], [102.0949245, 15.6321599], [102.0948053, 15.6320184], [102.0947587, 15.6319733], [102.0947158, 15.6319317], [102.0946044, 15.631824], [102.0943857, 15.6316546], [102.0942377, 15.63154], [102.0941224, 15.6314592], [102.0936487, 15.6311269], [102.093422, 15.6309381], [102.0934031, 15.6309223], [102.0933748, 15.6308871], [102.0933235, 15.6308234], [102.0932577, 15.6307109], [102.0932256, 15.6306114], [102.0932207, 15.6304764], [102.093218, 15.6302927], [102.0932013, 15.630144], [102.0931826, 15.629977], [102.093144, 15.6298025], [102.0930778, 15.629503], [102.0928717, 15.6287737], [102.09275, 15.6284674], [102.0925394, 15.6279976], [102.0923412, 15.6276113], [102.0922477, 15.6275099], [102.0921771, 15.6274515], [102.0920874, 15.6274176], [102.0919924, 15.6274055], [102.0918727, 15.627418], [102.0917617, 15.6274492], [102.0916262, 15.6275268], [102.0914055, 15.6276812], [102.0910639, 15.6279589], [102.0909541, 15.6280712], [102.0909241, 15.6281193], [102.0908996, 15.6281585], [102.09089, 15.6281812], [102.0908592, 15.6282536], [102.0908235, 15.6283675], [102.0907262, 15.628677], [102.0906514, 15.6288969], [102.0905391, 15.6291774], [102.090474, 15.6293398], [102.0902984, 15.6298046], [102.0902595, 15.6299075], [102.0902054, 15.630019], [102.0901816, 15.6301031], [102.0901771, 15.6301734], [102.0901791, 15.630199], [102.090184, 15.6302625], [102.0902045, 15.6303298], [102.0902387, 15.6303806], [102.0902752, 15.6304223], [102.0903976, 15.6305594], [102.0904392, 15.63062], [102.0904546, 15.6306423], [102.090461, 15.6306729], [102.0904666, 15.6306989], [102.090467, 15.6307262], [102.0904674, 15.6307556], [102.090449, 15.6308316], [102.0904269, 15.6308741], [102.0904165, 15.6308942], [102.0903442, 15.6309739], [102.0903123, 15.6310091], [102.0902356, 15.6310993], [102.0901702, 15.6312029], [102.0901274, 15.6313197], [102.0901068, 15.6314362], [102.0901139, 15.6315361], [102.09012, 15.6315628], [102.0901335, 15.6316222], [102.0901694, 15.6317028], [102.0902318, 15.6317776], [102.0903102, 15.6318693], [102.0903482, 15.6319137], [102.0903969, 15.6320022], [102.0904528, 15.6321986], [102.0904804, 15.6323658], [102.0904857, 15.6325278], [102.0904922, 15.6331518], [102.0904697, 15.6333197], [102.09043, 15.6334634], [102.0903951, 15.6335504], [102.0902942, 15.6337031], [102.0902441, 15.633763], [102.0902287, 15.6337814], [102.0900723, 15.6339683], [102.0898796, 15.6341332], [102.0898277, 15.6341711], [102.0896948, 15.6342681], [102.0895178, 15.6343652], [102.0893348, 15.6344326], [102.0891763, 15.6344619], [102.0890625, 15.6344705], [102.0890454, 15.6344718], [102.0889225, 15.6344519], [102.0888908, 15.6344382], [102.0887597, 15.6343813], [102.0887266, 15.6343604], [102.0886049, 15.6342835], [102.088472, 15.6341611], [102.0882555, 15.6338534], [102.0880833, 15.6334998], [102.0880569, 15.6334455], [102.0877165, 15.6328721], [102.0875359, 15.6325424], [102.0873614, 15.6322449], [102.0870841, 15.6317868], [102.0869477, 15.6316185], [102.0869185, 15.6315866], [102.0863723, 15.630989], [102.0861303, 15.6307098], [102.086046, 15.6306126], [102.0860033, 15.6305549], [102.0859748, 15.6305163], [102.0859373, 15.6304331], [102.0859051, 15.6303282], [102.0859037, 15.6302363], [102.0859247, 15.6301442], [102.0859738, 15.6300732], [102.0860643, 15.629972], [102.0862299, 15.6298643], [102.0864433, 15.6297748], [102.0865656, 15.6297488], [102.0866333, 15.629739], [102.0867103, 15.6297278], [102.0868161, 15.6297182], [102.0871007, 15.6297358], [102.0872193, 15.6297388], [102.0873099, 15.629741], [102.0874242, 15.6297367], [102.087552, 15.6297079], [102.0877378, 15.6296404], [102.0881223, 15.6294405], [102.0886113, 15.6291364], [102.0890418, 15.6288439], [102.0891127, 15.6287688], [102.0891297, 15.6287508], [102.0892058, 15.6286711], [102.0892395, 15.6286358], [102.0893321, 15.628494], [102.0894131, 15.6283172], [102.089456, 15.6281986], [102.0895527, 15.627931], [102.0895604, 15.6279099], [102.0895716, 15.6278889], [102.0896743, 15.6276975], [102.0897546, 15.6274721], [102.0897602, 15.6274407], [102.0897751, 15.6273584], [102.0897866, 15.6272307], [102.0897895, 15.6271988], [102.0897847, 15.6270818], [102.0897413, 15.6269636], [102.0897297, 15.6269321], [102.0897161, 15.626913], [102.0896609, 15.626836], [102.0896073, 15.6267609], [102.0894659, 15.6266332], [102.0893368, 15.6265756], [102.0892081, 15.626545], [102.0889013, 15.626518], [102.088674, 15.6265127], [102.0884497, 15.626513], [102.0882255, 15.6265275], [102.087958, 15.6265623], [102.0876212, 15.6266405], [102.0871894, 15.6267934], [102.0866796, 15.6269925], [102.0860904, 15.6272076], [102.0859958, 15.6272421], [102.0858098, 15.6272882], [102.0857739, 15.6272971], [102.085633, 15.6273319], [102.0855595, 15.6273447], [102.0850314, 15.6274364], [102.0846707, 15.6274753], [102.0843441, 15.6274545], [102.0841624, 15.6274193], [102.0840724, 15.6274019], [102.0838496, 15.6273147], [102.0836029, 15.6271826], [102.0833105, 15.6269185], [102.0832571, 15.626857], [102.0832121, 15.6268052], [102.0831386, 15.6267205], [102.0830905, 15.6266223], [102.0830801, 15.6265124], [102.0830795, 15.6264697], [102.0830783, 15.626391], [102.0830937, 15.6262524], [102.0831469, 15.6261105], [102.0832382, 15.6259794], [102.0833131, 15.6259218], [102.0833885, 15.625901], [102.0834846, 15.625894], [102.0836918, 15.6259222], [102.0839433, 15.6259836], [102.0844397, 15.6261585], [102.0845057, 15.6261818], [102.0847927, 15.6262822], [102.0851259, 15.6263509], [102.0852981, 15.6263711], [102.0853955, 15.6263706], [102.0856098, 15.6263695], [102.0859272, 15.6263566], [102.0860571, 15.6263384], [102.086151, 15.6263252], [102.0863453, 15.6262632], [102.0866492, 15.6261262], [102.0867873, 15.6260113], [102.0868843, 15.6258772], [102.0869433, 15.6257296], [102.0869696, 15.6255372], [102.0869676, 15.6254046], [102.0869087, 15.6251683], [102.0867705, 15.6248907], [102.086762, 15.6248779], [102.0867386, 15.6248427], [102.0865529, 15.6245634], [102.0863822, 15.6242524], [102.0863277, 15.6241149], [102.0863214, 15.6240932], [102.0862724, 15.6239236], [102.0862408, 15.6237603], [102.0862256, 15.6236414], [102.0861781, 15.62327], [102.086123, 15.6230957], [102.0860825, 15.6230212], [102.0860748, 15.6230069], [102.0860331, 15.6229304], [102.0858637, 15.6227069], [102.0854881, 15.6223339], [102.0852347, 15.6221426], [102.0850026, 15.6220132], [102.0847859, 15.6219169], [102.0846947, 15.6218763], [102.0844981, 15.6217831], [102.0843038, 15.6216503], [102.0840734, 15.6214418], [102.0838847, 15.621292], [102.0837584, 15.6212204], [102.0836033, 15.6211774], [102.083475, 15.6211651], [102.0833382, 15.6211755], [102.0831436, 15.6212149], [102.0829815, 15.6212878], [102.0828835, 15.6213597], [102.0828064, 15.6214596], [102.0827645, 15.6215816], [102.0827611, 15.6216134], [102.0827548, 15.6216726], [102.0827492, 15.6217258], [102.0827558, 15.6217797], [102.0827672, 15.6218723], [102.0827724, 15.6219147], [102.0828334, 15.6220973], [102.0829682, 15.6223467], [102.0831252, 15.6225506], [102.0831703, 15.6226093], [102.0835462, 15.6230049], [102.0837599, 15.6231802], [102.0837763, 15.6231936], [102.0843002, 15.6235037], [102.0845405, 15.6236459], [102.0847797, 15.6237903], [102.0847904, 15.6237968], [102.084961, 15.6238997], [102.085041, 15.6239918], [102.0850802, 15.6240788], [102.0850989, 15.6241604], [102.085106, 15.6242478], [102.0850874, 15.6243638], [102.0850017, 15.624478], [102.0848543, 15.6245591], [102.0846482, 15.6246128], [102.0844242, 15.6246329], [102.0841441, 15.624603], [102.0840802, 15.6245904], [102.0838489, 15.624545], [102.0835281, 15.6245184], [102.08348, 15.6245164], [102.0834692, 15.6245159], [102.0832278, 15.6245057], [102.0831381, 15.6245094], [102.0829133, 15.6245186], [102.0827157, 15.6245496], [102.0825765, 15.6245968], [102.0824145, 15.6246696], [102.082163, 15.6248058], [102.0820391, 15.6248979], [102.0820124, 15.6249223], [102.0818078, 15.6251086], [102.0817431, 15.6251675], [102.0816549, 15.6252642], [102.0814249, 15.6255164], [102.0812032, 15.6256889], [102.0810328, 15.625793], [102.080723, 15.6259215], [102.0804707, 15.6259985], [102.0803813, 15.6260102], [102.080302, 15.6260206], [102.0801708, 15.6260112], [102.0800362, 15.6259707], [102.0798949, 15.6258795], [102.0797618, 15.6257459], [102.0796686, 15.6255524], [102.0796341, 15.6253891], [102.0796346, 15.6253154], [102.079635, 15.6252507], [102.079671, 15.6251232], [102.0796837, 15.6250949], [102.0798091, 15.6248163], [102.0798348, 15.6247536], [102.0798963, 15.6246034], [102.0799808, 15.6244102], [102.0801062, 15.6242249], [102.0804528, 15.6238304], [102.0806696, 15.6236255], [102.0806805, 15.6236153], [102.0807193, 15.6235785], [102.0808442, 15.6235087], [102.0810355, 15.6234383], [102.0811343, 15.6234256], [102.0811957, 15.6234296], [102.0813109, 15.6234371], [102.0813472, 15.6234395], [102.0814724, 15.6234349], [102.0815828, 15.6234108], [102.0816282, 15.6233908], [102.0817235, 15.6233489], [102.081742, 15.6233408], [102.0818954, 15.6232737], [102.0819531, 15.623239], [102.0819961, 15.6231876], [102.0820268, 15.6231025], [102.0820341, 15.6230007], [102.0820208, 15.6228964], [102.0820119, 15.6228803], [102.081931, 15.622734], [102.081796, 15.6225914], [102.0817356, 15.6225278], [102.0815561, 15.6224074], [102.0813148, 15.6222457], [102.0809428, 15.6220047], [102.0809317, 15.6219981], [102.0807681, 15.6219231], [102.0806979, 15.6219071], [102.0806614, 15.6219061], [102.080628, 15.6219053], [102.080535, 15.6219235], [102.0805231, 15.6219274], [102.0803314, 15.6219908], [102.0803118, 15.6219972], [102.0801913, 15.6220488], [102.0801765, 15.6220552], [102.080125, 15.6220772], [102.0801004, 15.6220877], [102.0800218, 15.6221372], [102.0799994, 15.6221512], [102.0798062, 15.6222838], [102.0796147, 15.6224136], [102.0794572, 15.6225202], [102.079053, 15.6227631], [102.0789393, 15.6228222], [102.0788188, 15.622885], [102.0786305, 15.6229582], [102.0781866, 15.6230802], [102.077885, 15.6231776], [102.0776534, 15.623274], [102.0773382, 15.6234337], [102.0772552, 15.6234725], [102.0766294, 15.6237655], [102.0760989, 15.6240027], [102.0759059, 15.624089], [102.0756334, 15.624186], [102.0753983, 15.6242402], [102.0751422, 15.6242635], [102.0749615, 15.6242548], [102.0748065, 15.6242146], [102.0747095, 15.6241595], [102.0746798, 15.6241261], [102.074658, 15.6241016], [102.0746176, 15.6240563], [102.0746081, 15.6240328], [102.0745541, 15.6238991], [102.0745099, 15.6236738], [102.0745073, 15.623635], [102.0744913, 15.6234002], [102.0745046, 15.6233123], [102.0745417, 15.6230664], [102.0746137, 15.6228197], [102.0746504, 15.6227223], [102.0746726, 15.6226636], [102.0746788, 15.6226535], [102.0748034, 15.62245], [102.0749112, 15.6222537], [102.0749632, 15.6221259], [102.0749797, 15.6220852], [102.0750152, 15.6219981], [102.075073, 15.6217743], [102.0750827, 15.6216443], [102.0750621, 15.62152], [102.0750603, 15.6215091], [102.074982, 15.6213351], [102.0748453, 15.6211592], [102.0746141, 15.6209616], [102.0745266, 15.6208869], [102.074462, 15.6208358], [102.0742288, 15.6206511], [102.0741129, 15.6205793], [102.074085, 15.620562], [102.0739436, 15.6204744], [102.0737589, 15.6203951], [102.0736081, 15.6203522], [102.0735745, 15.6203427], [102.0734339, 15.6203138], [102.0733542, 15.6202975], [102.0734008, 15.6181356], [102.0734895, 15.6140272], [102.0734784, 15.6132809], [102.0734801, 15.6131801], [102.0730914, 15.6096407], [102.0728162, 15.6071343], [102.0724414, 15.60542], [102.0720553, 15.6036538], [102.0711685, 15.6015077], [102.0707647, 15.6016443], [102.0707026, 15.6015344], [102.0704427, 15.6012945], [102.069557, 15.6004778], [102.0690316, 15.5979986], [102.068649, 15.5971349], [102.0669975, 15.5948915], [102.066547, 15.5943598], [102.0660089, 15.5937247], [102.0649054, 15.592695], [102.0639386, 15.5918563], [102.0636619, 15.5916201], [102.0634143, 15.5914087], [102.0630889, 15.5911527], [102.0627927, 15.5909196], [102.0625048, 15.590313], [102.0623278, 15.5898008], [102.0614305, 15.5890548], [102.0608971, 15.588686], [102.0605457, 15.588443], [102.0603966, 15.5879314], [102.0603433, 15.5875541], [102.0603196, 15.587016], [102.0603598, 15.5867117], [102.0603814, 15.5864854], [102.0603924, 15.5864654], [102.0606458, 15.5858293], [102.0607234, 15.5857401], [102.0608047, 15.5856465], [102.060984, 15.5851365], [102.0611007, 15.584329], [102.0613377, 15.5839286], [102.0616409, 15.5834163], [102.0619178, 15.58295], [102.0621255, 15.5826003], [102.0620881, 15.5819269], [102.0618928, 15.5817522], [102.0605144, 15.5805187], [102.0598306, 15.5800884], [102.0588561, 15.5794752], [102.0581365, 15.5790224], [102.0541676, 15.5746259], [102.052551, 15.5717876], [102.051749, 15.5703795], [102.0475535, 15.5630129], [102.0474814, 15.5629045], [102.0474683, 15.5629083], [102.047472, 15.5628904], [102.0463306, 15.5611753], [102.0441422, 15.5575022], [102.042914, 15.5552595], [102.0412875, 15.5525346], [102.0410819, 15.5523108], [102.0410492, 15.5523132], [102.0408721, 15.5523292], [102.0407538, 15.5523383], [102.0407068, 15.552344], [102.0406426, 15.5523556], [102.0406035, 15.5523646], [102.0405765, 15.5523745], [102.0405304, 15.5523967], [102.0405349, 15.552215], [102.0405466, 15.5519682], [102.0405503, 15.551851], [102.040551, 15.5517329], [102.0398664, 15.5509876], [102.0391354, 15.5502065], [102.0384158, 15.5495324], [102.0379844, 15.5487719], [102.0377427, 15.5480145], [102.037715, 15.5474324], [102.0377258, 15.5469447], [102.0377856, 15.5466785], [102.0378318, 15.5464726], [102.0379328, 15.5462208], [102.0380048, 15.5460412], [102.0381057, 15.5457316], [102.0381797, 15.5455038], [102.0384117, 15.5451724], [102.0386439, 15.5448405], [102.038863, 15.5444697], [102.0390824, 15.5440985], [102.0391529, 15.5436404], [102.03921, 15.5432694], [102.0393396, 15.5425656], [102.0394099, 15.5421835], [102.0394423, 15.5420076], [102.039612, 15.5413381], [102.0397411, 15.5408286], [102.0399848, 15.5401383], [102.040162, 15.5396364], [102.0403221, 15.5391881], [102.0404382, 15.5388628], [102.0406905, 15.5381798], [102.0408727, 15.5376864], [102.0409155, 15.5375177], [102.0409003, 15.5375072], [102.0409219, 15.5374923], [102.0413355, 15.5358616], [102.0419963, 15.5324979], [102.0422497, 15.5313239], [102.0423317, 15.5308825], [102.0425414, 15.5300162], [102.0425443, 15.5299686], [102.0426262, 15.5286594], [102.0425121, 15.528302], [102.0423122, 15.5274933], [102.0417158, 15.5267938], [102.0414139, 15.5263261], [102.0405604, 15.5255297], [102.0403171, 15.5242588], [102.0400468, 15.5235672], [102.0399482, 15.523117], [102.0399102, 15.5223907], [102.0399176, 15.522061], [102.039955, 15.5217167], [102.0399863, 15.5214279], [102.0399897, 15.5213328], [102.0400225, 15.5204003], [102.0399402, 15.5198314], [102.0394111, 15.5191604], [102.0384897, 15.5181907], [102.0384547, 15.5181538], [102.0379242, 15.5175069], [102.0378033, 15.5170767], [102.0376221, 15.516432], [102.0372188, 15.5156057], [102.036986, 15.5153349], [102.0369755, 15.5152575], [102.0369738, 15.5152447], [102.0369763, 15.5150677], [102.0366649, 15.5129957], [102.0365097, 15.5126491], [102.0358213, 15.512053], [102.0330633, 15.501769], [102.0330228, 15.5016177], [102.032624, 15.5000974], [102.0325676, 15.4991181], [102.032503, 15.4987657], [102.0324894, 15.4986841], [102.0324637, 15.4986595], [102.0324259, 15.4986235], [102.0323788, 15.4985821], [102.0323624, 15.4985574], [102.0323543, 15.4985383], [102.0323578, 15.4984895], [102.0323831, 15.4984051], [102.0324777, 15.498177], [102.0325409, 15.4967274], [102.0325581, 15.4965228], [102.0325626, 15.4964688], [102.0328101, 15.4935267], [102.0329741, 15.4917029], [102.0330064, 15.4913441], [102.0330445, 15.4909199], [102.0331081, 15.490698], [102.0336804, 15.4887005], [102.0347279, 15.4852717], [102.034994, 15.4844027], [102.0352357, 15.4836136], [102.0357337, 15.4819878], [102.0357095, 15.4814128], [102.0356444, 15.4798665], [102.034962, 15.4779731], [102.0330374, 15.4756684], [102.0318091, 15.4747532], [102.0308797, 15.4740608], [102.0281316, 15.4721181], [102.0254136, 15.4710831], [102.024839, 15.4708644], [102.0239773, 15.4703502], [102.0232891, 15.4699396], [102.0214784, 15.4684275], [102.0202737, 15.4674215], [102.018001, 15.4655958], [102.0163597, 15.4636463], [102.0162517, 15.4635267], [102.0158375, 15.4631237], [102.0142799, 15.4614616], [102.0137969, 15.4609891], [102.0108438, 15.458836], [102.009999, 15.45822], [102.0096509, 15.4579662], [102.0095227, 15.4580541], [102.0087728, 15.4585688], [102.0081085, 15.4589068], [102.0074896, 15.4592216], [102.0070731, 15.4593218], [102.0062723, 15.4595146], [102.005408, 15.4597225], [102.0036446, 15.460028], [102.0023865, 15.460321], [102.0022961, 15.4603318], [102.0020525, 15.4603609], [102.0018809, 15.4603814], [102.0017633, 15.4603954], [102.0014347, 15.4604346], [102.0010435, 15.4612362], [102.0008797, 15.4614927], [102.0008137, 15.4615961], [102.000568, 15.4618609], [102.0004535, 15.4619547], [102.0002812, 15.4620959], [102.0002125, 15.4621521], [101.9999551, 15.4622902], [101.9998062, 15.46237], [101.9996207, 15.4624382], [101.9995862, 15.4624508], [101.9985429, 15.4626921], [101.9982775, 15.4627502], [101.9947681, 15.4635183], [101.9939648, 15.46369], [101.9924639, 15.4640107], [101.9903117, 15.4644161], [101.9898598, 15.4644959], [101.9891498, 15.4646213], [101.9873502, 15.4643099], [101.9838541, 15.4636062], [101.9809327, 15.4624567], [101.9771632, 15.460693], [101.9739196, 15.4589131], [101.9729339, 15.4583722], [101.9713541, 15.4579548], [101.9706329, 15.4577643], [101.9670197, 15.4568098], [101.9648156, 15.4562274], [101.9638238, 15.4560734], [101.962456, 15.4558609], [101.9592516, 15.4553632], [101.9558437, 15.4549786], [101.953303, 15.4546918], [101.9492783, 15.4547454], [101.947236, 15.4547726], [101.9453462, 15.4550118], [101.9433696, 15.455262], [101.9404067, 15.4557394], [101.9373626, 15.4564322], [101.9368119, 15.4553894], [101.9385858, 15.4545514], [101.9379958, 15.4528368], [101.9379945, 15.4528183], [101.9379966, 15.4527982], [101.9380023, 15.4527788], [101.9380107, 15.452762], [101.9380002, 15.4524716], [101.9379826, 15.4524061], [101.9379439, 15.452291], [101.937895, 15.452171], [101.937885, 15.4521499], [101.9378531, 15.4520945], [101.9378148, 15.4520431], [101.9377707, 15.4519964], [101.9377212, 15.451955], [101.9377068, 15.4519446], [101.9376369, 15.4518923], [101.9375647, 15.4518294], [101.937545, 15.4518104], [101.9374077, 15.4516768], [101.937379, 15.4516492], [101.9373581, 15.4516286], [101.937303, 15.451567], [101.937254, 15.4515008], [101.9372114, 15.4514306], [101.9371935, 15.451396], [101.9371807, 15.4513664], [101.9371663, 15.4513175], [101.9371594, 15.4512672], [101.9371588, 15.4512457], [101.9371558, 15.4511911], [101.9371453, 15.4511319], [101.9371274, 15.4510744], [101.9371223, 15.4510617], [101.9370887, 15.45098], [101.9369955, 15.4507422], [101.9369679, 15.4506592], [101.9369471, 15.4505729], [101.9369335, 15.4504852], [101.9369273, 15.4503968], [101.936927, 15.4503788], [101.936926, 15.450317], [101.936918, 15.4501047], [101.9369155, 15.4500631], [101.9369126, 15.4500387], [101.9369015, 15.4499989], [101.9368826, 15.4499608], [101.9368542, 15.4499051], [101.9368327, 15.4498466], [101.9368265, 15.4498239], [101.9368161, 15.4497664], [101.9368132, 15.4497081], [101.9368158, 15.4496653], [101.9368372, 15.4494816], [101.9368414, 15.4494512], [101.9368439, 15.4494198], [101.9368408, 15.449377], [101.9368302, 15.4493352], [101.9368249, 15.4493212], [101.9368177, 15.4493047], [101.9367856, 15.4492426], [101.9367597, 15.4492021], [101.9367326, 15.449163], [101.9367036, 15.4491855], [101.9366626, 15.4492091], [101.9366183, 15.4492262], [101.9365718, 15.4492363], [101.9365292, 15.4492393], [101.935647, 15.4492413], [101.9352978, 15.4492451], [101.9357895, 15.4479049], [101.9358781, 15.4474935], [101.9358952, 15.4474136], [101.9353713, 15.4476659], [101.9342435, 15.4480495], [101.9332154, 15.4485515], [101.9331485, 15.4481404], [101.932997, 15.4467343], [101.9328114, 15.4459476], [101.9324955, 15.4449531], [101.9314563, 15.4448916], [101.9315661, 15.4440351], [101.9320256, 15.4416893], [101.9320354, 15.4416401], [101.9320535, 15.4415487], [101.9321533, 15.4410697], [101.9321727, 15.4409806], [101.9321936, 15.4408751], [101.9322145, 15.4407359], [101.9322276, 15.4405995], [101.9322249, 15.4405415], [101.9322141, 15.4404986], [101.9321915, 15.4404505], [101.9321812, 15.4404361], [101.9321671, 15.440422], [101.9321506, 15.4404105], [101.9321324, 15.4404019], [101.9321104, 15.4403961], [101.9320505, 15.4403856], [101.9319908, 15.4403736], [101.9319359, 15.4403649], [101.9318733, 15.4403622], [101.9318033, 15.440368], [101.9317616, 15.4403709], [101.9317188, 15.4403666], [101.9316835, 15.4403574], [101.9316554, 15.4403457], [101.9316212, 15.4403245], [101.9315916, 15.4402976], [101.9315679, 15.4402663], [101.9315567, 15.4401916], [101.9315156, 15.4394302], [101.9315398, 15.4376159], [101.9315457, 15.4372129], [101.9315987, 15.4369537], [101.9317305, 15.4361706], [101.9309284, 15.4360587], [101.9301037, 15.435989], [101.929878, 15.4359694], [101.9295064, 15.4359255], [101.9287013, 15.4358785], [101.9286711, 15.4358766], [101.9285471, 15.4358639], [101.9284242, 15.435844], [101.9283667, 15.4358321], [101.9282814, 15.4358144], [101.9281221, 15.4357869], [101.9279648, 15.4357669], [101.9277029, 15.4357372], [101.9276147, 15.4357263], [101.9275133, 15.435716], [101.9273941, 15.4357107], [101.9273474, 15.4357106], [101.9272847, 15.4357105], [101.9271467, 15.4357049], [101.9270092, 15.4356922], [101.9269725, 15.4356875], [101.926652, 15.4356483], [101.9263338, 15.4356168], [101.9262815, 15.4356123], [101.9253846, 15.4355342], [101.9244447, 15.4354466], [101.9241041, 15.4354169], [101.923925, 15.4354013], [101.923345, 15.4353508], [101.9223583, 15.4353073], [101.9219498, 15.4352972], [101.921899, 15.4352931], [101.9217692, 15.435283], [101.9216836, 15.4352675], [101.9216394, 15.4352528], [101.9214869, 15.4352112], [101.9213064, 15.4351917], [101.9212624, 15.435195], [101.9211821, 15.4351745], [101.9211585, 15.4351575], [101.9211426, 15.4351248], [101.9211302, 15.4350684], [101.9209909, 15.4352892], [101.9207744, 15.4353898], [101.9204435, 15.4354816], [101.9199001, 15.4356689], [101.9194691, 15.4358493], [101.9191731, 15.436017], [101.9187212, 15.4363124], [101.9182864, 15.4366185], [101.9181878, 15.436674], [101.9180795, 15.436722], [101.9179853, 15.436761], [101.9178776, 15.4368042], [101.9178387, 15.4368185], [101.9177605, 15.4368411], [101.9176804, 15.4368566], [101.9176662, 15.4368586], [101.917591, 15.4368704], [101.9174923, 15.4368924], [101.917407, 15.4369176], [101.9173037, 15.436954], [101.9171714, 15.4370075], [101.9170488, 15.4370646], [101.9169621, 15.4370811], [101.9169179, 15.4370772], [101.9167897, 15.4370764], [101.9163724, 15.4370314], [101.9158816, 15.4369614], [101.9156, 15.4369487], [101.9153692, 15.4369517], [101.9150489, 15.4369941], [101.9149265, 15.4370206], [101.9141091, 15.4365597], [101.9123898, 15.4355902], [101.9117999, 15.4346736], [101.9110567, 15.4335189], [101.9110148, 15.4334491], [101.9110228, 15.4330835], [101.91102, 15.4329307], [101.9110223, 15.4327904], [101.9110276, 15.4326789], [101.9110349, 15.4325787], [101.9110652, 15.4320846], [101.9110419, 15.4315898], [101.9109881, 15.43109], [101.9109612, 15.4309085], [101.9109374, 15.4306647], [101.9109236, 15.4304787], [101.9108932, 15.4302317], [101.9108845, 15.4301347], [101.9108763, 15.4299894], [101.9109088, 15.4297273], [101.9109205, 15.4295448], [101.910924, 15.4295132], [101.9109354, 15.42946], [101.9109442, 15.4294325], [101.9109549, 15.4294056], [101.9109659, 15.4293652], [101.9109756, 15.429319], [101.9109823, 15.4292722], [101.9109866, 15.429215], [101.9109929, 15.4290011], [101.9109929, 15.4289586], [101.9109955, 15.4289112], [101.9110053, 15.428811], [101.9110207, 15.4287115], [101.9110448, 15.4286013], [101.9110758, 15.4284927], [101.9110951, 15.4283961], [101.9111303, 15.428249], [101.9111465, 15.428187], [101.9111647, 15.4281255], [101.9111958, 15.4280332], [101.9112246, 15.4279741], [101.9112955, 15.4278394], [101.9113185, 15.4277569], [101.9113418, 15.4276494], [101.9113578, 15.4275408], [101.9113654, 15.4273435], [101.9113704, 15.427054], [101.9113655, 15.4269217], [101.9113625, 15.4267893], [101.9113614, 15.426657], [101.9113623, 15.4265246], [101.9113678, 15.4263148], [101.9113888, 15.4258186], [101.9113984, 15.4254835], [101.9114016, 15.4253163], [101.9114008, 15.425037], [101.9114022, 15.4247483], [101.9113998, 15.4247195], [101.9113944, 15.4246912], [101.911386, 15.4246635], [101.9113747, 15.4246368], [101.9113608, 15.4246115], [101.9113443, 15.4245878], [101.9113029, 15.4245142], [101.9112596, 15.4244416], [101.9112157, 15.424372], [101.91117, 15.4243035], [101.9111621, 15.424274], [101.9111577, 15.4242438], [101.9111568, 15.4242214], [101.9111614, 15.4238364], [101.9111597, 15.4235086], [101.9111842, 15.4231635], [101.9112144, 15.4228188], [101.9112192, 15.42263], [101.9112182, 15.4225919], [101.911215, 15.4225539], [101.9112047, 15.4224891], [101.9111881, 15.4224255], [101.9111654, 15.4223637], [101.9111368, 15.4223043], [101.9109285, 15.4219796], [101.9107369, 15.4216705], [101.9105956, 15.4214964], [101.9104497, 15.4213259], [101.9103841, 15.4212629], [101.9103161, 15.4212024], [101.9102456, 15.4211445], [101.9101729, 15.4210893], [101.9101077, 15.4210436], [101.910041, 15.421], [101.909804, 15.4208571], [101.9096518, 15.4207738], [101.9092189, 15.4205276], [101.9090056, 15.420408], [101.908954, 15.4203755], [101.9089038, 15.4203409], [101.9088551, 15.4203045], [101.908808, 15.4202661], [101.9087649, 15.4202281], [101.9086462, 15.4201179], [101.9085926, 15.4200657], [101.9085403, 15.4200122], [101.9084795, 15.4199465], [101.9084208, 15.419879], [101.9081967, 15.4196425], [101.9079739, 15.4194048], [101.9077202, 15.4191306], [101.9076529, 15.4190544], [101.9075835, 15.4189695], [101.9075177, 15.4188821], [101.9074698, 15.4188137], [101.9073571, 15.4186452], [101.9073107, 15.4185677], [101.907268, 15.4184882], [101.9072289, 15.4184071], [101.9071936, 15.4183243], [101.907163, 15.4182428], [101.9071361, 15.41816], [101.9071052, 15.41801], [101.9070708, 15.4178606], [101.9070319, 15.4177077], [101.9069893, 15.4175557], [101.9069777, 15.417506], [101.90695, 15.4173727], [101.9069255, 15.4172307], [101.9069151, 15.4171998], [101.9068994, 15.4171711], [101.9068833, 15.4171505], [101.9068645, 15.4171322], [101.9068432, 15.4171166], [101.9068199, 15.4171041], [101.9067916, 15.4170938], [101.9067132, 15.4170761], [101.9066467, 15.4170557], [101.9065807, 15.4170294], [101.9065173, 15.4169978], [101.9064347, 15.4169358], [101.9063564, 15.4168689], [101.9062827, 15.4167972], [101.9062139, 15.4167212], [101.9061521, 15.4166436], [101.9061014, 15.4165552], [101.9060731, 15.4164982], [101.9060474, 15.4164401], [101.9060209, 15.4163714], [101.9059945, 15.4162894], [101.9059851, 15.416265], [101.9059562, 15.4161964], [101.9059242, 15.416129], [101.9058795, 15.4160458], [101.9058502, 15.4159965], [101.9058191, 15.4159482], [101.9056853, 15.4157122], [101.905662, 15.4156568], [101.9056345, 15.4156032], [101.905611, 15.4155642], [101.9055854, 15.4155266], [101.9055545, 15.4154866], [101.9055212, 15.4154487], [101.9051631, 15.4150751], [101.9050317, 15.4149196], [101.904897, 15.4147668], [101.9044456, 15.4142784], [101.9042632, 15.4140879], [101.9040719, 15.4138971], [101.9038788, 15.4137079], [101.9037485, 15.4135945], [101.9036154, 15.4134841], [101.9035922, 15.4134657], [101.9034874, 15.4133828], [101.9033823, 15.4133047], [101.9033639, 15.413291], [101.9032422, 15.4132059], [101.9030314, 15.4130653], [101.9029163, 15.4129908], [101.9027998, 15.4129184], [101.9026976, 15.4128654], [101.9025945, 15.4128142], [101.9024645, 15.4127531], [101.9022679, 15.4126651], [101.902191, 15.4126271], [101.9021154, 15.4125868], [101.9020009, 15.4125198], [101.9018898, 15.4124474], [101.9018301, 15.4124051], [101.9017639, 15.4123452], [101.9016811, 15.412265], [101.9016017, 15.4121817], [101.9015345, 15.4121059], [101.90147, 15.4120278], [101.9013843, 15.4119314], [101.900922, 15.4113225], [101.9007889, 15.411158], [101.9004153, 15.4106963], [101.9003741, 15.4106471], [101.9000436, 15.4102524], [101.8998694, 15.4100408], [101.8997162, 15.4098611], [101.8996879, 15.4098245], [101.8996624, 15.409786], [101.89964, 15.4097602], [101.8995823, 15.4096984], [101.8995214, 15.4096394], [101.8993507, 15.4095075], [101.8991735, 15.4093756], [101.8991216, 15.4093341], [101.8990712, 15.409291], [101.8990122, 15.4092366], [101.8989555, 15.4091801], [101.8989011, 15.4091213], [101.8988493, 15.4090606], [101.8986807, 15.4088432], [101.8985205, 15.4086267], [101.8982484, 15.4082274], [101.8980261, 15.4079613], [101.8979037, 15.4078109], [101.8978638, 15.4077592], [101.8978296, 15.4077114], [101.8977972, 15.4076625], [101.8977664, 15.4076125], [101.8977375, 15.4075614], [101.897654, 15.4073954], [101.8975991, 15.4072754], [101.8975662, 15.407196], [101.8975356, 15.4071157], [101.8974398, 15.4068897], [101.8973277, 15.4066076], [101.8972755, 15.4064891], [101.8972614, 15.4064596], [101.897232, 15.406409], [101.8970966, 15.406185], [101.8970607, 15.4061176], [101.8970281, 15.4060487], [101.8968275, 15.4055658], [101.8967287, 15.4053344], [101.8966184, 15.4050706], [101.8965599, 15.4049357], [101.8964989, 15.4048019], [101.8963757, 15.4045092], [101.8963421, 15.40444], [101.8963061, 15.404372], [101.8962536, 15.4042818], [101.8961798, 15.4041446], [101.8961043, 15.4040082], [101.8959856, 15.4038014], [101.8958785, 15.4036354], [101.8957684, 15.4034715], [101.8955171, 15.4030478], [101.8954729, 15.4029763], [101.8954027, 15.4028713], [101.8953741, 15.4028325], [101.8953278, 15.4027694], [101.8952972, 15.4027315], [101.8951755, 15.4025884], [101.8947305, 15.4020894], [101.894286, 15.4015938], [101.8939116, 15.4012806], [101.8936111, 15.4010417], [101.8933676, 15.4008832], [101.8925255, 15.4004422], [101.892405, 15.4003575], [101.8922673, 15.4002164], [101.8921598, 15.400059], [101.8920234, 15.3998637], [101.891833, 15.399654], [101.8913253, 15.3991812], [101.8908645, 15.3987651], [101.8907095, 15.3986732], [101.8904712, 15.3985985], [101.8902716, 15.3985873], [101.8900562, 15.3985946], [101.8896774, 15.3986049], [101.8894973, 15.3985967], [101.8889193, 15.3984827], [101.8887316, 15.3984494], [101.8884911, 15.3984518], [101.8884231, 15.3984349], [101.8883655, 15.3984171], [101.8882325, 15.3983431], [101.8880502, 15.3982301], [101.8877276, 15.3980197], [101.8874486, 15.3978196], [101.8872607, 15.397739], [101.8868928, 15.3976341], [101.8864088, 15.3975197], [101.8858396, 15.3974441], [101.8857156, 15.3974449], [101.8855917, 15.3974492], [101.8854291, 15.3974602], [101.8852735, 15.3974768], [101.8852257, 15.3974783], [101.8851779, 15.3974765], [101.8851391, 15.3974727], [101.8851006, 15.3974666], [101.8849379, 15.3974331], [101.8847848, 15.3974034], [101.8847547, 15.3973916], [101.8847262, 15.3973767], [101.8846995, 15.3973589], [101.884675, 15.3973383], [101.8846446, 15.3973049], [101.8846305, 15.397285], [101.8846182, 15.3972641], [101.8845809, 15.3972171], [101.8845412, 15.3971704], [101.8845, 15.3971251], [101.8844233, 15.3970482], [101.8843682, 15.3970121], [101.8843339, 15.3969934], [101.8842985, 15.3969769], [101.8842621, 15.3969625], [101.8842248, 15.3969503], [101.8841908, 15.3969413], [101.8841562, 15.3969341], [101.883586, 15.3967884], [101.8835415, 15.3967744], [101.8834985, 15.3967564], [101.8834647, 15.3967388], [101.8834323, 15.3967189], [101.8834016, 15.3966966], [101.8833727, 15.3966721], [101.8833442, 15.3966438], [101.8831805, 15.3964656], [101.8831488, 15.3964423], [101.8831155, 15.3964213], [101.8830806, 15.3964027], [101.8830445, 15.3963866], [101.8830125, 15.3963748], [101.8829799, 15.396365], [101.8829466, 15.3963572], [101.8829129, 15.3963513], [101.882813, 15.3963427], [101.8826989, 15.3963377], [101.8825783, 15.3963374], [101.8824577, 15.3963422], [101.8823375, 15.3963521], [101.8822178, 15.3963671], [101.8820485, 15.3962687], [101.8820276, 15.3962536], [101.8820105, 15.3962381], [101.8819952, 15.3962209], [101.8819821, 15.3962027], [101.881963, 15.3961708], [101.8819377, 15.3961414], [101.8819078, 15.3961164], [101.8818639, 15.3960906], [101.8818355, 15.3960697], [101.8818073, 15.3960429], [101.881783, 15.3960128], [101.8817661, 15.3959853], [101.8817529, 15.3959573], [101.8817377, 15.3959157], [101.8817257, 15.395873], [101.8817161, 15.3958228], [101.8817109, 15.3957712], [101.8816882, 15.3956162], [101.8816824, 15.3956002], [101.8816744, 15.3955852], [101.8816643, 15.3955714], [101.8816524, 15.395559], [101.8816325, 15.3955442], [101.88161, 15.3955335], [101.8815929, 15.3955286], [101.8815468, 15.3955199], [101.8815084, 15.3955067], [101.8814776, 15.3954912], [101.8814491, 15.395472], [101.8814211, 15.3954472], [101.8812178, 15.3952366], [101.881202, 15.3952232], [101.8810935, 15.3951312], [101.880965, 15.3950307], [101.8809298, 15.3950121], [101.8808934, 15.3949958], [101.8808506, 15.3949801], [101.8807766, 15.3949578], [101.8807483, 15.3949456], [101.8807214, 15.394931], [101.8807003, 15.394917], [101.8806803, 15.3949015], [101.8806334, 15.3948572], [101.8805705, 15.3948041], [101.8805226, 15.394767], [101.8804734, 15.3947316], [101.8803985, 15.3946828], [101.8801716, 15.39455], [101.88013, 15.3945296], [101.8800867, 15.394513], [101.8800447, 15.3945012], [101.8799944, 15.3944912], [101.8799719, 15.3944842], [101.8799443, 15.3944713], [101.8799191, 15.3944545], [101.8799017, 15.3944391], [101.8798863, 15.3944219], [101.8798701, 15.3943981], [101.8797255, 15.3942104], [101.8796561, 15.3941331], [101.8795811, 15.394053], [101.8795044, 15.3939743], [101.8794663, 15.3939465], [101.8794301, 15.3939164], [101.8793962, 15.3938839], [101.8793645, 15.3938494], [101.8793351, 15.3938127], [101.8793083, 15.3937742], [101.8792778, 15.3937239], [101.8792553, 15.3936807], [101.8792377, 15.3936407], [101.8792228, 15.3935998], [101.8792105, 15.393558], [101.8792009, 15.3935156], [101.8791927, 15.3934357], [101.8791887, 15.3933554], [101.8791896, 15.3932345], [101.8791934, 15.3931418], [101.879192, 15.3931182], [101.8791877, 15.3930896], [101.8791806, 15.3930615], [101.8791722, 15.3930375], [101.8791563, 15.3930011], [101.8791477, 15.3929736], [101.879142, 15.392942], [101.8791404, 15.39291], [101.8791423, 15.3928818], [101.8791475, 15.392854], [101.8791793, 15.3927523], [101.8791863, 15.3927267], [101.8791917, 15.392699], [101.8791951, 15.3926709], [101.8791966, 15.3926427], [101.879192, 15.3925536], [101.8791948, 15.3924923], [101.8792012, 15.3924551], [101.8792099, 15.3924184], [101.8792208, 15.3923825], [101.8792408, 15.3923266], [101.8792533, 15.3922753], [101.8792599, 15.3922261], [101.8792653, 15.3921277], [101.8792758, 15.392058], [101.8792882, 15.3920058], [101.8793042, 15.3919545], [101.8793233, 15.3919077], [101.8793452, 15.3918621], [101.8793643, 15.3918275], [101.879385, 15.3917939], [101.87943, 15.3917314], [101.8794946, 15.3916325], [101.8795391, 15.3915596], [101.8795818, 15.3914857], [101.8796336, 15.3913894], [101.8796753, 15.3912981], [101.8797188, 15.3912077], [101.8797732, 15.3910982], [101.879805, 15.3910411], [101.8798132, 15.3910204], [101.8798197, 15.3909992], [101.8798243, 15.3909774], [101.8798271, 15.3909554], [101.879828, 15.3909293], [101.879822, 15.3908384], [101.8798103, 15.3907913], [101.8797919, 15.3907463], [101.8797797, 15.390724], [101.8796963, 15.3905853], [101.8794797, 15.3902395], [101.8792738, 15.3899153], [101.879141, 15.3897064], [101.8787526, 15.3891033], [101.8784996, 15.3892512], [101.877943, 15.3896279], [101.8779295, 15.389637], [101.8778558, 15.3896835], [101.8767782, 15.390364], [101.8763083, 15.3906715], [101.8757518, 15.3910357], [101.8740286, 15.3921323], [101.8729508, 15.3928181], [101.8716513, 15.393654], [101.8694208, 15.3950795], [101.8648955, 15.3979715], [101.8642598, 15.3983821], [101.8633206, 15.3989918], [101.8631336, 15.3991136], [101.8627595, 15.3993281], [101.8623135, 15.3996194], [101.8618275, 15.3999303], [101.8611697, 15.4003583], [101.8604393, 15.400824], [101.8596864, 15.4012923], [101.8590862, 15.4016825], [101.8566883, 15.4032079], [101.856217, 15.4035077], [101.8545056, 15.4046224], [101.8542894, 15.4047462], [101.8531101, 15.4055102], [101.8522737, 15.4060436], [101.8520484, 15.4061872], [101.8505071, 15.4071693], [101.8499259, 15.4075413], [101.8473811, 15.4091823], [101.8469765, 15.409447], [101.846257, 15.4098967], [101.8453942, 15.4104577], [101.8448541, 15.4108016], [101.8445051, 15.4110215], [101.8440212, 15.411332], [101.8437993, 15.4114766], [101.8428253, 15.4120923], [101.8418476, 15.4127163], [101.8409761, 15.4132798], [101.8399044, 15.4139627], [101.8394421, 15.4142508], [101.8389764, 15.4145336], [101.838864, 15.4145882], [101.8387498, 15.414639], [101.838634, 15.4146861], [101.838541, 15.4147204], [101.8385165, 15.4147294], [101.8384091, 15.4147651], [101.8383006, 15.4147977], [101.838176, 15.4148304], [101.838052, 15.4148567], [101.8379366, 15.4148756], [101.8378204, 15.4148894], [101.8377162, 15.4148974], [101.8375586, 15.4149042], [101.8374564, 15.4149039], [101.8373544, 15.4148989], [101.8372527, 15.4148892], [101.8371516, 15.4148748], [101.8356383, 15.4146919], [101.8335112, 15.4143755], [101.8314194, 15.4140615], [101.8298067, 15.4138394], [101.8293201, 15.4137898], [101.8287109, 15.4138174], [101.827919, 15.4139544], [101.8266965, 15.4143111], [101.8249312, 15.4148336], [101.8235856, 15.4152399], [101.8227388, 15.4155599], [101.8218189, 15.4160869], [101.8205582, 15.4171543], [101.8194226, 15.4181509], [101.8180013, 15.4193971], [101.817856, 15.4195318], [101.8177332, 15.4194413], [101.8176611, 15.4194046], [101.8176072, 15.4193851], [101.8175413, 15.4193656], [101.8175192, 15.4193637], [101.8174845, 15.4193606], [101.817413, 15.4193644], [101.8173695, 15.4193704], [101.8173445, 15.4193739], [101.8173191, 15.4193763], [101.817273, 15.4193806], [101.8172564, 15.4193748], [101.8172402, 15.41938], [101.8171234, 15.4194179], [101.8168462, 15.419528], [101.8166057, 15.4196424], [101.8158151, 15.4196981], [101.8152398, 15.4196921], [101.8146627, 15.4197605], [101.8137765, 15.4197919], [101.8135355, 15.4198035], [101.8131774, 15.4198929], [101.8128806, 15.4199775], [101.8123583, 15.4202988], [101.812103, 15.4204477], [101.81195, 15.4204891], [101.8118642, 15.4204873], [101.8113883, 15.4204787], [101.8105272, 15.4205188], [101.8099386, 15.420668], [101.8092678, 15.4208665], [101.8089035, 15.4209791], [101.8085158, 15.4210658], [101.8083321, 15.4210696], [101.8081168, 15.4210621], [101.8080426, 15.4210353], [101.8079454, 15.4209694], [101.8078064, 15.4208223], [101.807742, 15.4207923], [101.8076244, 15.4207822], [101.807412, 15.4207746], [101.807261, 15.4207371], [101.8071396, 15.42067], [101.806993, 15.4206296], [101.8068059, 15.4205969], [101.8065579, 15.4206249], [101.8060321, 15.4207382], [101.8058214, 15.4207803], [101.8055217, 15.4208819], [101.8053331, 15.4209631], [101.8051107, 15.4209995], [101.8049356, 15.420987], [101.8046265, 15.4208479], [101.8043665, 15.4207666], [101.8043239, 15.420736], [101.804386, 15.4206549], [101.8044911, 15.4205252], [101.8045486, 15.4204387], [101.8044159, 15.4202794], [101.8042189, 15.4202013], [101.8038388, 15.4201831], [101.8035066, 15.4202909], [101.8030522, 15.4204865], [101.8025863, 15.4207111], [101.8024734, 15.420701], [101.802371, 15.4205872], [101.802267, 15.420468], [101.8022673, 15.4204574], [101.8022782, 15.4204025], [101.802284, 15.420328], [101.8023009, 15.4202483], [101.8023259, 15.4199744], [101.8023523, 15.4197577], [101.8023607, 15.4196889], [101.8025048, 15.4195538], [101.8025296, 15.4195275], [101.8026032, 15.4193914], [101.8026445, 15.4192729], [101.8026513, 15.4192523], [101.8026594, 15.4191287], [101.8026427, 15.4189574], [101.8026527, 15.4189324], [101.8026799, 15.4188642], [101.802781, 15.4187595], [101.8027978, 15.4187421], [101.8028519, 15.4186907], [101.8029545, 15.4185911], [101.8032315, 15.4183145], [101.8033961, 15.4181393], [101.8034071, 15.4181254], [101.803536, 15.4179642], [101.8036488, 15.4178011], [101.8037251, 15.417677], [101.8037436, 15.4175155], [101.8037042, 15.4174045], [101.8036905, 15.4173595], [101.8036872, 15.4173299], [101.8036978, 15.41728], [101.8037177, 15.4172181], [101.8037759, 15.4170056], [101.8037973, 15.4169728], [101.8038376, 15.416937], [101.803963, 15.4168536], [101.8039737, 15.4168412], [101.804035, 15.4167378], [101.8040694, 15.4165778], [101.8041378, 15.416109], [101.8041544, 15.4160482], [101.8041685, 15.4160099], [101.8042181, 15.4159119], [101.8042372, 15.4158856], [101.8042668, 15.415859], [101.80429, 15.4158403], [101.8043178, 15.4158225], [101.8043373, 15.4158134], [101.804394, 15.4157939], [101.8045663, 15.4157353], [101.8046203, 15.4157184], [101.8046392, 15.4156948], [101.8046571, 15.4156794], [101.8046564, 15.4156269], [101.8046545, 15.4155744], [101.8046304, 15.4154872], [101.8046195, 15.4153881], [101.8046172, 15.4152177], [101.8045973, 15.415141], [101.8045962, 15.4151296], [101.8045919, 15.4150868], [101.8046149, 15.4150169], [101.8046251, 15.4150024], [101.8046477, 15.4149701], [101.8047431, 15.4149504], [101.8048442, 15.4149908], [101.8048776, 15.4149904], [101.8049122, 15.4149663], [101.8049193, 15.4149446], [101.8049207, 15.4149101], [101.8049141, 15.4148327], [101.8048796, 15.4145797], [101.8048906, 15.4144268], [101.804904, 15.4143893], [101.8049264, 15.4143446], [101.8049609, 15.4142981], [101.8049735, 15.4142873], [101.8050715, 15.4142045], [101.8051564, 15.4141473], [101.8052016, 15.4141037], [101.8052423, 15.4140588], [101.8052691, 15.4140373], [101.8053096, 15.4140264], [101.8053523, 15.4140272], [101.8053725, 15.4140275], [101.8054574, 15.4137614], [101.8055752, 15.4133061], [101.8056312, 15.4130163], [101.8057016, 15.4126215], [101.8056778, 15.4120596], [101.8055506, 15.4116897], [101.8054151, 15.4115639], [101.8051916, 15.4114697], [101.8046072, 15.411328], [101.8041523, 15.4111678], [101.8039428, 15.4109028], [101.8039242, 15.4105994], [101.8039663, 15.4103551], [101.8042755, 15.4098488], [101.8044402, 15.4095532], [101.8045035, 15.409243], [101.8044982, 15.4089326], [101.8043781, 15.4085232], [101.8041293, 15.4080668], [101.8038191, 15.4076226], [101.8033996, 15.4071515], [101.8030022, 15.4065423], [101.8025627, 15.4060128], [101.8022929, 15.4056289], [101.8022097, 15.4054676], [101.8020981, 15.405251], [101.801991, 15.4049012], [101.80193, 15.4036929], [101.8018972, 15.4034619], [101.8018166, 15.4032574], [101.8015604, 15.4029389], [101.8013166, 15.4027263], [101.8008827, 15.4023943], [101.8003885, 15.4020686], [101.7998599, 15.4017489], [101.7990319, 15.4013948], [101.7986371, 15.4011384], [101.7982934, 15.4009152], [101.7975744, 15.4005754], [101.7971058, 15.4003882], [101.7965902, 15.4001611], [101.7961137, 15.3998582], [101.7960345, 15.3998079], [101.7952963, 15.3993024], [101.7947085, 15.3986392], [101.7941134, 15.3980359], [101.7937348, 15.3976185], [101.7934305, 15.3972666], [101.7932984, 15.397095], [101.7932663, 15.3970551], [101.7931959, 15.3969679], [101.7926497, 15.3962906], [101.7924371, 15.3960525], [101.7918703, 15.3954178], [101.7915655, 15.3952049], [101.7909626, 15.394852], [101.7905528, 15.3946287], [101.789563, 15.3940184], [101.788812, 15.393528], [101.7888002, 15.3935203], [101.7883532, 15.3932018], [101.7881592, 15.3930373], [101.7881358, 15.3930113], [101.7877759, 15.3926107], [101.7871975, 15.3919214], [101.7867466, 15.3911345], [101.7863279, 15.3905526], [101.7857133, 15.389812], [101.7853149, 15.3893575], [101.7850315, 15.3889139], [101.7847219, 15.3883849], [101.7846707, 15.3882682], [101.7844464, 15.3877561], [101.784089, 15.3872989], [101.7835001, 15.3867282], [101.7829723, 15.3863295], [101.7821178, 15.3858626], [101.7814124, 15.3855362], [101.7808489, 15.3853411], [101.7799222, 15.3849187], [101.7790943, 15.3843453], [101.7785815, 15.3839811], [101.7784734, 15.3839644], [101.7782112, 15.3839239], [101.7769514, 15.3837291], [101.7760901, 15.3835959], [101.7759801, 15.3835788], [101.7743441, 15.3833258], [101.7732407, 15.3831552], [101.7678607, 15.382323], [101.7638711, 15.3817058], [101.7621664, 15.3814421], [101.7616734, 15.3813658], [101.7589474, 15.3815472], [101.7521204, 15.3820013], [101.7511076, 15.3820687], [101.7449308, 15.3824793], [101.7260168, 15.3842846], [101.7251643, 15.3843659], [101.7208374, 15.3847787], [101.7202607, 15.3848337], [101.7184763, 15.3856856], [101.7167812, 15.3865895], [101.7164276, 15.3871059], [101.7153288, 15.3886606], [101.714326, 15.3903068], [101.7114191, 15.3907838], [101.7086959, 15.3913911], [101.7078113, 15.3916227], [101.7042403, 15.3935429], [101.7024762, 15.3944034], [101.7010892, 15.3945086], [101.6997924, 15.3945464], [101.6988353, 15.3944477], [101.6938848, 15.3935362], [101.6916044, 15.3931884], [101.689392, 15.3928178], [101.6872675, 15.3922031], [101.6866744, 15.3920999], [101.6862651, 15.3921269], [101.6850392, 15.3923625], [101.6814771, 15.3933811], [101.6784298, 15.3946125], [101.6762661, 15.3954868], [101.6748968, 15.3962099], [101.6720611, 15.3982123], [101.669915, 15.3992223], [101.6688549, 15.3996587], [101.6667582, 15.4005219], [101.6642171, 15.4011581], [101.6619322, 15.4014883], [101.6592826, 15.4017723], [101.6568362, 15.4016754], [101.6552905, 15.4008107], [101.6550542, 15.4006337], [101.6546602, 15.4003387], [101.6538576, 15.399536], [101.6532638, 15.3989422], [101.652427, 15.397839], [101.64737, 15.3918399], [101.6415355, 15.3874217], [101.6387452, 15.3853098], [101.6356565, 15.3829718], [101.6328286, 15.3808313], [101.6195976, 15.370815], [101.6191016, 15.3704396], [101.6177874, 15.371038], [101.6122566, 15.373556], [101.6116391, 15.3745218], [101.610049, 15.3762685], [101.6084582, 15.3790843], [101.6082648, 15.3793201], [101.6080965, 15.3795252], [101.6072913, 15.3802742], [101.6069745, 15.3804388], [101.6057609, 15.3806914], [101.6053744, 15.3806959], [101.6050684, 15.380653], [101.6042508, 15.3805022], [101.6040034, 15.3803743], [101.6039387, 15.3803409], [101.6028728, 15.3793798], [101.6021581, 15.3789574], [101.6019775, 15.3788935], [101.6016734, 15.3788186], [101.6014515, 15.3788539], [101.6012194, 15.3789347], [101.6000797, 15.3795213], [101.5990929, 15.3795485], [101.59902, 15.3795505], [101.5989757, 15.3794546], [101.5989221, 15.3793854], [101.5988837, 15.379347], [101.5988216, 15.3793063], [101.5987854, 15.3792916], [101.5987251, 15.3792709], [101.5986703, 15.3792646], [101.598424, 15.3792534], [101.5983329, 15.3792492], [101.5980684, 15.379238], [101.5980102, 15.3792355], [101.5979529, 15.3792354], [101.5978853, 15.3792314], [101.5978714, 15.379232], [101.5977844, 15.3792358], [101.5977475, 15.3792316], [101.5977286, 15.3792238], [101.597715, 15.3792142], [101.5977075, 15.3791983], [101.5977014, 15.3791796], [101.5976951, 15.3791601], [101.5976887, 15.3789391], [101.5976826, 15.3789241], [101.597668, 15.3789103], [101.5976427, 15.3789024], [101.5976063, 15.3788982], [101.5975454, 15.3788995], [101.5974736, 15.3789009], [101.5974158, 15.3788889], [101.5974039, 15.3788864], [101.5973816, 15.3788716], [101.5973604, 15.3788538], [101.5973519, 15.3788412], [101.5973481, 15.3788226], [101.5973486, 15.3788112], [101.597349, 15.3788], [101.5973547, 15.3787802], [101.5973741, 15.3787503], [101.5974011, 15.3787082], [101.5974093, 15.3786901], [101.597415, 15.3786685], [101.5974171, 15.3786424], [101.5974162, 15.3786197], [101.5974116, 15.3785873], [101.5974018, 15.3785659], [101.5973841, 15.3785423], [101.5973666, 15.3785268], [101.5973406, 15.3785115], [101.5973094, 15.3785002], [101.5972711, 15.3784957], [101.5972483, 15.3784951], [101.5972136, 15.3784967], [101.5971867, 15.3785005], [101.5971491, 15.3785119], [101.5971194, 15.3785256], [101.5970915, 15.3785463], [101.5970613, 15.3785745], [101.5970408, 15.3786096], [101.5970088, 15.3786836], [101.5969956, 15.3787142], [101.5969727, 15.3787672], [101.5969587, 15.3787935], [101.5969398, 15.3788134], [101.5969137, 15.3788329], [101.5968851, 15.3788478], [101.5968583, 15.3788539], [101.5968391, 15.3788547], [101.5968074, 15.3788551], [101.5967572, 15.3788447], [101.5967036, 15.3788248], [101.5964857, 15.3787438], [101.5964664, 15.3787366], [101.5964236, 15.3787165], [101.5964021, 15.3786988], [101.5963961, 15.3786735], [101.5963959, 15.3786576], [101.5963969, 15.3786406], [101.5964016, 15.3786276], [101.596406, 15.3786185], [101.5964151, 15.3785996], [101.596525, 15.3784235], [101.5965861, 15.3783209], [101.5965856, 15.3782796], [101.5965753, 15.3782508], [101.5965394, 15.3782127], [101.5964335, 15.378141], [101.5962466, 15.3780564], [101.5961882, 15.3780392], [101.59613, 15.3780344], [101.5960449, 15.3780354], [101.5959513, 15.3780406], [101.5958678, 15.3780567], [101.5957106, 15.3780806], [101.5956625, 15.3780748], [101.5956481, 15.3780731], [101.5955698, 15.3780478], [101.5954458, 15.3780011], [101.5953699, 15.3779497], [101.595294, 15.3778886], [101.5952182, 15.3778386], [101.5950939, 15.3777698], [101.5949811, 15.3777147], [101.5948982, 15.3776661], [101.5947377, 15.3775074], [101.5946967, 15.3774761], [101.5946421, 15.3774509], [101.5946172, 15.377443], [101.5945838, 15.377448], [101.5945513, 15.3774654], [101.5945213, 15.3774913], [101.5945049, 15.3775202], [101.594491, 15.3775567], [101.5944858, 15.3775909], [101.5944862, 15.3776265], [101.5944891, 15.3776651], [101.5945073, 15.377716], [101.5946028, 15.3779511], [101.5946096, 15.3779843], [101.5946093, 15.3780292], [101.5946027, 15.3780742], [101.5945895, 15.3780999], [101.5945691, 15.3781288], [101.5945342, 15.3781501], [101.5944992, 15.378159], [101.5944546, 15.3781618], [101.5942318, 15.3781465], [101.5941927, 15.3781462], [101.5941425, 15.3781538], [101.5941027, 15.378162], [101.5940495, 15.378182], [101.5940139, 15.3782033], [101.5939924, 15.3782184], [101.5939419, 15.3782606], [101.5939112, 15.3782951], [101.593898, 15.3783177], [101.5938911, 15.3783464], [101.5938876, 15.3783859], [101.5938856, 15.3784773], [101.5938833, 15.3784968], [101.5938753, 15.3785177], [101.5938662, 15.3785295], [101.5938528, 15.3785412], [101.5938235, 15.3785593], [101.5937909, 15.3785675], [101.5937526, 15.3785671], [101.5937062, 15.3785584], [101.5936677, 15.3785426], [101.5936267, 15.3785152], [101.5935161, 15.3783921], [101.5933761, 15.3782363], [101.5931825, 15.3780257], [101.5930581, 15.377917], [101.5927718, 15.3777124], [101.592624, 15.3775636], [101.5925932, 15.3775325], [101.5925627, 15.3775166], [101.5925363, 15.3775146], [101.5925156, 15.3775195], [101.5924886, 15.3775299], [101.5924532, 15.3775549], [101.5923195, 15.3776674], [101.592128, 15.3778585], [101.5921018, 15.3778743], [101.5920779, 15.3778777], [101.5920524, 15.3778764], [101.5920308, 15.377872], [101.5920139, 15.3778583], [101.5920074, 15.3778498], [101.5919976, 15.3778368], [101.5919861, 15.3778098], [101.5919801, 15.3777743], [101.5919781, 15.377741], [101.5919795, 15.3775717], [101.5919799, 15.3775137], [101.5919748, 15.3774778], [101.5919657, 15.3774524], [101.5919488, 15.3774363], [101.5919215, 15.3774204], [101.5918918, 15.3774099], [101.5918518, 15.3774034], [101.5918103, 15.3774023], [101.5917537, 15.3774084], [101.5916964, 15.377423], [101.591652, 15.3774413], [101.5916235, 15.3774587], [101.5916014, 15.3774783], [101.5915826, 15.377511], [101.5915719, 15.377546], [101.5915716, 15.377556], [101.5915708, 15.3775839], [101.5915728, 15.3776172], [101.591582, 15.3776539], [101.5915879, 15.3776774], [101.5916021, 15.3777268], [101.5915992, 15.3777509], [101.5915844, 15.3777797], [101.5915679, 15.3778039], [101.5915332, 15.3778345], [101.5915232, 15.3778405], [101.5915033, 15.3778526], [101.5914864, 15.3778629], [101.5914485, 15.3778943], [101.5914184, 15.3779341], [101.5914, 15.3779731], [101.5913511, 15.3780914], [101.5913007, 15.3782026], [101.5912843, 15.3782299], [101.5912653, 15.3782456], [101.5912272, 15.3782577], [101.5911993, 15.3782611], [101.5911673, 15.3782607], [101.5911457, 15.3782563], [101.5911177, 15.3782443], [101.5910739, 15.378218], [101.5910444, 15.3781932], [101.5909839, 15.3781108], [101.5909045, 15.3779477], [101.5908665, 15.3778695], [101.5908437, 15.3778295], [101.590817, 15.3777981], [101.5907863, 15.3777729], [101.5907469, 15.3777462], [101.5905797, 15.3776452], [101.5905603, 15.3776299], [101.5905441, 15.3776131], [101.5905189, 15.3775731], [101.5904853, 15.3775], [101.5904737, 15.3774629], [101.5904685, 15.3774305], [101.590469, 15.3774111], [101.5904711, 15.3773817], [101.5904757, 15.3773601], [101.590485, 15.3773165], [101.5905075, 15.3772112], [101.5905095, 15.3771833], [101.5905108, 15.3771209], [101.5905116, 15.3770791], [101.5905073, 15.3770532], [101.5905018, 15.3770423], [101.5904891, 15.3770308], [101.5904734, 15.3770263], [101.5904489, 15.3770243], [101.5904238, 15.3770298], [101.5903209, 15.3770568], [101.5902782, 15.377068], [101.590259, 15.37707], [101.5902383, 15.3770694], [101.5902078, 15.3770684], [101.5901695, 15.3770619], [101.5901182, 15.3770494], [101.5898566, 15.3769458], [101.589832, 15.3769362], [101.5898205, 15.3769318], [101.5898087, 15.3769263], [101.5897988, 15.3769168], [101.5897842, 15.3768987], [101.589775, 15.3768809], [101.5897675, 15.3768601], [101.5897642, 15.3768419], [101.5897629, 15.3768136], [101.5897658, 15.3767905], [101.5897718, 15.3767673], [101.58978, 15.3767459], [101.5897924, 15.3767305], [101.5898039, 15.3767173], [101.5898186, 15.3767058], [101.5898432, 15.3766972], [101.5898669, 15.3766896], [101.5898987, 15.3766839], [101.5899278, 15.3766835], [101.5900633, 15.3766811], [101.5900992, 15.3766769], [101.5901223, 15.3766712], [101.5901469, 15.3766593], [101.5901777, 15.3766403], [101.5902141, 15.3766159], [101.5902623, 15.3765743], [101.5903024, 15.3765243], [101.5903252, 15.3764961], [101.5903775, 15.3764049], [101.5903891, 15.3763754], [101.5903945, 15.3763544], [101.5903942, 15.376332], [101.5903915, 15.376308], [101.5903824, 15.3762841], [101.5903671, 15.3762719], [101.5903431, 15.3762675], [101.5903136, 15.3762679], [101.5902786, 15.3762768], [101.5902079, 15.3763003], [101.5901292, 15.3763265], [101.5901063, 15.3763321], [101.5900958, 15.3763347], [101.5900678, 15.3763319], [101.5900461, 15.3763205], [101.5900315, 15.3763021], [101.5900264, 15.3762787], [101.5900253, 15.3762519], [101.590024, 15.3762077], [101.5900228, 15.3761776], [101.5900145, 15.376149], [101.5900022, 15.3761259], [101.5899342, 15.3760439], [101.5899134, 15.3760126], [101.5898763, 15.3759167], [101.5898719, 15.3758976], [101.5898716, 15.3758738], [101.5898738, 15.375854], [101.5898837, 15.3758336], [101.5899044, 15.3758118], [101.5899154, 15.3758015], [101.5899424, 15.3757763], [101.5899572, 15.3757624], [101.589992, 15.3757347], [101.5900055, 15.3757137], [101.5900136, 15.3756938], [101.5900205, 15.3756659], [101.5900414, 15.3755216], [101.59005, 15.3754913], [101.5900594, 15.3754721], [101.5900747, 15.3754504], [101.5900966, 15.3754339], [101.590112, 15.3754232], [101.5901335, 15.3754166], [101.5901491, 15.375417], [101.5901659, 15.3754209], [101.5901863, 15.3754299], [101.5902057, 15.3754494], [101.5902653, 15.3755254], [101.5902829, 15.3755409], [101.5903033, 15.3755499], [101.5903327, 15.3755537], [101.5903566, 15.3755534], [101.5903853, 15.3755467], [101.5904061, 15.3755383], [101.5904311, 15.3755235], [101.5904452, 15.375503], [101.5904568, 15.3754721], [101.5904612, 15.3754442], [101.5904602, 15.3754116], [101.590453, 15.3753606], [101.5904419, 15.3753323], [101.5904119, 15.3752833], [101.5903652, 15.3752304], [101.5903447, 15.3752167], [101.5903278, 15.3752076], [101.5902906, 15.375197], [101.5902191, 15.3751764], [101.5901843, 15.3751657], [101.5901656, 15.3751572], [101.5901505, 15.3751446], [101.5901395, 15.3751302], [101.5901327, 15.3751083], [101.5901318, 15.3750879], [101.5901354, 15.3750711], [101.5901521, 15.375036], [101.5901709, 15.3750091], [101.5902, 15.3749867], [101.5902423, 15.3749688], [101.5903448, 15.3749401], [101.5903532, 15.3749331], [101.5903722, 15.3749171], [101.59039, 15.3748952], [101.5904045, 15.3748651], [101.5904105, 15.3748299], [101.5904088, 15.3747804], [101.590404, 15.3747402], [101.5903919, 15.3747042], [101.5903791, 15.3746765], [101.5903477, 15.3746084], [101.5903383, 15.3745882], [101.5902698, 15.3743856], [101.5902135, 15.3742261], [101.590143, 15.3740268], [101.5901235, 15.3739981], [101.5900956, 15.3739736], [101.5900634, 15.3739534], [101.5900302, 15.3739372], [101.5900081, 15.3739304], [101.5899789, 15.3739213], [101.5899352, 15.3739156], [101.589881, 15.3739183], [101.5898385, 15.373924], [101.589792, 15.3739441], [101.5897535, 15.3739771], [101.5897281, 15.3740035], [101.5896773, 15.3740656], [101.5896527, 15.3741042], [101.5896401, 15.3741339], [101.5896278, 15.3741719], [101.5896233, 15.3741992], [101.5896084, 15.3743922], [101.5896105, 15.3744195], [101.5896137, 15.3744363], [101.5896212, 15.37446], [101.5896352, 15.3744802], [101.5896516, 15.3744968], [101.5897155, 15.3745379], [101.5897396, 15.3745539], [101.5897578, 15.3745693], [101.5897693, 15.3745826], [101.5897749, 15.3745987], [101.5897788, 15.3746219], [101.5897791, 15.3746486], [101.5897759, 15.3746766], [101.5897662, 15.3747043], [101.5897304, 15.3747385], [101.5896843, 15.3747673], [101.5896681, 15.3747775], [101.5896239, 15.3747985], [101.5895147, 15.3748505], [101.5894755, 15.3748602], [101.5894362, 15.37487], [101.5894001, 15.3748725], [101.5893576, 15.374874], [101.5893214, 15.3748744], [101.5892978, 15.3748704], [101.5892686, 15.3748553], [101.589242, 15.3748362], [101.5892187, 15.3748134], [101.5891991, 15.3747876], [101.5891838, 15.3747591], [101.5891729, 15.3747288], [101.5891669, 15.3746977], [101.589166, 15.3746606], [101.5891577, 15.3745958], [101.5891458, 15.3745184], [101.5891286, 15.3744225], [101.5891193, 15.3743457], [101.5891151, 15.374276], [101.5891149, 15.3742062], [101.5891187, 15.374137], [101.5891271, 15.374061], [101.5891275, 15.374034], [101.5891252, 15.3740089], [101.5891202, 15.3739842], [101.5891126, 15.3739601], [101.5891025, 15.373937], [101.5890883, 15.3739122], [101.5890712, 15.3738891], [101.5890514, 15.3738681], [101.5890293, 15.3738495], [101.5890073, 15.3738348], [101.5889837, 15.3738224], [101.5889532, 15.3738139], [101.5889243, 15.3738012], [101.5889019, 15.3737876], [101.5888814, 15.3737715], [101.588862, 15.373752], [101.5888454, 15.3737302], [101.5888366, 15.3737159], [101.5888299, 15.373696], [101.5888207, 15.3736771], [101.5888098, 15.3736603], [101.588797, 15.3736449], [101.58878, 15.3736289], [101.5887609, 15.3736153], [101.5887401, 15.3736044], [101.588718, 15.3735962], [101.5886928, 15.3735906], [101.588667, 15.3735887], [101.5886467, 15.3735898], [101.5886077, 15.3735953], [101.588563, 15.3735958], [101.5885272, 15.3735926], [101.5884918, 15.3735862], [101.5884554, 15.373576], [101.5884201, 15.3735624], [101.5883921, 15.3735487], [101.5883459, 15.3735224], [101.5882962, 15.3734999], [101.5835902, 15.3731744], [101.5822772, 15.3730836], [101.5817229, 15.3730452], [101.567048, 15.3720294], [101.5660552, 15.3719606], [101.5657411, 15.3722532], [101.5602907, 15.3773303], [101.5602591, 15.3773597], [101.5579268, 15.3795321], [101.5513263, 15.3856797], [101.547543, 15.3936694], [101.5474496, 15.3938665], [101.5468, 15.3952383], [101.5460166, 15.3962677], [101.5432139, 15.4022468], [101.5431801, 15.4023614], [101.5431558, 15.4024319], [101.5430713, 15.4024976], [101.5429117, 15.4025895], [101.5428234, 15.4026192], [101.5427691, 15.4026304], [101.5427147, 15.4026355], [101.5426447, 15.4026348], [101.5425809, 15.4026356], [101.5425125, 15.4026379], [101.542441, 15.4026417], [101.5423262, 15.4026671], [101.5422796, 15.4026737], [101.5422345, 15.4026727], [101.5421877, 15.4026672], [101.5421221, 15.4026393], [101.5420265, 15.4025846], [101.5420117, 15.4025758], [101.5417591, 15.4024265], [101.5417084, 15.4023965], [101.5414291, 15.4021975], [101.5413664, 15.402153], [101.5413254, 15.4021127], [101.5412604, 15.4020078], [101.5411618, 15.4018287], [101.5411077, 15.4017303], [101.5410781, 15.4016941], [101.541065, 15.401678], [101.5410274, 15.4016528], [101.5409196, 15.4016178], [101.5408885, 15.4016151], [101.540859, 15.40162], [101.5408342, 15.4016309], [101.5408003, 15.4016554], [101.540768, 15.401689], [101.5407313, 15.4017362], [101.5407115, 15.4017711], [101.5407006, 15.4017966], [101.5406842, 15.4018348], [101.5406526, 15.4020137], [101.5406348, 15.4021145], [101.5406304, 15.402127], [101.5406257, 15.4021403], [101.5406089, 15.4021631], [101.5405795, 15.4021786], [101.540554, 15.4021769], [101.5405391, 15.402176], [101.5405094, 15.4021703], [101.5404796, 15.402151], [101.5404713, 15.4021438], [101.5404215, 15.4021004], [101.5401271, 15.401814], [101.5401103, 15.4017945], [101.5399367, 15.4015937], [101.5399062, 15.4015585], [101.539895, 15.4015284], [101.5398931, 15.4015043], [101.5398944, 15.4014801], [101.5398955, 15.4014454], [101.5399181, 15.4012343], [101.5399398, 15.4010324], [101.5399444, 15.4009891], [101.5399426, 15.4009665], [101.5399375, 15.4009333], [101.5399232, 15.4009078], [101.5398965, 15.400887], [101.5398574, 15.4008663], [101.5397971, 15.400858], [101.5397656, 15.4008583], [101.539753, 15.4008585], [101.5397033, 15.4008621], [101.5396319, 15.400878], [101.5395762, 15.4009027], [101.5394974, 15.4009429], [101.5393925, 15.4010195], [101.5393002, 15.4011036], [101.5392776, 15.4011327], [101.5392635, 15.4011508], [101.5391072, 15.4013928], [101.5390986, 15.4014062], [101.5390544, 15.4014852], [101.5390133, 15.4015566], [101.5389749, 15.4015993], [101.5389164, 15.4016498], [101.5388454, 15.4016928], [101.538582, 15.4017834], [101.5383868, 15.4018475], [101.5383312, 15.4018768], [101.5383194, 15.401886], [101.5381886, 15.4019881], [101.5377841, 15.4023041], [101.5375442, 15.4025347], [101.5374953, 15.4026031], [101.537474, 15.4026411], [101.5374669, 15.402671], [101.5374636, 15.402685], [101.5374565, 15.4027409], [101.5374456, 15.4031274], [101.5374454, 15.4031379], [101.53744, 15.4034308], [101.5374315, 15.4034973], [101.5374151, 15.4035593], [101.5373865, 15.4036397], [101.5373458, 15.4036925], [101.5373314, 15.4037112], [101.5373068, 15.403732], [101.5372698, 15.4037632], [101.5372215, 15.4037943], [101.5371957, 15.4038109], [101.5371276, 15.4038418], [101.5369554, 15.403877], [101.5368932, 15.4038807], [101.5368404, 15.4038843], [101.5367858, 15.4038789], [101.5367468, 15.4038688], [101.5366749, 15.4038409], [101.536342, 15.4037059], [101.5362278, 15.4036559], [101.5361901, 15.4036261], [101.5361728, 15.4036133], [101.5361399, 15.403589], [101.5360989, 15.4035457], [101.5360625, 15.4034963], [101.5360322, 15.4034303], [101.5360141, 15.403349], [101.5359759, 15.4031119], [101.5359602, 15.4030145], [101.5358927, 15.4025619], [101.5358874, 15.4025264], [101.5358776, 15.4024873], [101.5358617, 15.4024543], [101.5358396, 15.4024274], [101.5358113, 15.4024081], [101.5357706, 15.4023874], [101.5357316, 15.4023743], [101.535677, 15.4023628], [101.5356085, 15.4023636], [101.5355354, 15.4023644], [101.5354589, 15.402369], [101.5354111, 15.4023719], [101.5351843, 15.4024017], [101.5351345, 15.4024113], [101.5349764, 15.4024418], [101.5346753, 15.4024995], [101.5345991, 15.4025064], [101.5345649, 15.4025038], [101.5345399, 15.402492], [101.5344817, 15.4024429], [101.5344456, 15.4024161], [101.5344112, 15.4024044], [101.5343692, 15.4023974], [101.5343287, 15.4023948], [101.5342976, 15.4023952], [101.5342727, 15.402397], [101.5342262, 15.4024081], [101.5341362, 15.4024287], [101.5341113, 15.4024305], [101.5340833, 15.4024308], [101.5340584, 15.4024281], [101.533965, 15.4024186], [101.5336878, 15.4023961], [101.5336298, 15.4023821], [101.5335299, 15.4023537], [101.5334163, 15.4023416], [101.5333318, 15.4023447], [101.5333141, 15.4023454], [101.5330184, 15.4023676], [101.532546, 15.4024078], [101.5323733, 15.4024353], [101.5323279, 15.4024425], [101.5323054, 15.402449], [101.5322508, 15.4024648], [101.5321244, 15.4025307], [101.5320831, 15.4025526], [101.5320528, 15.4025583], [101.5320245, 15.4025503], [101.5320028, 15.4025401], [101.5319331, 15.4024953], [101.5318776, 15.4024745], [101.5318304, 15.402467], [101.5317948, 15.4024915], [101.531787, 15.4025292], [101.5317874, 15.402564], [101.5318049, 15.4026416], [101.5318336, 15.4027298], [101.5318339, 15.4027518], [101.5318319, 15.4027836], [101.5318183, 15.4028165], [101.5318073, 15.4028428], [101.5317583, 15.4029024], [101.5317034, 15.4029352], [101.5316449, 15.4029499], [101.5313417, 15.4029823], [101.5313185, 15.4029901], [101.5313003, 15.4029962], [101.5312236, 15.4030561], [101.5311464, 15.4030757], [101.5311319, 15.4030764], [101.5310718, 15.4030792], [101.5309943, 15.4030748], [101.5309192, 15.4030407], [101.5308698, 15.4029951], [101.530835, 15.4029371], [101.5308093, 15.4028583], [101.5307862, 15.4027874], [101.5306734, 15.4021599], [101.530587, 15.4016797], [101.5305406, 15.4014216], [101.5305253, 15.4013362], [101.5305128, 15.401284], [101.5304627, 15.4010746], [101.5303006, 15.4003971], [101.5302398, 15.4001429], [101.5302172, 15.4001029], [101.5301695, 15.4000418], [101.5300635, 15.3999014], [101.5299587, 15.3997624], [101.5298424, 15.3995942], [101.529635, 15.399294], [101.5295341, 15.3991878], [101.5295108, 15.3991671], [101.5294055, 15.3990739], [101.5292269, 15.3989391], [101.528887, 15.3987283], [101.5288371, 15.3987155], [101.5287872, 15.3987107], [101.5287734, 15.3987153], [101.5287459, 15.3987246], [101.5287128, 15.3987357], [101.5286827, 15.3987602], [101.5286584, 15.3988034], [101.5286392, 15.3989163], [101.5286351, 15.3989404], [101.528598, 15.3992977], [101.5285769, 15.3993838], [101.5285572, 15.3994491], [101.5285397, 15.3995076], [101.528508, 15.3996314], [101.5284486, 15.3999782], [101.528417, 15.4003409], [101.5283611, 15.4009826], [101.5283416, 15.4011201], [101.5283382, 15.4011438], [101.5283173, 15.4012487], [101.5282767, 15.4013216], [101.5282386, 15.401373], [101.5281839, 15.4014219], [101.5281373, 15.4014519], [101.5280767, 15.4014768], [101.5280078, 15.401491], [101.5279359, 15.4014972], [101.5277661, 15.4014825], [101.52771, 15.4014757], [101.5269611, 15.4013848], [101.5262379, 15.401267], [101.5261103, 15.4012362], [101.5260103, 15.4011944], [101.5258908, 15.4011475], [101.5257988, 15.4010895], [101.525681, 15.4009945], [101.525648, 15.4009678], [101.5251426, 15.4005631], [101.5249893, 15.4004655], [101.5249775, 15.4004607], [101.5248948, 15.4004264], [101.5247839, 15.4004062], [101.5246871, 15.4004019], [101.5246208, 15.4004107], [101.5245492, 15.4004357], [101.5244751, 15.4004821], [101.524432, 15.4005474], [101.5244181, 15.4005686], [101.5243915, 15.4006628], [101.5243448, 15.4009182], [101.5242907, 15.4010154], [101.5242471, 15.4010696], [101.5242006, 15.4011077], [101.52417, 15.4011168], [101.5241262, 15.40113], [101.5240792, 15.4011305], [101.524021, 15.4011204], [101.5239653, 15.4010889], [101.523709, 15.4009335], [101.5236368, 15.4009075], [101.5235732, 15.4009082], [101.5235264, 15.4009329], [101.523502, 15.400968], [101.52344, 15.4017951], [101.5234294, 15.4018386], [101.5234269, 15.4018489], [101.523397, 15.4018922], [101.5233394, 15.4019357], [101.5232539, 15.4019555], [101.523193, 15.4019508], [101.5231597, 15.4019405], [101.5231261, 15.4019033], [101.5231034, 15.4018579], [101.5230596, 15.4016751], [101.5230393, 15.4015904], [101.5228728, 15.4008979], [101.5228676, 15.400876], [101.5228643, 15.4008358], [101.5228747, 15.4007766], [101.5228962, 15.4007254], [101.5230759, 15.4002619], [101.5231241, 15.4000855], [101.523168, 15.3999248], [101.5231894, 15.3998153], [101.5231912, 15.3997629], [101.5231935, 15.3996972], [101.5231907, 15.3994665], [101.5231889, 15.3993162], [101.5231793, 15.3992064], [101.5231589, 15.3991234], [101.5231026, 15.3990409], [101.5230104, 15.3989641], [101.5229213, 15.3989115], [101.5228049, 15.3988913], [101.5226997, 15.3988791], [101.5225945, 15.3988723], [101.5223154, 15.3988889], [101.522191, 15.3988983], [101.5220861, 15.3989129], [101.5211489, 15.3991623], [101.5205482, 15.3993435], [101.5204021, 15.3993801], [101.5203275, 15.399389], [101.5202334, 15.3993873], [101.5198298, 15.3993496], [101.5197444, 15.3993416], [101.5197213, 15.3993395], [101.5196687, 15.3993347], [101.5196214, 15.3993138], [101.5195544, 15.3992663], [101.5193995, 15.3991276], [101.5193152, 15.3990522], [101.5192248, 15.3989712], [101.5189958, 15.3987663], [101.5189506, 15.3987258], [101.5189183, 15.3986986], [101.5189003, 15.3986834], [101.5188557, 15.3986544], [101.5187311, 15.3986059], [101.5184139, 15.3984824], [101.5181725, 15.3984153], [101.518128, 15.3983917], [101.5179635, 15.3982836], [101.5179164, 15.3982734], [101.5178776, 15.3982684], [101.5178139, 15.3982638], [101.5177448, 15.3982646], [101.5176591, 15.3982682], [101.5176062, 15.3982764], [101.5175653, 15.3982827], [101.5174716, 15.3983133], [101.5173092, 15.3983741], [101.5172458, 15.398391], [101.5170992, 15.3984225], [101.5170748, 15.3984278], [101.5169782, 15.3984503], [101.5169287, 15.3984697], [101.5168903, 15.3984943], [101.5168602, 15.3985187], [101.516662, 15.3989645], [101.5166528, 15.3989852], [101.5165907, 15.3991093], [101.5164592, 15.3993261], [101.5163629, 15.3994849], [101.5162894, 15.3995823], [101.5162291, 15.3996259], [101.5161601, 15.3996374], [101.516102, 15.399638], [101.5160271, 15.3996174], [101.5159716, 15.3995993], [101.5158936, 15.3995519], [101.5158516, 15.3995121], [101.5157932, 15.3994559], [101.5157592, 15.3994139], [101.5157385, 15.399344], [101.5157339, 15.3993284], [101.5157275, 15.3993069], [101.5156981, 15.3991651], [101.5156972, 15.3991423], [101.5156903, 15.3989747], [101.5156817, 15.3989223], [101.5155949, 15.3983962], [101.5155778, 15.3983535], [101.5155327, 15.3982843], [101.5154225, 15.3980923], [101.5154026, 15.398047], [101.5153994, 15.3980094], [101.51541, 15.3979717], [101.5154426, 15.3979204], [101.5154946, 15.3978822], [101.5162819, 15.3975728], [101.5164565, 15.3975024], [101.5167745, 15.3973741], [101.5168088, 15.3973441], [101.5168351, 15.3973211], [101.5168429, 15.3973143], [101.5169029, 15.3972466], [101.5169404, 15.3971442], [101.5169502, 15.3970394], [101.516943, 15.3968973], [101.5168478, 15.396343], [101.5167623, 15.3956733], [101.516736, 15.3955502], [101.5167047, 15.3954808], [101.5166146, 15.3953503], [101.51655, 15.3952652], [101.5165367, 15.3952526], [101.5164773, 15.3951963], [101.5164161, 15.3951648], [101.5163504, 15.3951507], [101.5163329, 15.3951469], [101.5161641, 15.3951408], [101.5160041, 15.3951694], [101.5159133, 15.3952107], [101.515864, 15.3952515], [101.5158067, 15.3953165], [101.5157665, 15.3953797], [101.5156458, 15.3957369], [101.5155821, 15.3959549], [101.5155364, 15.3960654], [101.5154174, 15.3962868], [101.5153682, 15.3963329], [101.5153159, 15.3963577], [101.5152385, 15.3963632], [101.5151748, 15.3963486], [101.5151081, 15.3963278], [101.5150078, 15.3962646], [101.5146619, 15.3960136], [101.514652, 15.3960054], [101.5141565, 15.3955925], [101.5139216, 15.3953969], [101.5134583, 15.3950399], [101.5133587, 15.3949528], [101.5133493, 15.3949446], [101.5131815, 15.3947882], [101.5130944, 15.3946765], [101.5129973, 15.394529], [101.5129874, 15.394514], [101.5127128, 15.3939832], [101.5126706, 15.3939247], [101.5126467, 15.3939036], [101.5126287, 15.3938876], [101.5125589, 15.3938401], [101.5124755, 15.3937981], [101.5123586, 15.3937404], [101.5122217, 15.3936212], [101.5120792, 15.3934967], [101.5119238, 15.3933041], [101.511689, 15.3930128], [101.5115857, 15.3929335], [101.5115335, 15.392904], [101.5115161, 15.3928941], [101.511505, 15.3928925], [101.5114634, 15.3928866], [101.5114291, 15.3928812], [101.5113997, 15.3928766], [101.5113444, 15.3928772], [101.5107995, 15.3929151], [101.5107394, 15.3929145], [101.5107253, 15.392903], [101.5107139, 15.3928763], [101.5107026, 15.392678], [101.5106894, 15.3924473], [101.5106946, 15.39241], [101.5107313, 15.3922933], [101.5108219, 15.3920056], [101.5108245, 15.3919599], [101.510824, 15.3919196], [101.5108173, 15.3918744], [101.5108011, 15.3918217], [101.5107709, 15.3917662], [101.5107158, 15.3917125], [101.5106595, 15.3916935], [101.5106113, 15.3916941], [101.5105383, 15.3917024], [101.5104376, 15.3917323], [101.5102904, 15.3917822], [101.5101941, 15.3917969], [101.5101537, 15.3917973], [101.51011, 15.3917888], [101.5100616, 15.3917727], [101.5099461, 15.3917438], [101.5098854, 15.391737], [101.5096707, 15.3917264], [101.5095616, 15.391721], [101.5095242, 15.3917094], [101.5095006, 15.3916915], [101.5094801, 15.3916646], [101.509461, 15.3916271], [101.5094563, 15.3916037], [101.5094342, 15.3914922], [101.5093931, 15.3912853], [101.5093803, 15.3912522], [101.5093566, 15.3912238], [101.5093236, 15.391194], [101.5092814, 15.3911794], [101.5091878, 15.3911578], [101.5091346, 15.3911297], [101.5090906, 15.3910925], [101.5090339, 15.3910388], [101.5089114, 15.3909376], [101.5084427, 15.390641], [101.5079872, 15.3903987], [101.5079621, 15.3903869], [101.5079169, 15.3903798], [101.5078468, 15.3903701], [101.5076786, 15.3903523], [101.5075603, 15.3903416], [101.50749, 15.3903243], [101.5074446, 15.3902931], [101.5073358, 15.3901766], [101.507279, 15.3901063], [101.5072568, 15.3900719], [101.5072297, 15.3900148], [101.5071941, 15.389902], [101.5071741, 15.3898095], [101.5070864, 15.3894043], [101.5070772, 15.3893616], [101.5070705, 15.3893249], [101.5070006, 15.3889399], [101.5069869, 15.3888329], [101.5069806, 15.3887032], [101.5069706, 15.3886429], [101.5069544, 15.3885872], [101.5069335, 15.3885347], [101.5069217, 15.3885133], [101.5069003, 15.3884746], [101.506792, 15.3882782], [101.5066969, 15.3881268], [101.5066792, 15.3880803], [101.5066677, 15.3880306], [101.5066579, 15.387996], [101.5066386, 15.3879358], [101.5066048, 15.3878457], [101.5065915, 15.3877719], [101.506589, 15.3876754], [101.5065886, 15.3876602], [101.5065951, 15.387553], [101.5066037, 15.3874919], [101.5066281, 15.3873202], [101.506627, 15.3872297], [101.5066181, 15.3871362], [101.5066137, 15.3871139], [101.5065518, 15.3867974], [101.5065083, 15.3866711], [101.5064778, 15.3865885], [101.506441, 15.3865044], [101.5063951, 15.3864415], [101.5063414, 15.3863868], [101.506181, 15.3862236], [101.5061479, 15.3861908], [101.5061257, 15.3861518], [101.5061047, 15.3860916], [101.5060022, 15.3855857], [101.505918, 15.385309], [101.5058439, 15.3850698], [101.5057465, 15.3847555], [101.5056143, 15.3844975], [101.5055128, 15.3843341], [101.5054276, 15.3842324], [101.5053457, 15.3841504], [101.5052561, 15.3840714], [101.5051778, 15.3840285], [101.5051138, 15.3840051], [101.5050935, 15.3839993], [101.5050608, 15.3839981], [101.5050065, 15.3840063], [101.5048465, 15.3840262], [101.5047734, 15.384027], [101.5047313, 15.3840184], [101.5046985, 15.3840067], [101.5046639, 15.3839769], [101.5046355, 15.3839441], [101.5045069, 15.3835908], [101.5044798, 15.3835429], [101.5044373, 15.3834996], [101.5043904, 15.383479], [101.504314, 15.3834632], [101.5042329, 15.3834476], [101.5042079, 15.3834373], [101.5041797, 15.3834149], [101.5041386, 15.3833626], [101.5040943, 15.3833027], [101.50401, 15.3831437], [101.5037152, 15.3824241], [101.5035244, 15.3819524], [101.5034943, 15.381909], [101.5034424, 15.3818552], [101.5033999, 15.3818119], [101.5033466, 15.3817778], [101.5031118, 15.3816582], [101.5029286, 15.3815562], [101.5029052, 15.3815504], [101.5028882, 15.3815506], [101.5028772, 15.3815507], [101.5028492, 15.3815525], [101.502812, 15.3815575], [101.5027623, 15.3815701], [101.5027328, 15.381575], [101.502697, 15.3815693], [101.5026518, 15.3815578], [101.5025924, 15.3815388], [101.5025457, 15.3815333], [101.5025084, 15.3815337], [101.5024572, 15.3815434], [101.5024107, 15.381559], [101.5021973, 15.38167], [101.5021509, 15.3816872], [101.5021121, 15.3816951], [101.5020764, 15.3816986], [101.5020499, 15.3816943], [101.5020186, 15.3816811], [101.5018942, 15.3816185], [101.5018073, 15.3815748], [101.5017637, 15.3815647], [101.5017154, 15.3815653], [101.5016736, 15.3815748], [101.5016337, 15.3815974], [101.5016056, 15.3816133], [101.5015716, 15.3816333], [101.501539, 15.3816412], [101.5015017, 15.3816431], [101.5014333, 15.3816469], [101.5009689, 15.3816989], [101.5009315, 15.3816994], [101.5008957, 15.3816907], [101.5008628, 15.381676], [101.500822, 15.3816447], [101.5007827, 15.3816105], [101.500748, 15.3815731], [101.5007194, 15.3815206], [101.5006891, 15.3814576], [101.5006371, 15.3812695], [101.5006337, 15.3812567], [101.5006274, 15.3812216], [101.5006101, 15.3811465], [101.5005882, 15.3810758], [101.5005212, 15.3809341], [101.5005149, 15.3809248], [101.5004719, 15.3808607], [101.5003857, 15.3806717], [101.5003822, 15.3806401], [101.5003851, 15.3806222], [101.5003931, 15.3806036], [101.5004108, 15.3805828], [101.5004252, 15.3805701], [101.5004613, 15.3805501], [101.500505, 15.3805194], [101.5005223, 15.3804972], [101.5005288, 15.3804749], [101.5005278, 15.3804449], [101.5005191, 15.3804089], [101.5005045, 15.3803637], [101.5004763, 15.3802975], [101.5004092, 15.3801587], [101.5003851, 15.3801239], [101.5003624, 15.3800981], [101.5003304, 15.3800767], [101.5003148, 15.3800673], [101.5002553, 15.3800424], [101.5001863, 15.3800118], [101.5001704, 15.3800032], [101.5001316, 15.3799743], [101.5001048, 15.3799489], [101.5000952, 15.3799368], [101.5000607, 15.3798779], [101.5000309, 15.3798161], [101.5000122, 15.3797566], [101.4999054, 15.379344], [101.4999019, 15.3793203], [101.4998893, 15.3792467], [101.4998744, 15.3792121], [101.499861, 15.3791926], [101.4998311, 15.3791597], [101.4996658, 15.3790114], [101.4996286, 15.3789703], [101.4995693, 15.37892], [101.4995538, 15.3789049], [101.4995193, 15.3788713], [101.4995121, 15.3788616], [101.4994802, 15.3788093], [101.4994562, 15.3787521], [101.4994542, 15.3787354], [101.4994471, 15.3785257], [101.4994341, 15.3784805], [101.4994088, 15.3784476], [101.4993805, 15.3784253], [101.4992352, 15.3783311], [101.4992112, 15.3782948], [101.4991993, 15.3782662], [101.4991914, 15.3782322], [101.4992035, 15.3779247], [101.4992, 15.3778968], [101.4991996, 15.3778772], [101.4991949, 15.3778554], [101.4991909, 15.3778441], [101.4991849, 15.3778337], [101.4991693, 15.3777999], [101.4991248, 15.3777159], [101.4991052, 15.3776856], [101.4990997, 15.3776751], [101.4990712, 15.3776283], [101.499054, 15.3776088], [101.4990377, 15.3775855], [101.4990027, 15.3775495], [101.4989819, 15.3775251], [101.4989459, 15.3774647], [101.4989344, 15.3774414], [101.4989144, 15.3774009], [101.4989058, 15.3773823], [101.4988879, 15.3773381], [101.4988647, 15.3773009], [101.4988584, 15.3772902], [101.49883, 15.3772574], [101.4988138, 15.3772471], [101.4987849, 15.3772212], [101.4987513, 15.3772012], [101.498707, 15.3771772], [101.4986771, 15.3771609], [101.4986137, 15.3771209], [101.498579, 15.3770836], [101.4985535, 15.3770326], [101.4985463, 15.3770139], [101.4985347, 15.3769659], [101.4985215, 15.3769268], [101.4985161, 15.3769098], [101.4985092, 15.3768384], [101.498511, 15.3767267], [101.498512, 15.3766784], [101.4985022, 15.3766393], [101.4984738, 15.3766079], [101.4984471, 15.3765856], [101.4984174, 15.3765738], [101.4983769, 15.3765682], [101.4983396, 15.3765732], [101.498326, 15.3765793], [101.4983129, 15.3765823], [101.4982679, 15.3765996], [101.4982292, 15.3766079], [101.4982029, 15.3766105], [101.4981737, 15.3766026], [101.4981385, 15.3765886], [101.4981245, 15.3765816], [101.4979652, 15.3764736], [101.4979479, 15.3764599], [101.4979191, 15.376428], [101.4978846, 15.3763721], [101.4978563, 15.3763088], [101.4978447, 15.3762667], [101.4978363, 15.3762157], [101.497834, 15.3761001], [101.4978338, 15.3760885], [101.4978189, 15.375964], [101.4978036, 15.3758743], [101.4978005, 15.3758382], [101.4977892, 15.3758097], [101.4977719, 15.3757903], [101.4977437, 15.375774], [101.4977251, 15.375765], [101.4976394, 15.3757233], [101.4975121, 15.3756794], [101.4974564, 15.3756679], [101.4974453, 15.3756641], [101.497406, 15.3756657], [101.4973812, 15.3756728], [101.4973593, 15.375686], [101.4973508, 15.3756939], [101.4973308, 15.3757122], [101.4972758, 15.3757973], [101.4972334, 15.3758684], [101.4971886, 15.3759376], [101.4971534, 15.3760024], [101.4970166, 15.3762315], [101.4969998, 15.3762504], [101.4969701, 15.3762754], [101.4969388, 15.3762917], [101.4969162, 15.3762934], [101.4968928, 15.3762906], [101.4968743, 15.3762858], [101.4968651, 15.3762812], [101.4968579, 15.3762733], [101.4968485, 15.376263], [101.4968334, 15.3762403], [101.4968013, 15.3761321], [101.4967955, 15.3761175], [101.496785, 15.3760914], [101.4967637, 15.3760761], [101.496739, 15.3760742], [101.4967269, 15.3760736], [101.4967083, 15.3760814], [101.4966885, 15.376101], [101.4966719, 15.3761225], [101.4966358, 15.3761898], [101.4966175, 15.376228], [101.4965361, 15.3763746], [101.4965237, 15.3763823], [101.4965051, 15.3763885], [101.4964864, 15.3763857], [101.4964661, 15.3763784], [101.4964504, 15.376365], [101.4964314, 15.3763274], [101.4964043, 15.376262], [101.4963893, 15.3762363], [101.4963649, 15.376221], [101.4963434, 15.3762131], [101.4963177, 15.376208], [101.4962852, 15.3761932], [101.4962716, 15.3761761], [101.4962592, 15.3761387], [101.4962368, 15.3760449], [101.496188, 15.3758788], [101.496177, 15.3758469], [101.4961591, 15.3758174], [101.4961309, 15.3757831], [101.4960963, 15.3757566], [101.4960413, 15.3757298], [101.496026, 15.3757253], [101.4959983, 15.3757171], [101.4959614, 15.3757086], [101.4959225, 15.375702], [101.495869, 15.3757011], [101.4958507, 15.3756986], [101.4958001, 15.3756852], [101.495775, 15.3756694], [101.4957554, 15.3756508], [101.495744, 15.3756241], [101.4957486, 15.3755875], [101.4957668, 15.3755419], [101.4958073, 15.3754548], [101.4958142, 15.375413], [101.4958144, 15.3753996], [101.4958156, 15.3753604], [101.4957955, 15.3753016], [101.495745, 15.3752431], [101.4956726, 15.3751983], [101.4955882, 15.3751629], [101.49558, 15.3751519], [101.4955643, 15.3751098], [101.4955614, 15.3750359], [101.4955624, 15.374978], [101.4955529, 15.374932], [101.4955372, 15.3748839], [101.4955275, 15.3748518], [101.4955282, 15.3748079], [101.4955478, 15.3747464], [101.4955691, 15.3746968], [101.4955781, 15.3746551], [101.4955685, 15.374613], [101.4955424, 15.3745747], [101.4954427, 15.3745093], [101.4953532, 15.374454], [101.4953229, 15.3744216], [101.4953111, 15.3743895], [101.4953082, 15.3743176], [101.4953158, 15.37423], [101.4953467, 15.3741068], [101.4953607, 15.3740148], [101.495364, 15.373989], [101.4953495, 15.3738461], [101.4953709, 15.3737587], [101.495389, 15.3736638], [101.4953949, 15.3736139], [101.4954069, 15.3735423], [101.4954027, 15.3734646], [101.4953633, 15.3733903], [101.4952855, 15.373329], [101.4951633, 15.3732961], [101.4950338, 15.3732012], [101.4949784, 15.3731365], [101.4949355, 15.3730344], [101.4949333, 15.3728477], [101.4949067, 15.3727734], [101.4948936, 15.3727275], [101.4948868, 15.3726462], [101.4948328, 15.3724868], [101.4948255, 15.3723661], [101.4948587, 15.3722281], [101.4948775, 15.3721044], [101.4948501, 15.371966], [101.4947763, 15.3718517], [101.4946501, 15.3717155], [101.4945022, 15.3715406], [101.5006999, 15.356444], [101.4857743, 15.3539009], [101.4745198, 15.3523487], [101.4696027, 15.3516705], [101.4615299, 15.3505565], [101.4609328, 15.350563], [101.4607349, 15.3505652], [101.4587908, 15.3505867], [101.4586553, 15.3505882], [101.4582121, 15.3505931], [101.4540514, 15.3506389], [101.4463569, 15.3507235], [101.4438434, 15.3507511], [101.4429987, 15.3504889], [101.440049, 15.3495735], [101.4359498, 15.3483012], [101.4354332, 15.3481409], [101.4346905, 15.34691], [101.4336536, 15.3451915], [101.4336354, 15.3451424], [101.433605, 15.3450543], [101.4336002, 15.3450267], [101.4336042, 15.3449993], [101.4336116, 15.3449805], [101.433633, 15.3449688], [101.4337004, 15.3449613], [101.4337802, 15.3449557], [101.4338899, 15.3449626], [101.4340241, 15.3449819], [101.4342271, 15.345023], [101.4345079, 15.345067], [101.4347057, 15.3450875], [101.4347558, 15.3450891], [101.4348342, 15.3450865], [101.4348842, 15.34508], [101.4349141, 15.3450762], [101.4350367, 15.3450498], [101.4351222, 15.3450215], [101.4351703, 15.345003], [101.4351905, 15.3449904], [101.4352094, 15.3449701], [101.4352285, 15.3449407], [101.4352738, 15.3448538], [101.4353043, 15.3447808], [101.4353082, 15.344766], [101.435313, 15.3447482], [101.4353156, 15.3447385], [101.4353198, 15.3446962], [101.4353168, 15.3446651], [101.4353095, 15.3446301], [101.4352982, 15.3445884], [101.435292, 15.3445689], [101.435229, 15.3443869], [101.4352253, 15.3443772], [101.4351679, 15.3442278], [101.4351199, 15.3441331], [101.4350572, 15.3440342], [101.434904, 15.3438281], [101.4346598, 15.3434873], [101.4346373, 15.3434629], [101.4346032, 15.3434394], [101.4345865, 15.3434278], [101.4345286, 15.3433976], [101.4344759, 15.343371], [101.4344162, 15.3433408], [101.4343511, 15.3433157], [101.4342789, 15.3432974], [101.4342271, 15.3432872], [101.4340048, 15.3432697], [101.4339409, 15.3432598], [101.4338508, 15.3432323], [101.4337726, 15.3432001], [101.4337213, 15.3431732], [101.4336849, 15.3431465], [101.4336621, 15.3431231], [101.4335591, 15.342991], [101.4335276, 15.3429429], [101.433505, 15.3429039], [101.4334881, 15.342864], [101.433475, 15.3428256], [101.4334589, 15.3427596], [101.4334542, 15.3427208], [101.4334535, 15.3426822], [101.4334585, 15.342623], [101.4334745, 15.3425433], [101.4334892, 15.3424786], [101.4334946, 15.3424547], [101.4335088, 15.3423982], [101.433534, 15.3422939], [101.4335388, 15.3422737], [101.4335585, 15.3422083], [101.433575, 15.3421638], [101.4335794, 15.3421519], [101.4336015, 15.342102], [101.4336078, 15.3420894], [101.4336242, 15.3420566], [101.433654, 15.3420014], [101.4336899, 15.3419219], [101.4337072, 15.3418431], [101.4337095, 15.3418071], [101.4337085, 15.3417624], [101.4336986, 15.3417227], [101.4336766, 15.3416639], [101.4336179, 15.3415737], [101.4336035, 15.3415482], [101.4335904, 15.3415251], [101.4335735, 15.3414767], [101.4335699, 15.3414518], [101.4335656, 15.3414216], [101.4335519, 15.341357], [101.4335447, 15.341336], [101.4335251, 15.3413007], [101.4334991, 15.341271], [101.4334363, 15.3412133], [101.4333291, 15.3411329], [101.4331914, 15.3410494], [101.4331314, 15.3410094], [101.433066, 15.3409599], [101.433003, 15.3409077], [101.4328937, 15.3408173], [101.4328379, 15.340766], [101.4328009, 15.3407196], [101.432771, 15.3406756], [101.4327526, 15.3406455], [101.4327271, 15.3406176], [101.4326967, 15.3405988], [101.4326615, 15.3405845], [101.4326263, 15.3405748], [101.4325909, 15.3405719], [101.4325638, 15.340575], [101.4324962, 15.340591], [101.4324093, 15.3406138], [101.4323396, 15.340632], [101.432198, 15.3406606], [101.4320553, 15.3406894], [101.4320151, 15.3406956], [101.4319821, 15.3406905], [101.431954, 15.3406786], [101.4319192, 15.3406436], [101.4318776, 15.3405926], [101.4317258, 15.3403519], [101.431707, 15.3403245], [101.43153, 15.3400669], [101.4314868, 15.33997], [101.4314575, 15.339887], [101.4314311, 15.3397743], [101.4314119, 15.3396526], [101.4314044, 15.3395402], [101.4314084, 15.3394395], [101.4314123, 15.3393479], [101.431436, 15.3392062], [101.4315317, 15.3385754], [101.4316211, 15.3380407], [101.4316422, 15.3379104], [101.4316409, 15.3378485], [101.4316229, 15.3377978], [101.4315931, 15.3377424], [101.431549, 15.3376981], [101.4315047, 15.3376676], [101.4314344, 15.3376367], [101.4313522, 15.3376102], [101.4312204, 15.3375852], [101.431207, 15.3375833], [101.431112, 15.3375697], [101.4310247, 15.3375683], [101.4309042, 15.3375733], [101.4307812, 15.3375896], [101.4307005, 15.3376135], [101.4306338, 15.3376445], [101.4305742, 15.3376802], [101.4305025, 15.3377341], [101.430385, 15.3378376], [101.4302432, 15.3379842], [101.4301375, 15.3380925], [101.4300009, 15.3382141], [101.4299242, 15.3382816], [101.4298418, 15.3383356], [101.4298287, 15.3383442], [101.4297474, 15.3384025], [101.4297042, 15.3384407], [101.4296343, 15.338529], [101.4295174, 15.3387356], [101.4294748, 15.3388131], [101.4294687, 15.3388242], [101.4294374, 15.3388626], [101.4294016, 15.3388827], [101.4293565, 15.3388957], [101.4293164, 15.3388928], [101.4292648, 15.3388736], [101.429183, 15.3388242], [101.429055, 15.338719], [101.4289734, 15.3386581], [101.428882, 15.3386177], [101.4287764, 15.3385771], [101.4286706, 15.3385502], [101.4286022, 15.3385445], [101.4285266, 15.3385525], [101.4284625, 15.3385721], [101.4284004, 15.3386123], [101.4283619, 15.3386529], [101.4283351, 15.3387052], [101.4283147, 15.3387942], [101.4283114, 15.3388618], [101.4283197, 15.3389157], [101.4283423, 15.3389734], [101.428377, 15.3390175], [101.4284214, 15.3390457], [101.4284706, 15.3390648], [101.4285387, 15.3390865], [101.4286231, 15.3391106], [101.4286914, 15.3391302], [101.4288325, 15.3391645], [101.4289289, 15.3391913], [101.4290015, 15.3392245], [101.4290506, 15.3392528], [101.4290947, 15.3392947], [101.4291316, 15.3393503], [101.4291589, 15.339408], [101.4291698, 15.3394632], [101.4291688, 15.3395205], [101.4291558, 15.339589], [101.4291217, 15.3397185], [101.429065, 15.3399335], [101.4290322, 15.3400567], [101.4290111, 15.3401892], [101.4290104, 15.3402053], [101.4290073, 15.3402266], [101.4289983, 15.3403387], [101.4289953, 15.3405128], [101.428987, 15.3405883], [101.428972, 15.3406362], [101.4289372, 15.3407387], [101.4289173, 15.3407957], [101.4289071, 15.3408436], [101.4288753, 15.341047], [101.4288488, 15.3412116], [101.4288154, 15.3413714], [101.4287955, 15.3414329], [101.4287687, 15.3414806], [101.4287398, 15.3415122], [101.4287089, 15.3415301], [101.4286804, 15.3415342], [101.4286427, 15.3415313], [101.428598, 15.3415214], [101.4285395, 15.341493], [101.4282922, 15.3413172], [101.4282145, 15.3412547], [101.4280693, 15.3411378], [101.4280453, 15.3411185], [101.4278656, 15.3409868], [101.4278471, 15.3409733], [101.4277842, 15.3409241], [101.4277472, 15.3408754], [101.4277327, 15.3408404], [101.4277223, 15.3408155], [101.4277089, 15.3407717], [101.4277073, 15.3407236], [101.4277152, 15.3406779], [101.4277253, 15.3406391], [101.4277544, 15.3405914], [101.4277835, 15.3405507], [101.4278412, 15.3404897], [101.4279397, 15.3403905], [101.428122, 15.3402193], [101.4282899, 15.3400685], [101.428317, 15.3400395], [101.4283259, 15.3400301], [101.4283457, 15.33998], [101.4283512, 15.3399343], [101.42834, 15.3398974], [101.4283076, 15.3398603], [101.4282585, 15.339832], [101.4281834, 15.3398056], [101.4280846, 15.3397834], [101.4279482, 15.3397514], [101.4277904, 15.339726], [101.4276775, 15.3397012], [101.4275883, 15.33967], [101.4273821, 15.3395774], [101.4271595, 15.3394776], [101.4269325, 15.339364], [101.4267334, 15.3392691], [101.4265549, 15.3391867], [101.426492, 15.3391621], [101.4264449, 15.3391545], [101.4263717, 15.3391579], [101.4263124, 15.3391707], [101.4262341, 15.3391947], [101.4261721, 15.3392349], [101.4261195, 15.3392684], [101.4260768, 15.3392838], [101.4260271, 15.3392899], [101.4259303, 15.3392906], [101.4258004, 15.3392931], [101.4257486, 15.3392947], [101.4256563, 15.3392977], [101.4255618, 15.339303], [101.4254603, 15.3393014], [101.4253542, 15.3392905], [101.4252766, 15.3392732], [101.4251898, 15.3392375], [101.4250681, 15.3391783], [101.4249582, 15.3391169], [101.4248153, 15.3390482], [101.4246909, 15.3390072], [101.4246304, 15.3389818], [101.4245948, 15.3389668], [101.4245552, 15.338934], [101.4245158, 15.3388876], [101.4244701, 15.3387998], [101.4244084, 15.3386797], [101.4243485, 15.3385916], [101.4242583, 15.3384802], [101.4241381, 15.3383316], [101.4240428, 15.3382431], [101.4239406, 15.3381475], [101.4238664, 15.3380661], [101.4238024, 15.3380184], [101.4237639, 15.3379866], [101.4237316, 15.3379402], [101.423656, 15.3378061], [101.4236284, 15.3377547], [101.4235644, 15.3376351], [101.42353, 15.3375796], [101.4234904, 15.3375468], [101.4234505, 15.3375302], [101.4234013, 15.3375111], [101.4233071, 15.3374776], [101.4232323, 15.3374511], [101.4231244, 15.3374081], [101.4230401, 15.3373701], [101.4230018, 15.3373624], [101.422953, 15.3373526], [101.4228964, 15.3373517], [101.422849, 15.3373601], [101.4228062, 15.3373824], [101.4227677, 15.3374207], [101.4227408, 15.3374787], [101.422733, 15.3374969], [101.4227063, 15.3375595], [101.4226518, 15.3377098], [101.4226098, 15.3378191], [101.4225609, 15.3379168], [101.4225198, 15.3379758], [101.4224742, 15.3380186], [101.4224074, 15.3380633], [101.4223144, 15.3381122], [101.4222503, 15.3381364], [101.4221958, 15.338147], [101.4221345, 15.3381391], [101.4220735, 15.3381198], [101.4220031, 15.3380912], [101.4218322, 15.3380105], [101.4217641, 15.3379865], [101.4217029, 15.3379787], [101.421658, 15.3379803], [101.4216129, 15.3379956], [101.4215484, 15.3380358], [101.4214793, 15.3380759], [101.4214187, 15.3381049], [101.4213654, 15.338119], [101.4213542, 15.338122], [101.4212351, 15.3381392], [101.4211058, 15.3381486], [101.4210609, 15.3381519], [101.4209215, 15.3381548], [101.4208671, 15.3381514], [101.4208327, 15.3381431], [101.420801, 15.3381297], [101.4207512, 15.3380941], [101.4206961, 15.3380494], [101.420667, 15.338015], [101.4206135, 15.3379587], [101.4205952, 15.3379335], [101.4205889, 15.3379248], [101.4205749, 15.3378898], [101.4205674, 15.3378587], [101.4205635, 15.3378216], [101.420556, 15.3377516], [101.4205554, 15.3377078], [101.4205575, 15.3376877], [101.4205723, 15.3376539], [101.4205965, 15.3376337], [101.4206233, 15.3376199], [101.4206553, 15.3376127], [101.4206952, 15.3376095], [101.4207204, 15.3376125], [101.4207733, 15.3376249], [101.4208274, 15.3376434], [101.4208921, 15.3376655], [101.4209648, 15.3376873], [101.4210337, 15.3376987], [101.421088, 15.337706], [101.4211663, 15.3377098], [101.4212779, 15.3377052], [101.4214439, 15.3377027], [101.4216327, 15.3376941], [101.4217191, 15.3376878], [101.4217684, 15.337677], [101.4218072, 15.3376647], [101.421846, 15.337646], [101.4218702, 15.3376283], [101.4218932, 15.3376004], [101.421904, 15.3375821], [101.4219397, 15.3375212], [101.4220134, 15.3374064], [101.4220694, 15.3373184], [101.4221171, 15.337247], [101.4221394, 15.3372103], [101.4221512, 15.3371908], [101.4221637, 15.3371575], [101.4221655, 15.3371445], [101.4221645, 15.3371124], [101.4221561, 15.3370633], [101.4221474, 15.3370232], [101.4221335, 15.3369817], [101.4221181, 15.3369506], [101.4220923, 15.3369102], [101.4220467, 15.3368579], [101.4219579, 15.3367663], [101.4218951, 15.3367098], [101.4218375, 15.3366651], [101.421802, 15.3366439], [101.4217703, 15.3366331], [101.421746, 15.3366258], [101.4217069, 15.336614], [101.4216237, 15.3365856], [101.4215696, 15.3365641], [101.4215305, 15.3365417], [101.4214568, 15.336501], [101.4213937, 15.3364639], [101.421361, 15.3364393], [101.4213448, 15.336427], [101.4213363, 15.3364155], [101.4213205, 15.336394], [101.4213069, 15.3363611], [101.4212987, 15.3363249], [101.4212957, 15.3362905], [101.4213019, 15.3362407], [101.4213095, 15.3362082], [101.4213299, 15.3361587], [101.4213399, 15.3361442], [101.4213579, 15.3361182], [101.4213698, 15.3361009], [101.4213989, 15.3360666], [101.4214221, 15.3360433], [101.4214779, 15.3359892], [101.4215355, 15.3359386], [101.4216037, 15.3358864], [101.4216468, 15.3358552], [101.4217257, 15.3358048], [101.4217659, 15.3357849], [101.4218247, 15.33576], [101.4218875, 15.3357378], [101.4219568, 15.3357222], [101.4221115, 15.3356873], [101.4221649, 15.3356701], [101.4222184, 15.3356452], [101.4222506, 15.3356277], [101.422268, 15.3356114], [101.4222912, 15.3355858], [101.422313, 15.3355539], [101.4223214, 15.3355283], [101.4223244, 15.3355051], [101.4223222, 15.335478], [101.4223096, 15.3354392], [101.4222953, 15.3354137], [101.4222825, 15.3353911], [101.4222344, 15.3353323], [101.4222096, 15.3353023], [101.4221771, 15.3352631], [101.4221379, 15.3352251], [101.4221025, 15.3352013], [101.4220564, 15.3351761], [101.4220076, 15.3351585], [101.4219442, 15.3351356], [101.4218966, 15.3351241], [101.4218112, 15.3350999], [101.4217937, 15.335095], [101.4216813, 15.3350648], [101.4215914, 15.3350402], [101.4215226, 15.33503], [101.4214721, 15.3350292], [101.4214188, 15.3350387], [101.4213734, 15.3350521], [101.4213253, 15.3350733], [101.4212568, 15.3351118], [101.4212073, 15.3351384], [101.4211428, 15.3351799], [101.4209732, 15.3353151], [101.4208938, 15.3353756], [101.4208103, 15.3354439], [101.4207674, 15.335469], [101.4207407, 15.3354776], [101.4207167, 15.3354798], [101.4206863, 15.3354715], [101.4206414, 15.3354579], [101.4205213, 15.3354173], [101.4204602, 15.3353955], [101.4203589, 15.3353593], [101.4202889, 15.3353376], [101.4202463, 15.3353279], [101.420216, 15.3353261], [101.4201868, 15.3353282], [101.4201727, 15.3353317], [101.4201481, 15.3353379], [101.4200747, 15.3353625], [101.4200011, 15.335391], [101.4199464, 15.3354068], [101.4199336, 15.3354104], [101.4198769, 15.3354302], [101.4198303, 15.335441], [101.4197785, 15.3354402], [101.419765, 15.3354381], [101.4197321, 15.335433], [101.4196846, 15.3354181], [101.4196292, 15.3353953], [101.419577, 15.3353642], [101.4195531, 15.3353412], [101.4195285, 15.3353022], [101.4195141, 15.3352493], [101.4194929, 15.3350929], [101.4194698, 15.3348522], [101.4194619, 15.3346177], [101.4194558, 15.334385], [101.4194564, 15.3343503], [101.419455, 15.3341556], [101.4194573, 15.3340182], [101.419447, 15.3339309], [101.4194247, 15.3338159], [101.419414, 15.3337725], [101.4193628, 15.3336366], [101.4192982, 15.333523], [101.4191928, 15.3333311], [101.4191207, 15.3332126], [101.4190769, 15.33314], [101.419, 15.3330124], [101.4188687, 15.3328201], [101.4187969, 15.3327342], [101.4187436, 15.3326783], [101.4186597, 15.3326151], [101.4185757, 15.3325542], [101.4184936, 15.3325208], [101.4184349, 15.3325061], [101.4183905, 15.3325038], [101.4183736, 15.3325028], [101.418312, 15.332511], [101.4182575, 15.3325262], [101.4182028, 15.3325482], [101.4181384, 15.3325884], [101.4180953, 15.3326244], [101.4180579, 15.3326631], [101.4180256, 15.3326966], [101.417958, 15.3327803], [101.4179024, 15.3328596], [101.4178633, 15.3329368], [101.417814, 15.3330423], [101.4177605, 15.3331652], [101.417726, 15.3332144], [101.417708, 15.3332348], [101.4176847, 15.3332481], [101.4176492, 15.3332527], [101.4176355, 15.3332505], [101.4175892, 15.3332432], [101.4174745, 15.333219], [101.4174058, 15.3331973], [101.4173514, 15.3331689], [101.4173182, 15.333146], [101.4172886, 15.3331129], [101.4172473, 15.3330452], [101.4171556, 15.3328135], [101.4171131, 15.3327114], [101.4170562, 15.3326212], [101.4169909, 15.3325067], [101.4169525, 15.3324443], [101.4169289, 15.332406], [101.4169101, 15.3323611], [101.4169003, 15.3323145], [101.416901, 15.3322739], [101.4168986, 15.3322605], [101.4169092, 15.3321904], [101.4169155, 15.3320733], [101.4166302, 15.3320764], [101.402238, 15.3322317], [101.3968346, 15.3322898], [101.3861169, 15.3324047], [101.3854087, 15.3320866], [101.385128, 15.3319879], [101.3847662, 15.3319352], [101.3843113, 15.3318948], [101.3835065, 15.331813], [101.3832886, 15.3317513], [101.3828519, 15.3316277], [101.3820211, 15.3314025], [101.3822376, 15.3279642], [101.3823028, 15.3255864], [101.3823435, 15.3245253], [101.3823418, 15.323209], [101.3823338, 15.3225061], [101.3823222, 15.3214839], [101.3821143, 15.3157726], [101.382112, 15.3157096], [101.3820499, 15.3148795], [101.3819964, 15.3136405], [101.3819064, 15.3126701], [101.3818397, 15.3114312], [101.38169, 15.3098353], [101.3814724, 15.3080612], [101.3814655, 15.3079723], [101.3813018, 15.3069512], [101.3811568, 15.3057769], [101.3809116, 15.3038881], [101.3806427, 15.3010666], [101.3806093, 15.3004407], [101.3805853, 15.2994825], [101.3806044, 15.2988433], [101.3806856, 15.2978712], [101.3807444, 15.2971355], [101.3807664, 15.2968607], [101.3807528, 15.296492], [101.3807327, 15.2959437], [101.3807283, 15.2958259], [101.3806792, 15.2949702], [101.3804574, 15.2926229], [101.3804441, 15.2914416], [101.3804336, 15.2905102], [101.3804244, 15.2896973], [101.3804505, 15.2894041], [101.3804779, 15.2892097], [101.3805571, 15.2890093], [101.3806517, 15.2888628], [101.3809095, 15.2879816], [101.3811587, 15.2870895], [101.381219, 15.2863], [101.3810887, 15.2839519], [101.3810855, 15.283671], [101.381147, 15.2828523], [101.3812759, 15.2821541], [101.3813835, 15.2817181], [101.3819795, 15.2793018], [101.3823433, 15.2767498], [101.3823484, 15.2767141], [101.3827852, 15.2736497], [101.3828557, 15.2728537], [101.3828647, 15.2720938], [101.3828696, 15.2658905], [101.3828699, 15.2655314], [101.3829326, 15.2630833], [101.3831852, 15.2616209], [101.3834614, 15.2601695], [101.3837306, 15.2595909], [101.3839041, 15.2592179], [101.3846875, 15.258169], [101.3848268, 15.2578863], [101.3849329, 15.2576709], [101.3850207, 15.2567977], [101.3847408, 15.2537728], [101.3846648, 15.2529511], [101.3848588, 15.2506234], [101.3849078, 15.2502748], [101.3852286, 15.2479939], [101.3859064, 15.2454208], [101.386313, 15.2444513], [101.3865209, 15.2439555], [101.3870011, 15.2432297], [101.387323, 15.2428577], [101.3880226, 15.2422365], [101.3887872, 15.2417789], [101.388847, 15.2417488], [101.3898819, 15.2412278], [101.3899208, 15.2412069], [101.3901402, 15.2410888], [101.3901884, 15.2410325], [101.390312, 15.2408882], [101.3903661, 15.2406618], [101.3903682, 15.2406172], [101.3903762, 15.2404422], [101.3903863, 15.2402216], [101.3903559, 15.2401014], [101.3903109, 15.2399236], [101.3901131, 15.2395885], [101.3887848, 15.2382647], [101.3882141, 15.2375209], [101.3880263, 15.2372266], [101.3879241, 15.2370664], [101.3877906, 15.2367642], [101.3873973, 15.2356593], [101.3872882, 15.2351162], [101.3871941, 15.2336807], [101.3871721, 15.231727], [101.3872344, 15.231022], [101.3872768, 15.2306353], [101.3875836, 15.2284679], [101.3888147, 15.2201546], [101.3895075, 15.2177944], [101.3911184, 15.2134122], [101.3914117, 15.2118173], [101.3916417, 15.2105237], [101.3928891, 15.2030129], [101.3940109, 15.1959713], [101.3946255, 15.1888123], [101.3949493, 15.1866908], [101.3954877, 15.1839837], [101.3957007, 15.1832447], [101.3959469, 15.1826588], [101.3970336, 15.1809601], [101.3974352, 15.1800951], [101.3975582, 15.1795554], [101.3978042, 15.1772453], [101.398038, 15.1741609], [101.3981753, 15.1733534], [101.3985118, 15.1721349], [101.3985511, 15.1720456], [101.3996374, 15.1695114], [101.3999046, 15.1687691], [101.4001215, 15.1677785], [101.4002, 15.1669598], [101.4001964, 15.1665788], [101.400157, 15.1662616], [101.3998438, 15.1649358], [101.3997678, 15.1644254], [101.3997227, 15.1635398], [101.3996738, 15.1623135], [101.3995916, 15.1603024], [101.3996271, 15.1597284], [101.399673, 15.1593241], [101.3997682, 15.1588335], [101.4001445, 15.1575568], [101.400643, 15.1563562], [101.4017904, 15.1530829], [101.4018922, 15.1526998], [101.401929, 15.1525613], [101.4019503, 15.1523363], [101.4019766, 15.1519667], [101.4019685, 15.1518985], [101.401928, 15.1515583], [101.4019153, 15.1514678], [101.4016376, 15.1503081], [101.4009337, 15.1459106], [101.4007677, 15.1433484], [101.4008651, 15.1424916], [101.4016904, 15.1395108], [101.4018616, 15.1381338], [101.4018322, 15.13691], [101.4017864, 15.1362649], [101.4016426, 15.1356074], [101.401581, 15.135326], [101.4004293, 15.1328731], [101.3998313, 15.131576], [101.3995825, 15.1308333], [101.3995778, 15.1308193], [101.3995536, 15.13064], [101.3994351, 15.1297621], [101.3992672, 15.1278244], [101.3990972, 15.1246655], [101.3990971, 15.1222676], [101.399491, 15.1197608], [101.3997301, 15.1175013], [101.3997399, 15.1174091], [101.3998374, 15.1159028], [101.3998713, 15.1137103], [101.3999368, 15.1132889], [101.3999494, 15.1132365], [101.4001189, 15.1125337], [101.4003073, 15.1118788], [101.4006976, 15.1109152], [101.3991841, 15.1061008], [101.3990765, 15.1049247], [101.3990625, 15.1048092], [101.3990586, 15.1046904], [101.3990608, 15.1045939], [101.3990687, 15.1042322], [101.3990708, 15.1042002], [101.3990804, 15.104156], [101.3990901, 15.1041252], [101.3991087, 15.1040907], [101.3991335, 15.1040574], [101.3992036, 15.1039609], [101.3992659, 15.1038751], [101.3992973, 15.1038118], [101.3993057, 15.1037787], [101.3993168, 15.103702], [101.3993173, 15.1035958], [101.3992522, 15.102994], [101.3992487, 15.1028388], [101.3992567, 15.1028038], [101.3992943, 15.1027306], [101.3993279, 15.1026951], [101.3993883, 15.1026517], [101.3994572, 15.1026118], [101.3995814, 15.1025541], [101.3996957, 15.1025149], [101.3997824, 15.1024883], [101.3998516, 15.1024741], [101.3998957, 15.1024687], [101.3999474, 15.102467], [101.4000117, 15.1024699], [101.4001052, 15.1024849], [101.4002522, 15.1024973], [101.4005167, 15.1025197], [101.4005495, 15.1025132], [101.4005808, 15.1024982], [101.4006046, 15.1024808], [101.400642, 15.1024412], [101.4006871, 15.1023754], [101.4006943, 15.1023459], [101.4006951, 15.1023257], [101.4006938, 15.102299], [101.400684, 15.102267], [101.4006656, 15.1022322], [101.4006358, 15.1021894], [101.4005929, 15.102154], [101.4005538, 15.1021314], [101.4005093, 15.1021227], [101.4004525, 15.1021206], [101.4003883, 15.1021295], [101.4002317, 15.1021707], [101.4002006, 15.1021728], [101.4001646, 15.1021714], [101.4001097, 15.1021665], [101.400067, 15.1021577], [101.4000223, 15.1021343], [101.3998252, 15.102016], [101.3997593, 15.1019625], [101.3997161, 15.1019069], [101.3996978, 15.101874], [101.399688, 15.101842], [101.3996768, 15.1017919], [101.3996557, 15.101646], [101.3996354, 15.101547], [101.3996228, 15.101514], [101.3996081, 15.1014899], [101.399586, 15.1014571], [101.3995725, 15.1014426], [101.3995655, 15.1014351], [101.3995409, 15.1014193], [101.3995174, 15.1014113], [101.3994912, 15.1014064], [101.3994593, 15.1014067], [101.3994173, 15.1014092], [101.3993149, 15.101432], [101.3991769, 15.1014609], [101.3991449, 15.1014597], [101.3990996, 15.1014519], [101.3990606, 15.1014383], [101.3990371, 15.1014225], [101.3990184, 15.1013976], [101.3989989, 15.1013698], [101.398986, 15.1013461], [101.3989676, 15.1013122], [101.3989122, 15.1011756], [101.3989041, 15.1011448], [101.3988995, 15.1011186], [101.3988993, 15.1010972], [101.3989019, 15.1010799], [101.3989096, 15.10106], [101.3989164, 15.1010474], [101.3989242, 15.1010371], [101.3989368, 15.1010244], [101.3989611, 15.1010073], [101.3989855, 15.1009925], [101.3990016, 15.1009852], [101.3990565, 15.1009682], [101.3992712, 15.100902], [101.3993007, 15.1008899], [101.3993252, 15.1008763], [101.3993632, 15.1008497], [101.3993907, 15.100828], [101.3994068, 15.1008113], [101.3994236, 15.1007918], [101.3994424, 15.1007579], [101.3994527, 15.1007268], [101.3994636, 15.100686], [101.3994859, 15.1005272], [101.3994855, 15.1004948], [101.3994823, 15.1004632], [101.399477, 15.1004329], [101.3994654, 15.1004089], [101.399451, 15.100387], [101.3994258, 15.1003583], [101.3993936, 15.1003297], [101.3993664, 15.1003128], [101.3993323, 15.1003021], [101.3992342, 15.1002894], [101.3991351, 15.1002761], [101.399112, 15.1002686], [101.3990963, 15.1002605], [101.3990827, 15.1002476], [101.3990747, 15.1002352], [101.3990702, 15.1002237], [101.39904, 15.1000488], [101.399032, 15.1000269], [101.3990211, 15.1000098], [101.3989924, 15.099977], [101.3989696, 15.0999593], [101.3989514, 15.0999482], [101.3989313, 15.0999391], [101.3989217, 15.0999357], [101.3988861, 15.0999264], [101.3988284, 15.0999173], [101.3982197, 15.0998686], [101.3978967, 15.0998261], [101.3978427, 15.0998138], [101.3977867, 15.0997987], [101.3976917, 15.0997639], [101.3976175, 15.0997261], [101.3975375, 15.0996755], [101.3972614, 15.0995158], [101.3972234, 15.0995006], [101.3970639, 15.0994644], [101.3970346, 15.0994622], [101.3970022, 15.0994672], [101.3969789, 15.0994752], [101.3969609, 15.0994841], [101.3969393, 15.099504], [101.3968349, 15.0996354], [101.3967897, 15.099686], [101.3967537, 15.0997055], [101.3967299, 15.099713], [101.3966969, 15.0997159], [101.396665, 15.0997142], [101.3966399, 15.0997057], [101.3966179, 15.0996899], [101.3965963, 15.0996658], [101.3965223, 15.0995658], [101.396475, 15.0995211], [101.3962119, 15.0993364], [101.3961557, 15.0992975], [101.3960256, 15.099173], [101.3960141, 15.099151], [101.3960042, 15.0991171], [101.396002, 15.099085], [101.3960033, 15.099039], [101.3960066, 15.0989958], [101.3960116, 15.0989713], [101.3960147, 15.0989562], [101.3960356, 15.0989023], [101.3960502, 15.098876], [101.3960698, 15.0988551], [101.3960931, 15.0988397], [101.3961277, 15.0988262], [101.3962379, 15.0987906], [101.3962796, 15.0987716], [101.3963656, 15.0987266], [101.3964031, 15.0987158], [101.3964477, 15.0987078], [101.3964902, 15.098708], [101.3965315, 15.0987145], [101.3965806, 15.0987298], [101.3966119, 15.0987432], [101.3966476, 15.0987635], [101.3968388, 15.0989166], [101.3969727, 15.0990095], [101.3969941, 15.0990212], [101.3971523, 15.0990862], [101.3971801, 15.099091], [101.3972114, 15.0990912], [101.3972407, 15.0990873], [101.3972608, 15.0990804], [101.3972899, 15.0990666], [101.3973242, 15.099044], [101.3975157, 15.0988926], [101.3977253, 15.0987022], [101.3977558, 15.0986694], [101.3977767, 15.0986361], [101.3977939, 15.098609], [101.3978619, 15.0984573], [101.3978734, 15.098435], [101.3978891, 15.0984157], [101.3979097, 15.098399], [101.3979529, 15.0983685], [101.3980634, 15.0982991], [101.3982982, 15.0981839], [101.3985926, 15.0980444], [101.3986965, 15.0979951], [101.3987286, 15.097977], [101.3987396, 15.0979668], [101.3987487, 15.097957], [101.3987573, 15.0979422], [101.3987635, 15.0979239], [101.3987672, 15.0979002], [101.3987652, 15.0978603], [101.39876, 15.0978293], [101.3987574, 15.0978127], [101.3987517, 15.0977949], [101.3987362, 15.0977726], [101.3987205, 15.0977592], [101.398698, 15.0977462], [101.3986752, 15.0977372], [101.3985956, 15.0977186], [101.3985596, 15.0977128], [101.3983555, 15.0977042], [101.3982052, 15.0977177], [101.3981581, 15.0977283], [101.3980996, 15.0977436], [101.398063, 15.0977651], [101.3980142, 15.0978015], [101.3979515, 15.0978494], [101.3979172, 15.097882], [101.3976975, 15.0981153], [101.3976699, 15.098137], [101.3976441, 15.0981547], [101.3976199, 15.0981673], [101.3975949, 15.0981742], [101.3975594, 15.0981792], [101.3975411, 15.0981794], [101.3975143, 15.0981758], [101.3974891, 15.0981699], [101.3974626, 15.0981574], [101.3974292, 15.0981321], [101.3973819, 15.0980764], [101.397341, 15.0980114], [101.3973256, 15.0979736], [101.3973182, 15.0979454], [101.3973129, 15.097911], [101.3973111, 15.0978794], [101.3973136, 15.0978535], [101.3973155, 15.0978325], [101.3973251, 15.0977958], [101.397341, 15.0977612], [101.3973584, 15.0977293], [101.3973955, 15.0976834], [101.3974452, 15.0976343], [101.3975493, 15.0975454], [101.39779, 15.0973399], [101.3979744, 15.0971448], [101.3980422, 15.097073], [101.3982266, 15.0968753], [101.398237, 15.0968566], [101.3982445, 15.0968276], [101.3982533, 15.0967875], [101.3982537, 15.0967606], [101.3982491, 15.0967338], [101.3982382, 15.0967084], [101.3982123, 15.0966777], [101.3981887, 15.0966573], [101.3981395, 15.0966344], [101.3980269, 15.0965935], [101.3979437, 15.0965734], [101.3979026, 15.0965711], [101.3978283, 15.0965672], [101.3977928, 15.0965692], [101.3977729, 15.0965721], [101.3977526, 15.0965762], [101.3977319, 15.0965814], [101.3976981, 15.0965931], [101.3976315, 15.0966236], [101.3976049, 15.096639], [101.3975494, 15.0966749], [101.3974494, 15.0967546], [101.3973452, 15.0968629], [101.3973145, 15.0968948], [101.3972987, 15.0969059], [101.3972792, 15.0969173], [101.3972654, 15.0969224], [101.3972371, 15.0969329], [101.397224, 15.0969353], [101.3972088, 15.0969359], [101.3971921, 15.0969361], [101.3971677, 15.0969309], [101.397142, 15.0969203], [101.3971175, 15.096902], [101.3970935, 15.0968772], [101.3970762, 15.0968525], [101.3970587, 15.0968114], [101.3970439, 15.0967545], [101.3970396, 15.0967059], [101.3970484, 15.096647], [101.3970684, 15.0965815], [101.3971074, 15.0965085], [101.3972662, 15.0962505], [101.3972893, 15.0962043], [101.3973789, 15.0960122], [101.3974562, 15.0958175], [101.3975382, 15.09554], [101.3975513, 15.0954928], [101.3975745, 15.0954092], [101.3976028, 15.0953161], [101.3976158, 15.0952939], [101.3976307, 15.0952762], [101.397656, 15.0952548], [101.3976835, 15.0952378], [101.3977134, 15.0952276], [101.3977455, 15.0952208], [101.3980687, 15.0951926], [101.3981639, 15.0951721], [101.3983552, 15.0951096], [101.398391, 15.0950908], [101.3984153, 15.0950704], [101.3984321, 15.09505], [101.3984432, 15.0950241], [101.3984503, 15.0949827], [101.3984432, 15.0949414], [101.3984344, 15.0949149], [101.398417, 15.0948838], [101.3983892, 15.0948446], [101.3981346, 15.09458], [101.3978698, 15.0943099], [101.3978382, 15.0942723], [101.3977934, 15.0942066], [101.397711, 15.0940662], [101.3976862, 15.0940024], [101.3976522, 15.0938843], [101.3976467, 15.0938366], [101.3976409, 15.0937754], [101.3976401, 15.0937044], [101.3976547, 15.0935413], [101.3976737, 15.0934073], [101.3976901, 15.0933527], [101.3977094, 15.0932967], [101.3977469, 15.0932343], [101.3978127, 15.0931292], [101.397854, 15.0930631], [101.3979142, 15.0929308], [101.3979216, 15.0929004], [101.397924, 15.0928563], [101.3979235, 15.0928122], [101.3979184, 15.0927405], [101.3979136, 15.0926951], [101.3979076, 15.0926621], [101.3978647, 15.0925076], [101.3978351, 15.0924102], [101.3977919, 15.0922336], [101.397777, 15.0920442], [101.3977803, 15.0920159], [101.3977855, 15.0919814], [101.3977916, 15.091951], [101.3977998, 15.0919275], [101.3978339, 15.0918672], [101.3978964, 15.0918093], [101.3979614, 15.0917675], [101.398033, 15.091752], [101.3980703, 15.0917537], [101.3980994, 15.091761], [101.3981728, 15.0917864], [101.3982325, 15.0918307], [101.3983015, 15.0919145], [101.39838, 15.0920509], [101.3983951, 15.0920673], [101.3984223, 15.0920863], [101.3985066, 15.0921426], [101.3985366, 15.0921561], [101.3985884, 15.0921638], [101.3986218, 15.0921669], [101.3986523, 15.0921618], [101.3986763, 15.0921532], [101.3986974, 15.092142], [101.3987263, 15.0921203], [101.3987508, 15.092089], [101.3987653, 15.0920599], [101.3987797, 15.0920171], [101.3988318, 15.0917925], [101.3988648, 15.0915819], [101.398868, 15.0915258], [101.3988654, 15.0914633], [101.3988621, 15.0914202], [101.3988522, 15.0913817], [101.3988317, 15.0913304], [101.3988086, 15.0912884], [101.3987395, 15.0911991], [101.398617, 15.0910708], [101.398606, 15.0910623], [101.3984249, 15.0909218], [101.3983622, 15.0908732], [101.3983288, 15.0908423], [101.3982972, 15.0908086], [101.3982656, 15.0907741], [101.3982415, 15.0907366], [101.3982327, 15.090711], [101.3982258, 15.0906817], [101.3982187, 15.0906376], [101.3982162, 15.0905908], [101.3982196, 15.0905494], [101.3982342, 15.0904507], [101.3982483, 15.0903813], [101.3982607, 15.0903502], [101.3982759, 15.0903294], [101.3983002, 15.0903115], [101.3983219, 15.0902994], [101.3983547, 15.0902877], [101.398386, 15.0902796], [101.3984323, 15.0902745], [101.3984795, 15.0902688], [101.3985348, 15.0902615], [101.3986155, 15.0902446], [101.398668, 15.0902306], [101.3987331, 15.0902056], [101.3987622, 15.0901883], [101.3987881, 15.0901709], [101.398808, 15.0901475], [101.3988264, 15.0901225], [101.3988367, 15.0900975], [101.3988444, 15.0900711], [101.3988463, 15.0900483], [101.3988422, 15.090021], [101.3988367, 15.089998], [101.3988183, 15.0899357], [101.3987885, 15.0898687], [101.398688, 15.0896774], [101.3986216, 15.0894717], [101.3986141, 15.089436], [101.398607, 15.0893733], [101.3986063, 15.0893044], [101.3986065, 15.08927], [101.398617, 15.0891837], [101.3986216, 15.089152], [101.3986276, 15.089123], [101.3986429, 15.0890911], [101.3986603, 15.0890599], [101.3986756, 15.0890391], [101.3986974, 15.0890216], [101.398722, 15.089002], [101.3987537, 15.088981], [101.3987738, 15.0889721], [101.3989372, 15.0888991], [101.3989781, 15.0888746], [101.3990259, 15.0888389], [101.399073, 15.0887978], [101.3991293, 15.0887366], [101.3991971, 15.0886297], [101.3993045, 15.0883961], [101.3993122, 15.0883753], [101.3993478, 15.0882785], [101.3993574, 15.0882484], [101.399379, 15.0881811], [101.3993824, 15.0881489], [101.3993801, 15.0881113], [101.3993731, 15.0880856], [101.3993604, 15.0880471], [101.399346, 15.0880234], [101.3993335, 15.0880098], [101.3993201, 15.0879961], [101.3993058, 15.0879871], [101.3992958, 15.0879839], [101.3992715, 15.0879801], [101.3992471, 15.0879803], [101.3991763, 15.0879885], [101.3990999, 15.0880058], [101.3990113, 15.0880316], [101.3985598, 15.0881909], [101.3984423, 15.0882324], [101.3983266, 15.0882924], [101.3982633, 15.0883286], [101.3982439, 15.0883449], [101.3982328, 15.0883577], [101.3982222, 15.0883714], [101.3982114, 15.0883938], [101.3982029, 15.088417], [101.3981996, 15.0884362], [101.3981941, 15.0884612], [101.3981926, 15.0884822], [101.3981894, 15.0885612], [101.3981855, 15.0886593], [101.3981834, 15.0887105], [101.3981787, 15.0887669], [101.3981706, 15.0888042], [101.3981503, 15.0888489], [101.3981346, 15.0888707], [101.3981135, 15.0888865], [101.3980881, 15.0888986], [101.3980463, 15.0889141], [101.3980144, 15.0889216], [101.3979757, 15.0889277], [101.3979353, 15.0889297], [101.397889, 15.0889281], [101.3978607, 15.0889233], [101.3978387, 15.088909], [101.3978225, 15.0888935], [101.3977985, 15.0888569], [101.3977878, 15.0888405], [101.3976615, 15.0885547], [101.3976439, 15.0885081], [101.397633, 15.0884585], [101.3976239, 15.0884109], [101.3976045, 15.0882806], [101.3975805, 15.0880814], [101.3975675, 15.0880182], [101.3975595, 15.0879815], [101.3975421, 15.0879449], [101.397455, 15.0877694], [101.3974155, 15.0876707], [101.3974066, 15.0876398], [101.3973984, 15.0876006], [101.3973907, 15.0875517], [101.3973899, 15.0875183], [101.3973894, 15.0874959], [101.3973952, 15.0874442], [101.3974031, 15.0873952], [101.3974223, 15.0873098], [101.3974416, 15.0872345], [101.3974728, 15.0871656], [101.3975535, 15.0870095], [101.3975947, 15.0869388], [101.3978375, 15.0866465], [101.3979136, 15.0865746], [101.3979308, 15.086561], [101.3979949, 15.0865101], [101.3980687, 15.0864615], [101.3981365, 15.0864301], [101.3982332, 15.0863973], [101.3988763, 15.0862126], [101.3990153, 15.0861647], [101.3991844, 15.0861065], [101.3992757, 15.0860678], [101.3993076, 15.0860463], [101.3993404, 15.0860212], [101.3993713, 15.0859887], [101.3994039, 15.0859507], [101.3994551, 15.0858775], [101.3994763, 15.0858286], [101.3994844, 15.0857909], [101.3994897, 15.0857167], [101.3994879, 15.0856735], [101.3994835, 15.0856333], [101.3994817, 15.085617], [101.3994774, 15.0855957], [101.3994551, 15.0855454], [101.3994366, 15.0855127], [101.3994196, 15.0854871], [101.3993984, 15.0854642], [101.3992782, 15.0853727], [101.3990743, 15.0852377], [101.3986983, 15.0849888], [101.3986081, 15.0849238], [101.3984716, 15.0847978], [101.3984032, 15.0847309], [101.398377, 15.0847052], [101.398324, 15.0846324], [101.3982984, 15.0845617], [101.398303, 15.0844624], [101.3983169, 15.0844068], [101.3983249, 15.0843911], [101.3983352, 15.0843772], [101.3983489, 15.0843662], [101.3983595, 15.0843609], [101.3983826, 15.0843519], [101.3984106, 15.0843433], [101.3984401, 15.0843341], [101.398454, 15.0843298], [101.3985274, 15.084316], [101.3986479, 15.0842933], [101.3987439, 15.0842716], [101.3987611, 15.0842662], [101.3988042, 15.0842496], [101.3988405, 15.0842312], [101.3988733, 15.0842096], [101.3989049, 15.0841831], [101.3989434, 15.0841372], [101.3989753, 15.0840783], [101.3989913, 15.0840421], [101.3990077, 15.0839897], [101.3990177, 15.0839181], [101.3990296, 15.0838177], [101.3990278, 15.0837459], [101.3990272, 15.0836888], [101.3990153, 15.0835353], [101.3989661, 15.0830392], [101.3989602, 15.0829674], [101.3989594, 15.0827452], [101.3989647, 15.0826201], [101.3989693, 15.0825802], [101.3989957, 15.0823822], [101.399051, 15.0820647], [101.399066, 15.0819077], [101.3990645, 15.0818575], [101.3990526, 15.0817657], [101.3990274, 15.0816141], [101.3990213, 15.0815178], [101.3990171, 15.0814476], [101.3990213, 15.0812172], [101.3990283, 15.0810946], [101.3990358, 15.0810112], [101.3991019, 15.08046], [101.3991101, 15.08029], [101.3991152, 15.0801462], [101.3991103, 15.080009], [101.3990871, 15.0794407], [101.3990913, 15.0793672], [101.3990973, 15.0793034], [101.3991052, 15.0792527], [101.3991196, 15.0791888], [101.3991359, 15.0791445], [101.3992515, 15.0788052], [101.3993103, 15.0786559], [101.3993332, 15.0786001], [101.3994153, 15.0784244], [101.3995271, 15.0781978], [101.3997626, 15.0777624], [101.3998629, 15.0775588], [101.3999299, 15.0773865], [101.4000569, 15.077016], [101.400073, 15.0769489], [101.4000988, 15.076825], [101.4001113, 15.0767671], [101.400119, 15.0767033], [101.4001234, 15.0766526], [101.4001258, 15.0765677], [101.4001234, 15.076504], [101.4001221, 15.0761751], [101.4001205, 15.0760907], [101.4001242, 15.0758195], [101.4001254, 15.075802], [101.40013, 15.0757394], [101.4001481, 15.0755818], [101.4001897, 15.0752127], [101.4002338, 15.0748006], [101.4002481, 15.0746322], [101.400262, 15.0744687], [101.4002631, 15.0742661], [101.4002578, 15.0740963], [101.4002263, 15.0737928], [101.4002104, 15.0736546], [101.4002045, 15.0735788], [101.4001941, 15.0734466], [101.4001979, 15.0733521], [101.4002004, 15.0732849], [101.4002398, 15.07307], [101.4002419, 15.0730288], [101.4002516, 15.0726677], [101.4002485, 15.0723364], [101.4002482, 15.0722307], [101.4002483, 15.0721613], [101.4002568, 15.0720614], [101.4002802, 15.0718243], [101.4003017, 15.0716448], [101.4003124, 15.0715888], [101.4003845, 15.0712615], [101.4004345, 15.0710429], [101.4004865, 15.0708155], [101.4005215, 15.0706688], [101.4005356, 15.0706086], [101.4005383, 15.0705434], [101.4005359, 15.0704783], [101.4005309, 15.0704243], [101.400527, 15.0703871], [101.400516, 15.070339], [101.4005052, 15.0703078], [101.4004034, 15.0700805], [101.4003695, 15.0700047], [101.4003587, 15.0699735], [101.4003279, 15.0698861], [101.4003176, 15.0698434], [101.4003107, 15.0698026], [101.400307, 15.0697618], [101.4003072, 15.0696329], [101.4003298, 15.0694833], [101.4003532, 15.0694045], [101.400374, 15.0693501], [101.4004236, 15.0692202], [101.4004443, 15.0691662], [101.4004903, 15.0690704], [101.4005392, 15.0689687], [101.4006548, 15.0687474], [101.4008896, 15.0683362], [101.4011167, 15.0679581], [101.4012624, 15.0676372], [101.4013854, 15.0672442], [101.4014481, 15.0670765], [101.401465, 15.0670436], [101.4014847, 15.0670133], [101.4016336, 15.0668198], [101.4018034, 15.0666262], [101.4020154, 15.0663781], [101.4020963, 15.0662936], [101.4022807, 15.0661012], [101.4023515, 15.066005], [101.4023891, 15.0659471], [101.4024033, 15.0659169], [101.4024225, 15.0658424], [101.4024326, 15.0657722], [101.4024364, 15.0657323], [101.4024268, 15.0656576], [101.402411, 15.0655775], [101.4023635, 15.0653852], [101.4023559, 15.0653409], [101.4023517, 15.065291], [101.4023512, 15.0652491], [101.402355, 15.0652008], [101.4023621, 15.0651675], [101.4023689, 15.0651431], [101.4023863, 15.0651083], [101.4024201, 15.0650492], [101.4024922, 15.0649332], [101.402683, 15.0646357], [101.4029289, 15.0642516], [101.4031345, 15.0639288], [101.403312, 15.063724], [101.4033776, 15.0636243], [101.4034181, 15.0635614], [101.4034262, 15.0635224], [101.403434, 15.0634657], [101.4034347, 15.0634198], [101.4034256, 15.0633574], [101.4034059, 15.0632861], [101.4033697, 15.0631833], [101.4033497, 15.0631417], [101.4032329, 15.0629493], [101.403227, 15.0629398], [101.4030911, 15.0627209], [101.4029298, 15.0624538], [101.4029148, 15.0624177], [101.4029109, 15.0623948], [101.4029028, 15.0623366], [101.4029018, 15.0623073], [101.4029051, 15.0622755], [101.402922, 15.0622443], [101.4029445, 15.0622193], [101.4029671, 15.0622067], [101.4030024, 15.062194], [101.4030514, 15.062182], [101.4031032, 15.0621752], [101.403165, 15.0621684], [101.4032848, 15.0621646], [101.4035062, 15.0621576], [101.4035571, 15.06215], [101.4036606, 15.0621321], [101.4038094, 15.0620951], [101.4038784, 15.0620803], [101.4039791, 15.0620518], [101.4040598, 15.0620271], [101.4041767, 15.0619851], [101.4042138, 15.0619688], [101.4043442, 15.0619109], [101.4043668, 15.0618947], [101.4044309, 15.0618516], [101.4045811, 15.061743], [101.4046564, 15.0616785], [101.404749, 15.061575], [101.4048047, 15.0615125], [101.4048406, 15.0614679], [101.4048702, 15.061426], [101.4049077, 15.0613673], [101.4049495, 15.061282], [101.4049759, 15.0612003], [101.4049793, 15.0611764], [101.4050095, 15.0610324], [101.4050579, 15.0608016], [101.4051036, 15.0605948], [101.4051101, 15.0605722], [101.4051168, 15.0605542], [101.4051934, 15.0603903], [101.4052088, 15.0603623], [101.4052242, 15.0603389], [101.4052779, 15.0602554], [101.4052886, 15.0602414], [101.4053259, 15.0602011], [101.4053935, 15.0601376], [101.4055108, 15.0600373], [101.4055232, 15.0600266], [101.4055718, 15.0599774], [101.405615, 15.0599337], [101.4056428, 15.0598989], [101.4056867, 15.0598339], [101.4057277, 15.0597583], [101.4058643, 15.0595094], [101.4059176, 15.0594123], [101.4060198, 15.0591911], [101.4060739, 15.059072], [101.406133, 15.0589678], [101.4061546, 15.0589342], [101.4061759, 15.0589116], [101.4061997, 15.058889], [101.4062397, 15.0588538], [101.4063402, 15.0587915], [101.406507, 15.0586796], [101.4065421, 15.058656], [101.4066472, 15.0585854], [101.4069587, 15.0583626], [101.406981, 15.0583458], [101.4070264, 15.0583168], [101.4070651, 15.0582958], [101.4071085, 15.0582761], [101.4073354, 15.0581855], [101.4073783, 15.0581688], [101.4074556, 15.0581325], [101.407516, 15.0581021], [101.4075356, 15.0580813], [101.4075544, 15.0580612], [101.4075753, 15.0580305], [101.4075914, 15.0580064], [101.4076086, 15.0579638], [101.4076191, 15.0579226], [101.4076606, 15.0577164], [101.407676, 15.0576401], [101.4076872, 15.0576075], [101.4076985, 15.0575782], [101.4077266, 15.0575315], [101.4077455, 15.0575088], [101.4077651, 15.0574953], [101.4077861, 15.0574831], [101.4078215, 15.0574702], [101.4078405, 15.0574648], [101.4078732, 15.0574557], [101.4079154, 15.0574479], [101.4079624, 15.0574415], [101.4081417, 15.0574223], [101.4081825, 15.0574139], [101.408226, 15.0574009], [101.4082749, 15.0573798], [101.408319, 15.0573568], [101.408354, 15.0573349], [101.4083918, 15.0573001], [101.4084509, 15.0572368], [101.4084712, 15.0572201], [101.4085109, 15.0572003], [101.4085532, 15.05718], [101.4086021, 15.0571625], [101.4086133, 15.0571595], [101.4086434, 15.0571512], [101.4086817, 15.0571433], [101.4087252, 15.0571389], [101.4088322, 15.0571312], [101.408873, 15.0571283], [101.4089272, 15.0571248], [101.4089712, 15.0571183], [101.4090196, 15.0571024], [101.409044, 15.0570857], [101.4090794, 15.0570471], [101.409093, 15.057026], [101.4091092, 15.0569711], [101.4091133, 15.0569278], [101.409111, 15.056903], [101.4090888, 15.0568185], [101.4090534, 15.0566892], [101.4090098, 15.0565847], [101.4088849, 15.0563369], [101.408857, 15.0562726], [101.408847, 15.0562468], [101.40884, 15.0562111], [101.4088347, 15.0561554], [101.4088321, 15.0560983], [101.4088318, 15.0560774], [101.4088391, 15.056045], [101.4088436, 15.0560307], [101.4088648, 15.0559631], [101.4088768, 15.0559381], [101.4090231, 15.0557445], [101.4090697, 15.0556851], [101.4090959, 15.0556353], [101.4091467, 15.0555192], [101.4092305, 15.0553108], [101.4093321, 15.0551036], [101.4093937, 15.0549942], [101.4094287, 15.0549523], [101.4096102, 15.054747], [101.4096632, 15.0546898], [101.4098238, 15.054547], [101.4099819, 15.0544087], [101.4101783, 15.0542713], [101.4103394, 15.0541522], [101.4103786, 15.0541207], [101.4104117, 15.0540931], [101.4104326, 15.0540717], [101.4104494, 15.0540496], [101.4104662, 15.0540249], [101.4104801, 15.0539889], [101.4104964, 15.0539165], [101.4104994, 15.053884], [101.4105004, 15.0538488], [101.4105084, 15.0535888], [101.4105115, 15.0535615], [101.4105228, 15.0534759], [101.4105301, 15.0534526], [101.4105421, 15.0534339], [101.4105597, 15.0534138], [101.41058, 15.0533983], [101.4106112, 15.0533808], [101.4107274, 15.0533437], [101.4107668, 15.0533228], [101.4107973, 15.0533045], [101.4108487, 15.0532682], [101.4108778, 15.0532433], [101.4109344, 15.053183], [101.4110637, 15.0530278], [101.411077, 15.0529958], [101.4110893, 15.0529393], [101.4110891, 15.0529188], [101.4110881, 15.0528909], [101.4110803, 15.0528672], [101.4110671, 15.0528467], [101.411052, 15.0528323], [101.4110293, 15.052818], [101.4109661, 15.0527808], [101.4108058, 15.0526881], [101.4107264, 15.0526421], [101.4106679, 15.0526016], [101.4106342, 15.0525768], [101.4105748, 15.0525111], [101.4105628, 15.0524834], [101.4105473, 15.0524398], [101.4105438, 15.0524252], [101.4105415, 15.052406], [101.410539, 15.0523643], [101.4105386, 15.052352], [101.4105349, 15.052245], [101.4105386, 15.0522058], [101.4105411, 15.0521859], [101.4105522, 15.0521453], [101.4105622, 15.0521213], [101.410581, 15.0520926], [101.4105985, 15.0520745], [101.410631, 15.0520483], [101.4106581, 15.0520348], [101.4107118, 15.0520156], [101.4108012, 15.0519841], [101.4109134, 15.0519585], [101.4109467, 15.0519545], [101.4110269, 15.0519469], [101.4110529, 15.0519451], [101.4110733, 15.0519453], [101.411094, 15.0519454], [101.4111439, 15.051946], [101.4113374, 15.0519449], [101.4113771, 15.0519423], [101.4114131, 15.0519375], [101.4114409, 15.0519338], [101.4114817, 15.0519269], [101.4115027, 15.0519222], [101.4115314, 15.0519135], [101.4115488, 15.051906], [101.4116072, 15.0518769], [101.4116181, 15.0518692], [101.41163, 15.0518565], [101.4116394, 15.0518427], [101.4116435, 15.0518275], [101.411647, 15.051804], [101.4116494, 15.0517695], [101.411649, 15.0517317], [101.4116473, 15.0517072], [101.4116402, 15.0516827], [101.4116296, 15.0516457], [101.4115873, 15.0515314], [101.4114656, 15.0512648], [101.4113594, 15.0510471], [101.4113342, 15.0509857], [101.411308, 15.0508998], [101.4113008, 15.0508674], [101.411296, 15.0508077], [101.4112931, 15.0507362], [101.4112947, 15.0506957], [101.4113005, 15.0506638], [101.4113071, 15.0506405], [101.4113217, 15.0506045], [101.411337, 15.0505756], [101.4113719, 15.0505155], [101.4114149, 15.0504537], [101.4115731, 15.0502823], [101.4116386, 15.0502124], [101.4117884, 15.050008], [101.4118363, 15.0499588], [101.4118582, 15.0499329], [101.4118858, 15.0499001], [101.4119561, 15.0498223], [101.4119912, 15.0497887], [101.412361, 15.049434], [101.4126803, 15.0491282], [101.4127531, 15.0490472], [101.4128595, 15.0489181], [101.4128722, 15.0488987], [101.4128983, 15.0488506], [101.4129249, 15.0487911], [101.4129503, 15.048698], [101.4129571, 15.0486572], [101.4129823, 15.0483156], [101.4130137, 15.0479308], [101.4130225, 15.0478283], [101.4130373, 15.0476567], [101.4130383, 15.0476281], [101.413044, 15.0475876], [101.4130523, 15.0475411], [101.4131291, 15.0472697], [101.4131534, 15.047182], [101.4131584, 15.0471428], [101.4131594, 15.0471142], [101.4131602, 15.0470425], [101.4131599, 15.0470133], [101.4131559, 15.0469851], [101.4131512, 15.0469657], [101.4131446, 15.046949], [101.4130916, 15.0468496], [101.4129703, 15.0466599], [101.4129628, 15.0466397], [101.4129606, 15.0466061], [101.4129603, 15.0465787], [101.4129645, 15.0465468], [101.4129732, 15.046514], [101.4129847, 15.0464812], [101.4130034, 15.0464482], [101.413025, 15.0464286], [101.413052, 15.0464035], [101.4130818, 15.046382], [101.4131469, 15.0463415], [101.4131848, 15.0463199], [101.4132582, 15.0462926], [101.413349, 15.0462713], [101.4133843, 15.0462567], [101.4134114, 15.0462405], [101.4134502, 15.0462093], [101.4139701, 15.0455422], [101.4141486, 15.0452597], [101.4147639, 15.0452298], [101.4149455, 15.0449237], [101.4150086, 15.0445605], [101.4148732, 15.0441952], [101.4145556, 15.0440825], [101.4143985, 15.0439437], [101.4144178, 15.0437451], [101.4146607, 15.0433907], [101.4147527, 15.0430216], [101.4152804, 15.0423289], [101.4154674, 15.0422229], [101.4154593, 15.0420698], [101.4153251, 15.0419952], [101.4150568, 15.0420305], [101.4149389, 15.0419756], [101.4149267, 15.0417792], [101.4151625, 15.0415869], [101.4154146, 15.041418], [101.4154837, 15.041261], [101.4153942, 15.0411825], [101.4150934, 15.0412296], [101.4149918, 15.0411275], [101.4150365, 15.0409548], [101.415439, 15.0408762], [101.4157601, 15.0409076], [101.4159797, 15.0407663], [101.416061, 15.0404404], [101.4160081, 15.0400046], [101.4159106, 15.0395963], [101.4160447, 15.0392429], [101.4160325, 15.039082], [101.4159268, 15.0390152], [101.4157967, 15.0390898], [101.4157398, 15.0391997], [101.4155569, 15.0392665], [101.4147153, 15.038921], [101.4146706, 15.0386775], [101.4149064, 15.0383046], [101.4151097, 15.0380886], [101.4152588, 15.0373564], [101.4151301, 15.0371647], [101.4139392, 15.0368746], [101.4137997, 15.0366518], [101.413848, 15.0364653], [101.414143, 15.0362477], [101.4142772, 15.0357918], [101.4141913, 15.0353618], [101.4142235, 15.035108], [101.4142888, 15.0350235], [101.4144717, 15.0350509], [101.4145815, 15.0349803], [101.4149653, 15.0342687], [101.4149894, 15.0341555], [101.4149652, 15.0339911], [101.4147453, 15.0336957], [101.4146796, 15.0334872], [101.4146528, 15.0333616], [101.4146769, 15.0332878], [101.4147748, 15.0332683], [101.4148593, 15.0333072], [101.4149331, 15.0334173], [101.4150229, 15.0334082], [101.4150806, 15.0333538], [101.4154333, 15.0330844], [101.4155862, 15.0329795], [101.4157471, 15.0329406], [101.4160341, 15.0331505], [101.416183, 15.0333162], [101.416364, 15.0333266], [101.4164405, 15.0332693], [101.4164324, 15.0330896], [101.4164123, 15.0329912], [101.4163318, 15.0328824], [101.4160126, 15.0327373], [101.4159577, 15.0326402], [101.4159644, 15.0325611], [101.4160556, 15.0324627], [101.4162192, 15.0322723], [101.416297, 15.0321998], [101.4164579, 15.0321842], [101.4166882, 15.0322868], [101.4167677, 15.0323798], [101.4167891, 15.0325054], [101.4167342, 15.0326829], [101.416761, 15.0327315], [101.416822, 15.0327379], [101.4168817, 15.0326997], [101.416997, 15.0324731], [101.4169461, 15.032214], [101.4168978, 15.0321052], [101.4169474, 15.0319485], [101.4172035, 15.0318034], [101.4174288, 15.0314447], [101.4174463, 15.0311623], [101.4173444, 15.0309382], [101.4173175, 15.0308657], [101.4172371, 15.0308191], [101.4171137, 15.0308139], [101.4169635, 15.0308657], [101.4168052, 15.031025], [101.4167496, 15.0310373], [101.4166845, 15.0310302], [101.4165518, 15.0309784], [101.4165075, 15.0309253], [101.4165102, 15.0308489], [101.4165746, 15.0306792], [101.4166416, 15.0305743], [101.4168414, 15.0305432], [101.41706, 15.0305341], [101.4170875, 15.0304849], [101.4170708, 15.0304357], [101.4169742, 15.0303554], [101.4168133, 15.0302375], [101.4166792, 15.0302], [101.4164565, 15.030222], [101.4161535, 15.0304357], [101.4160971, 15.0304253], [101.416079, 15.0303709], [101.4160864, 15.030244], [101.4162058, 15.0300135], [101.4163278, 15.0299137], [101.4167637, 15.0296657], [101.4168227, 15.0295174], [101.4169675, 15.0290524], [101.4168106, 15.0290103], [101.4167543, 15.0289721], [101.4167449, 15.0289086], [101.4168334, 15.0286237], [101.4170104, 15.0284009], [101.4173242, 15.0283096], [101.4174081, 15.0282578], [101.4174436, 15.0281788], [101.4174543, 15.02809], [101.4174061, 15.0280298], [101.4173242, 15.0279709], [101.4170372, 15.0279735], [101.416773, 15.0279463], [101.416726, 15.0272559], [101.41649, 15.0271212], [101.4166974, 15.0263916], [101.4168956, 15.0263574], [101.4170301, 15.0264463], [101.4172283, 15.0264121], [101.4173345, 15.0258857], [101.4172283, 15.0255918], [101.4172849, 15.0254209], [101.4174052, 15.0253662], [101.4175746, 15.0254937], [101.4176634, 15.0254306], [101.4179062, 15.0249751], [101.4182097, 15.0247586], [101.4182891, 15.0245917], [101.4181117, 15.024303], [101.4181444, 15.0240053], [101.4182658, 15.0239557], [101.4184105, 15.0241542], [101.4185787, 15.0241361], [101.4184853, 15.0235092], [101.4183358, 15.0233603], [101.4183452, 15.0232792], [101.4185647, 15.0231574], [101.4188355, 15.0224944], [101.4187421, 15.02235], [101.4184713, 15.02235], [101.4181584, 15.0220072], [101.418177, 15.0218674], [101.4182985, 15.0218178], [101.4184292, 15.0219035], [101.418574, 15.0218268], [101.4185506, 15.0216915], [101.4184432, 15.0215607], [101.4184432, 15.0214209], [101.4189289, 15.021236], [101.4191391, 15.0213352], [101.4192325, 15.0213171], [101.4193025, 15.0210375], [101.4190877, 15.0208841], [101.4187841, 15.0208571], [101.4187001, 15.0207488], [101.4188028, 15.0205098], [101.4185226, 15.020185], [101.4183265, 15.0201444], [101.4181537, 15.0198918], [101.418093, 15.019531], [101.4183018, 15.0193882], [101.4191552, 15.0193177], [101.4196663, 15.018969], [101.420589, 15.0178411], [101.4213467, 15.017132], [101.4214647, 15.0168574], [101.421749, 15.0153911], [101.4218402, 15.0152927], [101.4225805, 15.0152875], [101.4226395, 15.0151891], [101.4226073, 15.0149559], [101.4223391, 15.014531], [101.4224303, 15.0143756], [101.4227146, 15.0144326], [101.4228755, 15.0141735], [101.4228272, 15.0139715], [101.4227146, 15.0137331], [101.4227843, 15.0135777], [101.4229882, 15.0136088], [101.4230794, 15.0136658], [101.4232349, 15.013645], [101.4232457, 15.0135], [101.4231974, 15.0133238], [101.4232671, 15.0132098], [101.4233905, 15.0132305], [101.4236587, 15.0134274], [101.4237392, 15.0135362], [101.4238948, 15.0135518], [101.4240128, 15.013386], [101.4238465, 15.0131114], [101.4239001, 15.0128575], [101.4242649, 15.0127953], [101.4243668, 15.0129404], [101.4245009, 15.0135777], [101.4247477, 15.0136347], [101.4254236, 15.0133134], [101.4255309, 15.0131373], [101.4252895, 15.0129611], [101.4250052, 15.0130595], [101.4248872, 15.0129611], [101.424737, 15.012044], [101.4245921, 15.0119663], [101.4236373, 15.0117798], [101.4234334, 15.0119093], [101.4232732, 15.0118448], [101.4232644, 15.0117165], [101.4234588, 15.0115128], [101.4234141, 15.011399], [101.4232637, 15.0113047], [101.4229669, 15.0113911], [101.4224994, 15.0112851], [101.4224465, 15.0111319], [101.4225725, 15.011073], [101.4228856, 15.011073], [101.4229344, 15.0109513], [101.4228124, 15.0107314], [101.4228775, 15.01059], [101.4232271, 15.0103741], [101.4231986, 15.0101817], [101.4227311, 15.0097222], [101.4224343, 15.0096044], [101.4222514, 15.0093806], [101.4223002, 15.0091175], [101.4222351, 15.0090036], [101.4219099, 15.0090822], [101.4218164, 15.0089487], [101.4218692, 15.0086856], [101.4224425, 15.0086306], [101.4226417, 15.0085206], [101.4226417, 15.0083911], [101.4222798, 15.0082065], [101.4222311, 15.0080219], [101.4226742, 15.007696], [101.4226701, 15.0075704], [101.4225522, 15.0073387], [101.4226789, 15.006952], [101.4230899, 15.0068663], [101.4231179, 15.0066543], [101.422819, 15.0064604], [101.4229685, 15.0052695], [101.4231273, 15.0049673], [101.4230385, 15.0047418], [101.422763, 15.0045794], [101.4224314, 15.0045072], [101.4220392, 15.00402], [101.4218464, 15.0028223], [101.4219538, 15.0026463], [101.4219211, 15.0025516], [101.4216236, 15.0024283], [101.4215849, 15.0021371], [101.4219805, 15.0019397], [101.421931, 15.0016868], [101.4212302, 15.0014064], [101.4210249, 15.0009278], [101.4210037, 15.0002168], [101.4207347, 14.9999091], [101.4207932, 14.9995813], [101.420952, 14.9994595], [101.4208726, 14.9990129], [101.4206951, 14.9985618], [101.4205224, 14.9984716], [101.4205597, 14.9981333], [101.4206484, 14.9978265], [101.4212229, 14.9975649], [101.4212182, 14.9972175], [101.4211341, 14.9971544], [101.4207792, 14.9973168], [101.4206438, 14.997213], [101.4206438, 14.9971138], [101.4208773, 14.9969379], [101.4209567, 14.9966627], [101.4212135, 14.9964552], [101.4212088, 14.9961124], [101.4214283, 14.9959951], [101.4217506, 14.9961575], [101.4222269, 14.9960267], [101.4224604, 14.9961259], [101.4225865, 14.9960267], [101.4224535, 14.9956058], [101.4227625, 14.9950797], [101.4231267, 14.9948722], [101.4235097, 14.9951699], [101.4238739, 14.9950526], [101.4237945, 14.9946151], [101.4242063, 14.9936644], [101.4241509, 14.9932478], [101.424385, 14.9925216], [101.4243279, 14.9909614], [101.4240075, 14.990265], [101.4240506, 14.9897769], [101.4243341, 14.9896162], [101.4251043, 14.9897531], [101.4252707, 14.9895745], [101.4252029, 14.9887114], [101.425092, 14.9882471], [101.4253693, 14.9876102], [101.4253508, 14.9874436], [101.4256404, 14.987259], [101.4257945, 14.9873543], [101.4258068, 14.9875626], [101.4259547, 14.9876221], [101.4261457, 14.9874733], [101.4263737, 14.987009], [101.426195, 14.9865328], [101.4263306, 14.9861995], [101.4267743, 14.9860685], [101.4271378, 14.9863007], [101.4275137, 14.986134], [101.4276801, 14.9855447], [101.4274747, 14.9850096], [101.4276381, 14.9839224], [101.4281632, 14.9829279], [101.428422, 14.9826898], [101.4288103, 14.9826958], [101.4289212, 14.9827791], [101.4290999, 14.982791], [101.4292847, 14.9826422], [101.4296668, 14.982666], [101.4299071, 14.9825767], [101.4299009, 14.9823862], [101.429334, 14.9820827], [101.4290506, 14.9821065], [101.4289828, 14.9820112], [101.4292354, 14.9816898], [101.4292601, 14.9815469], [101.4290567, 14.9813386], [101.4288472, 14.981291], [101.4287924, 14.9811948], [101.4288621, 14.9807906], [101.4286636, 14.9805626], [101.428095, 14.980319], [101.4279823, 14.9799459], [101.4274566, 14.9796712], [101.4272742, 14.9794329], [101.4273547, 14.9792878], [101.428213, 14.9794018], [101.4288889, 14.9791582], [101.4289801, 14.9788991], [101.4288943, 14.9786866], [101.4286153, 14.9783498], [101.42861, 14.977842], [101.4286421, 14.9770854], [101.4288889, 14.9769921], [101.4290445, 14.9770543], [101.4290713, 14.9772201], [101.4293503, 14.9773341], [101.4295273, 14.9771786], [101.4295916, 14.9767952], [101.4297794, 14.9767226], [101.4301388, 14.976961], [101.4304231, 14.9768418], [101.4305812, 14.976255], [101.4304836, 14.975713], [101.4301909, 14.9751632], [101.430321, 14.9748411], [101.4309552, 14.9746526], [101.4312886, 14.9739771], [101.4312642, 14.973765], [101.4308739, 14.9735765], [101.4308251, 14.9731759], [101.431004, 14.972956], [101.4319309, 14.9728067], [101.4321342, 14.972194], [101.4320122, 14.9716285], [101.4313861, 14.9714478], [101.4310853, 14.9714792], [101.4307844, 14.9711886], [101.4309064, 14.9704345], [101.4311422, 14.9703481], [101.4314977, 14.9704451], [101.4315728, 14.9703621], [101.4315192, 14.9702067], [101.4313904, 14.970046], [101.431346, 14.9697881], [101.4314451, 14.9696719], [101.4317566, 14.9696787], [101.4322308, 14.9691727], [101.4321954, 14.9690085], [101.431799, 14.9687829], [101.4317424, 14.9684547], [101.4318698, 14.9683589], [101.4321176, 14.9683726], [101.4325281, 14.968229], [101.4325635, 14.9680717], [101.4324148, 14.9678187], [101.4323029, 14.9678243], [101.4320293, 14.9680005], [101.4316216, 14.9678347], [101.4314982, 14.9673061], [101.4315626, 14.9672076], [101.4321795, 14.9672853], [101.4324262, 14.9672128], [101.4326945, 14.967275], [101.432791, 14.9672076], [101.4330646, 14.9666427], [101.4331885, 14.9660038], [101.4333655, 14.9657781], [101.4333655, 14.9655866], [101.4332097, 14.9655251], [101.432509, 14.9655935], [101.4323886, 14.9654225], [101.4326505, 14.965231], [101.4327355, 14.9650259], [101.4329337, 14.9649438], [101.4329691, 14.9647865], [101.4329184, 14.9646437], [101.4328268, 14.964386], [101.432505, 14.9643446], [101.4324674, 14.9641839], [101.4328054, 14.9639455], [101.4327571, 14.9637486], [101.4323172, 14.9635724], [101.4323118, 14.9634532], [101.4324674, 14.9632096], [101.432446, 14.9630697], [101.432285, 14.9629764], [101.4323118, 14.9628364], [101.432682, 14.9627691], [101.4329824, 14.9624685], [101.4329395, 14.9622249], [101.4326122, 14.9621886], [101.4326069, 14.9620694], [101.4329717, 14.9619554], [101.4329985, 14.9617688], [101.4327946, 14.9616496], [101.4321992, 14.9615356], [101.431711, 14.9615201], [101.4316842, 14.9613387], [101.432285, 14.9611366], [101.4323601, 14.9610018], [101.4322951, 14.9608683], [101.4319454, 14.9608369], [101.4318641, 14.9606287], [101.4318682, 14.9604048], [101.4317422, 14.9603223], [101.4315104, 14.9604245], [101.4314738, 14.9609547], [101.4309487, 14.9612535], [101.4307073, 14.9612535], [101.4306591, 14.9611446], [101.4309702, 14.9610151], [101.4310721, 14.9607559], [101.4308575, 14.9606782], [101.4304552, 14.9607611], [101.4302675, 14.9605694], [101.429908, 14.9597142], [101.4297417, 14.957382], [101.4298651, 14.9572473], [101.4301065, 14.9571229], [101.4300958, 14.9569933], [101.4299939, 14.9568845], [101.4298598, 14.9568068], [101.4298797, 14.9566419], [101.4300584, 14.9565347], [101.4303172, 14.956493], [101.4303788, 14.956368], [101.4303418, 14.9562311], [101.430083, 14.9561596], [101.4300584, 14.9560168], [101.43012, 14.9558739], [101.4303603, 14.9557846], [101.4305822, 14.9554274], [101.4308102, 14.9553381], [101.4309704, 14.9551892], [101.431186, 14.9551476], [101.4313586, 14.9552309], [101.431753, 14.9552071], [101.4318639, 14.9550583], [101.4317098, 14.9548618], [101.4317283, 14.9547189], [101.4318762, 14.9545403], [101.4317838, 14.954201], [101.4320179, 14.9538974], [101.4319501, 14.9537842], [101.4315866, 14.9537783], [101.4314264, 14.9535283], [101.4315989, 14.9532484], [101.43187, 14.9532544], [101.4321473, 14.9530222], [101.4324678, 14.9530401], [101.4325787, 14.9529031], [101.4325664, 14.9527245], [101.4321473, 14.9526055], [101.4320426, 14.9523733], [101.4321165, 14.9522423], [101.4326095, 14.9521232], [101.4326958, 14.9519208], [101.4326218, 14.9517541], [101.4324739, 14.9517303], [101.4317098, 14.9519327], [101.4315927, 14.9521709], [101.4313894, 14.9522244], [101.4313216, 14.9521232], [101.4313647, 14.9519863], [101.4312661, 14.9518018], [101.4311664, 14.9517596], [101.4309753, 14.9517792], [101.4309103, 14.9515711], [101.4309672, 14.9514297], [101.4311583, 14.9513354], [101.4314882, 14.9497109], [101.4318583, 14.9496125], [101.4321158, 14.9498664], [101.4323411, 14.9497939], [101.4325825, 14.9494], [101.4328347, 14.9494155], [101.4328776, 14.9492704], [101.4328132, 14.9490164], [101.4329151, 14.9489128], [101.4333175, 14.9489957], [101.4335535, 14.9488195], [101.4336447, 14.9485759], [101.4338807, 14.9483841], [101.4338754, 14.9482286], [101.4337573, 14.9481768], [101.4334248, 14.9482805], [101.4333443, 14.9481457], [101.4336179, 14.9476119], [101.433575, 14.9475082], [101.4332853, 14.9474719], [101.4330546, 14.9476481], [101.4327006, 14.9476067], [101.4325557, 14.9473475], [101.4328883, 14.9472076], [101.4329741, 14.9469951], [101.433237, 14.9470832], [101.433591, 14.9469796], [101.4336071, 14.9468137], [101.4334355, 14.9466167], [101.4336071, 14.9463576], [101.433473, 14.9462539], [101.4333014, 14.9464353], [101.4332745, 14.946653], [101.4330546, 14.94671], [101.4329634, 14.9463472], [101.4332263, 14.9457616], [101.4333604, 14.9457253], [101.4334301, 14.9458238], [101.4335213, 14.9457823], [101.4336715, 14.9452329], [101.4338164, 14.9451137], [101.4341489, 14.9451966], [101.4342187, 14.9450826], [101.434106, 14.9449323], [101.4339129, 14.9448805], [101.4339719, 14.944585], [101.4337413, 14.9444969], [101.4335213, 14.9445073], [101.4334838, 14.9443673], [101.4338378, 14.9441704], [101.4340846, 14.9442067], [101.4343689, 14.9441134], [101.434562, 14.9441497], [101.434739, 14.9440978], [101.434798, 14.9435173], [101.4350394, 14.9434292], [101.4353774, 14.9434396], [101.4355169, 14.9435847], [101.4356885, 14.9434811], [101.4356671, 14.9432841], [101.4358548, 14.9430042], [101.4357958, 14.9428228], [101.4352218, 14.9429679], [101.4351253, 14.9428591], [101.4351736, 14.9425792], [101.4350824, 14.942346], [101.4345996, 14.9421024], [101.4345406, 14.9419158], [101.4348946, 14.9417551], [101.4358387, 14.9414856], [101.4359889, 14.9415271], [101.4361821, 14.9417085], [101.4363162, 14.9417085], [101.4364342, 14.9415841], [101.4363323, 14.941299], [101.4363966, 14.9408584], [101.4362059, 14.9405834], [101.4362444, 14.9404397], [101.436688, 14.9402005], [101.43666, 14.9400246], [101.4364452, 14.9398215], [101.4364521, 14.9394063], [101.4365692, 14.939061], [101.4366124, 14.9385966], [101.4365014, 14.9385192], [101.4361372, 14.9385352], [101.4360719, 14.9386299], [101.4361606, 14.9387788], [101.4360999, 14.938842], [101.4358804, 14.9386525], [101.4356375, 14.9387021], [101.4356189, 14.9388284], [101.435857, 14.9388871], [101.4358524, 14.939018], [101.4356469, 14.9390901], [101.4354788, 14.9389638], [101.4352546, 14.9390315], [101.4350771, 14.9389683], [101.4352826, 14.9383186], [101.4356516, 14.9381742], [101.4358103, 14.9378854], [101.4361279, 14.9377771], [101.4361979, 14.9375831], [101.4360905, 14.9372402], [101.4363078, 14.9369086], [101.4373187, 14.9362339], [101.4375953, 14.9361848], [101.4381103, 14.9363973], [101.4385502, 14.936361], [101.4387969, 14.9360759], [101.4386843, 14.935454], [101.4385716, 14.9351792], [101.4386092, 14.9348994], [101.4389604, 14.9344766], [101.4388988, 14.9341908], [101.4385969, 14.9340301], [101.4383874, 14.934042], [101.4383442, 14.9338634], [101.4385907, 14.9333335], [101.4386782, 14.9333318], [101.4388814, 14.9335793], [101.4392026, 14.9335715], [101.4392636, 14.9332768], [101.439601, 14.9329704], [101.4398447, 14.9325468], [101.4403584, 14.9322716], [101.4403864, 14.9321137], [101.4401669, 14.9317075], [101.4401498, 14.9314936], [101.4402361, 14.9311542], [101.4400328, 14.9308922], [101.4396938, 14.9308625], [101.4391331, 14.9309934], [101.4389359, 14.930922], [101.4388558, 14.9305469], [101.438597, 14.9304516], [101.4381225, 14.9306362], [101.4379931, 14.9304457], [101.4381163, 14.9300348], [101.4380609, 14.9297252], [101.4382396, 14.929368], [101.4385415, 14.9292965], [101.4388804, 14.9295704], [101.4393118, 14.9294752], [101.4393857, 14.9292429], [101.4392132, 14.9288202], [101.4392502, 14.9284213], [101.4393673, 14.9283022], [101.4396815, 14.9284749], [101.4398356, 14.9288678], [101.4399896, 14.9289274], [101.4400882, 14.9288202], [101.4399034, 14.9282962], [101.4396261, 14.9278497], [101.439546, 14.9275103], [101.4393241, 14.9273436], [101.4393118, 14.9271947], [101.4400143, 14.9268434], [101.4404086, 14.9268732], [101.4406983, 14.9267303], [101.4407969, 14.9262957], [101.4409509, 14.9262302], [101.4411235, 14.9262063], [101.441259, 14.9259563], [101.4411235, 14.9256586], [101.4412837, 14.9254144], [101.4417705, 14.9251644], [101.4418814, 14.9252239], [101.441922, 14.9258902], [101.4420927, 14.9262634], [101.442296, 14.9262006], [101.4425788, 14.92547], [101.4424554, 14.9247392], [101.4426002, 14.9245733], [101.4427153, 14.9245671], [101.4428331, 14.9248381], [101.4431665, 14.924952], [101.4435608, 14.924736], [101.4437275, 14.9243156], [101.4436096, 14.9241035], [101.4434633, 14.9239621], [101.4434714, 14.9238246], [101.4437601, 14.9235095], [101.4444746, 14.9235681], [101.4445867, 14.9237531], [101.4447735, 14.9237531], [101.4448808, 14.9232366], [101.4451993, 14.9229562], [101.4452338, 14.9225647], [101.4454627, 14.922163], [101.4453786, 14.9219961], [101.4450704, 14.9219103], [101.4449163, 14.9216983], [101.445095, 14.9212255], [101.4449718, 14.9209337], [101.4449142, 14.9202268], [101.4447103, 14.9199313], [101.4443723, 14.9199002], [101.4443777, 14.9197551], [101.4446728, 14.9195685], [101.4446674, 14.9193715], [101.4443777, 14.919045], [101.4443563, 14.9186821], [101.4446781, 14.9184903], [101.4447693, 14.9182674], [101.4445172, 14.9179408], [101.4445923, 14.9177905], [101.4450644, 14.9177179], [101.4452521, 14.917464], [101.4455876, 14.9173296], [101.4456892, 14.917145], [101.4457096, 14.916921], [101.4459901, 14.9164339], [101.4463113, 14.916265], [101.4465105, 14.9162807], [101.4470674, 14.9166578], [101.4472544, 14.9166657], [101.4473317, 14.9164771], [101.4471894, 14.9161471], [101.4470756, 14.9161], [101.4468438, 14.9161196], [101.4467544, 14.9159939], [101.4468154, 14.9158643], [101.4470268, 14.9157621], [101.4471487, 14.9156011], [101.4474618, 14.9155539], [101.4475228, 14.9151414], [101.4473154, 14.914835], [101.4473723, 14.9146229], [101.4477851, 14.9144315], [101.4483752, 14.9139132], [101.4484073, 14.9137265], [101.4482303, 14.9130993], [101.4483913, 14.9128246], [101.4483644, 14.9125032], [101.4489706, 14.9122025], [101.4492388, 14.9118189], [101.44933, 14.910891], [101.4492603, 14.9106785], [101.4489921, 14.9104919], [101.4489867, 14.9102793], [101.4486595, 14.9098283], [101.4483644, 14.9097921], [101.4482464, 14.9095795], [101.4482732, 14.9090663], [101.4480801, 14.9089056], [101.4474173, 14.9090907], [101.447251, 14.9090014], [101.4472442, 14.9083855], [101.4471547, 14.9082362], [101.4467075, 14.9081812], [101.4466913, 14.9078591], [101.4470978, 14.9075919], [101.4471954, 14.9070341], [101.4474556, 14.906869], [101.448415, 14.9067512], [101.4485045, 14.9066019], [101.4481142, 14.9063898], [101.4477076, 14.9057769], [101.4478255, 14.9054233], [101.4484862, 14.9055687], [101.448724, 14.9053997], [101.448659, 14.9049911], [101.4483093, 14.904284], [101.4484313, 14.9040168], [101.4489435, 14.9038204], [101.4490086, 14.9031997], [101.44835, 14.9025554], [101.4483662, 14.9023039], [101.4485784, 14.9021622], [101.4487035, 14.9020786], [101.4489962, 14.9011278], [101.4487685, 14.9007035], [101.4489492, 14.8998799], [101.4489072, 14.8996633], [101.4489866, 14.8993429], [101.4492855, 14.8990857], [101.4494489, 14.8985306], [101.4499439, 14.8983907], [101.4501354, 14.898165], [101.4500467, 14.897989], [101.4498459, 14.8979168], [101.4497945, 14.8976099], [101.45, 14.8970593], [101.4502802, 14.8969465], [101.4504903, 14.897136], [101.450537, 14.898323], [101.4506725, 14.8984222], [101.4508307, 14.8982289], [101.4511278, 14.8971508], [101.4508229, 14.8966047], [101.4503532, 14.8962493], [101.4503158, 14.8960147], [101.4507463, 14.8950361], [101.4507339, 14.8947979], [101.4503722, 14.8943348], [101.4504002, 14.8940144], [101.4504597, 14.8936809], [101.4506473, 14.8934825], [101.4507225, 14.8921655], [101.4506305, 14.8916388], [101.4505054, 14.8914007], [101.4505949, 14.8910746], [101.4508916, 14.8906267], [101.4514486, 14.8892897], [101.4515842, 14.8888907], [101.4515657, 14.8886167], [101.4514424, 14.8882892], [101.4514548, 14.8876401], [101.4515287, 14.887384], [101.4514609, 14.887247], [101.4512761, 14.8871815], [101.4511775, 14.8870445], [101.4511097, 14.8864371], [101.4513439, 14.886056], [101.4516458, 14.8859309], [101.4519909, 14.8858892], [101.4521141, 14.885788], [101.452299, 14.8854485], [101.4522497, 14.8851746], [101.4524161, 14.8848828], [101.4523914, 14.8846148], [101.4520217, 14.8842753], [101.4519293, 14.8841026], [101.45188, 14.8834356], [101.4522138, 14.8832818], [101.4530024, 14.8837121], [101.4531631, 14.8836745], [101.4532119, 14.8834859], [101.4529232, 14.8831362], [101.4528907, 14.8827747], [101.4530641, 14.8824705], [101.4535313, 14.8822584], [101.4537366, 14.8818069], [101.4536729, 14.8814991], [101.4533119, 14.8812391], [101.4532623, 14.8807671], [101.4535454, 14.8805687], [101.4539418, 14.8804592], [101.4540693, 14.8801788], [101.4539633, 14.8799314], [101.4531273, 14.8795522], [101.4530993, 14.8792995], [101.4531787, 14.8791325], [101.4534682, 14.8789294], [101.4535897, 14.878627], [101.454122, 14.878469], [101.4542528, 14.8782253], [101.4539492, 14.8777017], [101.4539306, 14.8773181], [101.4540987, 14.8771421], [101.4543747, 14.8769919], [101.4546614, 14.8769543], [101.4547357, 14.8768791], [101.4546366, 14.8766978], [101.4545057, 14.8765609], [101.4544951, 14.876171], [101.4544066, 14.8760581], [101.4540739, 14.8760068], [101.4539394, 14.8758666], [101.4539748, 14.8757537], [101.4545552, 14.8756579], [101.4546048, 14.8754903], [101.4542258, 14.8751591], [101.4539923, 14.8751365], [101.4538429, 14.8753983], [101.4536794, 14.8754479], [101.4535253, 14.8752674], [101.4533572, 14.8752945], [101.4531097, 14.8755969], [101.4520636, 14.8756556], [101.4518768, 14.8755156], [101.4518581, 14.8751771], [101.4516947, 14.8750282], [101.4513771, 14.8750553], [101.4512651, 14.8749334], [101.4512651, 14.8747664], [101.4513538, 14.8744685], [101.4512791, 14.8742789], [101.4510829, 14.8741571], [101.4510409, 14.8739269], [101.4513304, 14.8737012], [101.4514378, 14.8729339], [101.4513398, 14.8727218], [101.451125, 14.8726044], [101.4511016, 14.8723787], [101.4513678, 14.8719274], [101.4517274, 14.87195], [101.4524652, 14.8715889], [101.4526218, 14.8707723], [101.4525252, 14.8702538], [101.452611, 14.8700672], [101.4530885, 14.869725], [101.4532296, 14.869469], [101.4531495, 14.8692427], [101.4529214, 14.869122], [101.452897, 14.8689648], [101.4531166, 14.8688823], [101.4537142, 14.8688666], [101.453889, 14.8686976], [101.4538321, 14.8684737], [101.4536532, 14.8683676], [101.4532873, 14.8684737], [101.4527832, 14.8684147], [101.4525596, 14.8682536], [101.4524173, 14.8679039], [101.4521856, 14.8676799], [101.4521815, 14.8674835], [101.4524539, 14.8672045], [101.4524702, 14.8669176], [101.4523929, 14.8668312], [101.4521287, 14.8668587], [101.4516245, 14.8666426], [101.4515595, 14.8662575], [101.4516489, 14.8658528], [101.451807, 14.8657687], [101.4518713, 14.8658776], [101.4519464, 14.8662042], [101.4520859, 14.8662509], [101.4522468, 14.8661472], [101.452161, 14.8658154], [101.4523112, 14.8657635], [101.4527565, 14.8660383], [101.4530944, 14.8659398], [101.4534592, 14.8660124], [101.4537328, 14.8657428], [101.453706, 14.8655924], [101.4534109, 14.8653643], [101.4533734, 14.8651621], [101.4536309, 14.8648199], [101.4536362, 14.8645347], [101.4535182, 14.8644362], [101.4532875, 14.8644258], [101.4532446, 14.8641977], [101.453427, 14.8639073], [101.4536738, 14.863731], [101.4537596, 14.8633836], [101.4540815, 14.8632177], [101.4541083, 14.8630622], [101.4539474, 14.8628859], [101.4535719, 14.8628185], [101.4534699, 14.8626837], [101.4531963, 14.8620667], [101.4527457, 14.8614341], [101.4527028, 14.8612215], [101.4527726, 14.8610349], [101.4529603, 14.8608223], [101.4529067, 14.8607134], [101.4527779, 14.8606512], [101.4525472, 14.8607238], [101.452397, 14.8606719], [101.4523112, 14.8605475], [101.4521717, 14.8605527], [101.4519035, 14.8608119], [101.4516782, 14.8607652], [101.4516192, 14.8605423], [101.4520376, 14.8602934], [101.4520376, 14.8601482], [101.4519464, 14.8601223], [101.4512115, 14.8603245], [101.4511203, 14.8602675], [101.4511793, 14.8600238], [101.4515387, 14.8600445], [101.451646, 14.8598994], [101.451646, 14.8597023], [101.4514905, 14.8596194], [101.4512544, 14.8596194], [101.4511418, 14.8595105], [101.4512115, 14.8593083], [101.4514905, 14.8593134], [101.4515656, 14.8591994], [101.4513671, 14.8590594], [101.4513993, 14.8588105], [101.451233, 14.8587638], [101.4511203, 14.8587898], [101.4505012, 14.8587226], [101.4504581, 14.8586154], [101.4506245, 14.858389], [101.4510989, 14.8584069], [101.4512383, 14.8581269], [101.4510743, 14.8580912], [101.4505875, 14.8579245], [101.4503841, 14.8576981], [101.4503718, 14.8574301], [101.4501068, 14.8572216], [101.4495915, 14.8571709], [101.4493512, 14.8569541], [101.4491903, 14.8569334], [101.4490079, 14.8570164], [101.4486163, 14.8568971], [101.4484876, 14.8567208], [101.4484715, 14.8564719], [101.4483481, 14.8563579], [101.4480799, 14.856389], [101.4479028, 14.8566067], [101.4478868, 14.856949], [101.447581, 14.857089], [101.4474147, 14.8570112], [101.4473557, 14.8567675], [101.4474576, 14.8565549], [101.4473986, 14.8563267], [101.4469587, 14.8562956], [101.4466315, 14.8560312], [101.4461755, 14.8561816], [101.4459073, 14.8560364], [101.4457678, 14.8557823], [101.4455103, 14.8557564], [101.4452045, 14.8559223], [101.4449739, 14.8558445], [101.4449256, 14.855746], [101.4450919, 14.8556112], [101.4450382, 14.8554868], [101.4447539, 14.8553675], [101.4433914, 14.8554608], [101.4421134, 14.8555136], [101.4416521, 14.8553528], [101.4414321, 14.8553528], [101.4410727, 14.8554358], [101.4409064, 14.8553943], [101.440606, 14.8551299], [101.4404021, 14.8550573], [101.4401822, 14.8551921], [101.4400427, 14.8551402], [101.4399837, 14.8548084], [101.4398603, 14.8547773], [101.439576, 14.8548965], [101.4394419, 14.8548032], [101.4394473, 14.854684], [101.4395707, 14.8546217], [101.4395707, 14.8544662], [101.4392649, 14.8543262], [101.4391254, 14.8541499], [101.4388465, 14.8541188], [101.4382564, 14.8541914], [101.4379391, 14.8540254], [101.4377542, 14.8535847], [101.4374461, 14.8534], [101.4372119, 14.8533464], [101.4370456, 14.8532392], [101.4368607, 14.8527925], [101.4360747, 14.8525369], [101.4358796, 14.8519789], [101.4356519, 14.8518531], [101.4347412, 14.8518846], [101.434229, 14.8516959], [101.4337411, 14.8511458], [101.4334949, 14.8502802], [101.4332721, 14.8501077], [101.4329024, 14.8500301], [101.4327612, 14.8501622], [101.4326962, 14.8505041], [101.4319237, 14.8505827], [101.4313505, 14.8504923], [101.4308268, 14.8502386], [101.4304016, 14.8502327], [101.4293232, 14.8495358], [101.4288364, 14.8493214], [101.4286577, 14.8490057], [101.4281278, 14.8488449], [101.4275331, 14.8488656], [101.4272188, 14.8487584], [101.4268861, 14.8490204], [101.4259248, 14.8489013], [101.4254441, 14.8490383], [101.4251976, 14.8489668], [101.4241562, 14.8484189], [101.4233918, 14.8478682], [101.4233096, 14.847809], [101.4228745, 14.8474956], [101.4224678, 14.8469476], [101.4217161, 14.8464625], [101.4214478, 14.846046], [101.421025, 14.8457316], [101.4209925, 14.8455272], [101.4210169, 14.8450321], [101.4208298, 14.8446627], [101.4203582, 14.8443326], [101.4202363, 14.844144], [101.4201794, 14.8438296], [101.4199273, 14.8437353], [101.4193907, 14.8440496], [101.4187808, 14.8442776], [101.41761, 14.8445369], [101.417236, 14.8445291], [101.4169107, 14.8445841], [101.4164879, 14.8444819], [101.4158049, 14.8446313], [101.4152196, 14.8445211], [101.4141543, 14.8447884], [101.4137397, 14.8454801], [101.413325, 14.8456766], [101.4131461, 14.8461403], [101.4121541, 14.8467062], [101.4117476, 14.8467062], [101.4111622, 14.8463682], [101.4108288, 14.8464311], [101.4101946, 14.8470206], [101.4100889, 14.8472956], [101.4085722, 14.8479557], [101.4072955, 14.8480283], [101.4053428, 14.8473957], [101.4028323, 14.8472194], [101.4013839, 14.8475305], [101.3988937, 14.8492968], [101.3978777, 14.8496642], [101.3972507, 14.8496973], [101.3966073, 14.8495363], [101.3952951, 14.8498114], [101.3940172, 14.8496417], [101.378707, 14.8507358], [101.3776752, 14.8513697], [101.3769002, 14.8545372], [101.3755059, 14.8557646], [101.3747948, 14.8567307], [101.3732754, 14.8571789], [101.371417, 14.856203], [101.3708291, 14.8553991], [101.3703453, 14.8526742], [101.3698947, 14.8506002], [101.3687467, 14.8464934], [101.3685751, 14.8423451], [101.3721044, 14.8325646], [101.3724803, 14.8223492], [101.3706643, 14.8155531], [101.3658254, 14.8118963], [101.3629854, 14.8116037], [101.36032, 14.8114501], [101.3528895, 14.8098197], [101.348214, 14.8081638], [101.3457441, 14.8045504], [101.3414279, 14.8017028], [101.3370752, 14.8007747], [101.3339183, 14.7989351], [101.3292002, 14.7916049], [101.321423, 14.7842864], [101.3138837, 14.7781733], [101.3086326, 14.7714752], [101.3076237, 14.7684335], [101.3079728, 14.7605965], [101.3075273, 14.7577853], [101.3075167, 14.7577605], [101.3074912, 14.7577262], [101.3074663, 14.7577049], [101.30743, 14.7576769], [101.3074081, 14.7576623], [101.3072911, 14.7576123], [101.3070984, 14.7575366], [101.3069655, 14.7574893], [101.306902, 14.7574482], [101.3068631, 14.7574119], [101.306832, 14.7573713], [101.3068088, 14.7573349], [101.3067952, 14.7572941], [101.3067914, 14.7572591], [101.3067909, 14.7572182], [101.3067984, 14.7571755], [101.3068182, 14.7571017], [101.306827, 14.7570686], [101.3068921, 14.756842], [101.3069251, 14.7566456], [101.3069283, 14.7566165], [101.3069297, 14.7565807], [101.3069288, 14.7564955], [101.3069266, 14.7564528], [101.3068942, 14.7562877], [101.3068589, 14.7561841], [101.3068428, 14.7561535], [101.306818, 14.7561239], [101.3067812, 14.756097], [101.3067464, 14.7560735], [101.30672, 14.7560593], [101.3066884, 14.7560502], [101.3066612, 14.7560479], [101.3066235, 14.7560508], [101.3065859, 14.7560546], [101.3065457, 14.756067], [101.3064987, 14.7560905], [101.3062786, 14.756247], [101.3060519, 14.7564394], [101.3060294, 14.7564627], [101.3060112, 14.7564867], [101.3059967, 14.756521], [101.3059768, 14.7566243], [101.3059615, 14.7566705], [101.3059425, 14.7566963], [101.3059208, 14.7567136], [101.3058999, 14.7567266], [101.3058302, 14.7567639], [101.3055016, 14.7568542], [101.3053478, 14.7568941], [101.3052665, 14.7569051], [101.3052104, 14.7569057], [101.3051709, 14.7569027], [101.3051033, 14.7568923], [101.3050488, 14.7568758], [101.3050092, 14.756854], [101.3049667, 14.7568186], [101.3049383, 14.7567797], [101.3049062, 14.7567305], [101.3048872, 14.7566668], [101.3048803, 14.7565986], [101.304878, 14.7565509], [101.3048838, 14.7565143], [101.3048854, 14.7565039], [101.304893, 14.7564719], [101.3049033, 14.7564352], [101.3049065, 14.756424], [101.304936, 14.7563418], [101.3049634, 14.7562813], [101.3050256, 14.7561733], [101.3050529, 14.7561258], [101.3051849, 14.7558971], [101.3052043, 14.7558594], [101.3052454, 14.7557646], [101.3052727, 14.7556972], [101.3052849, 14.7556369], [101.3052903, 14.7555947], [101.3052916, 14.755504], [101.3052906, 14.7554708], [101.3052895, 14.7554375], [101.3052741, 14.755343], [101.3052476, 14.7552585], [101.3052265, 14.7551913], [101.3051371, 14.7550016], [101.3051224, 14.7549826], [101.3051038, 14.7549642], [101.30508, 14.7549485], [101.3050576, 14.7549429], [101.3050372, 14.7549412], [101.3050201, 14.754942], [101.3050024, 14.754946], [101.3049782, 14.7549565], [101.3049574, 14.7549746], [101.304934, 14.7550005], [101.3049124, 14.755045], [101.3048896, 14.7550998], [101.3048602, 14.7551933], [101.3048352, 14.7552595], [101.3047986, 14.7553417], [101.3047757, 14.7553795], [101.3047352, 14.7554185], [101.3046656, 14.7554692], [101.304618, 14.7554959], [101.3045471, 14.7555273], [101.3044632, 14.755552], [101.3044177, 14.755557], [101.3043675, 14.7555586], [101.3043009, 14.7555575], [101.304281, 14.7555572], [101.3041781, 14.7555503], [101.3041301, 14.7555371], [101.3040059, 14.7555008], [101.3039437, 14.7554787], [101.3038767, 14.7554396], [101.3038141, 14.7553811], [101.303774, 14.7553417], [101.3037455, 14.7552999], [101.303736, 14.7552818], [101.3037193, 14.7552501], [101.3036698, 14.7551006], [101.303648, 14.7550212], [101.3036099, 14.7548073], [101.3035962, 14.7545406], [101.3035861, 14.754471], [101.3035699, 14.754409], [101.3035553, 14.7543681], [101.3034939, 14.7541951], [101.3034845, 14.7541696], [101.3034664, 14.7541378], [101.303437, 14.7540908], [101.3034282, 14.7540791], [101.303353, 14.7539791], [101.303236, 14.7538485], [101.3032239, 14.7538269], [101.3032131, 14.7538033], [101.3031935, 14.7537523], [101.3031542, 14.7535781], [101.3031422, 14.7535533], [101.3031249, 14.7535337], [101.3031057, 14.7535236], [101.30308, 14.7535156], [101.3030405, 14.7535064], [101.3028785, 14.7534779], [101.30286, 14.753473], [101.3028481, 14.7534654], [101.3028395, 14.7534534], [101.3028274, 14.7534337], [101.30282, 14.7534133], [101.3028169, 14.7533749], [101.302816, 14.75335], [101.3028164, 14.7533257], [101.302822, 14.7532956], [101.3028356, 14.7532712], [101.3028459, 14.7532557], [101.3028648, 14.7532389], [101.3029595, 14.7531785], [101.3029849, 14.7531622], [101.3030098, 14.7531505], [101.3030825, 14.7531261], [101.3031321, 14.7531019], [101.303174, 14.7530817], [101.3032008, 14.7530635], [101.3032203, 14.753046], [101.3032385, 14.753026], [101.3032501, 14.7530048], [101.3032551, 14.7529811], [101.3032593, 14.7529465], [101.3032592, 14.7529121], [101.3032562, 14.7528755], [101.3032452, 14.7528364], [101.3032308, 14.7527964], [101.3031948, 14.7527098], [101.3031717, 14.7526717], [101.3030703, 14.7525303], [101.3030491, 14.752502], [101.3029274, 14.7523603], [101.3028912, 14.7523291], [101.3028567, 14.7523047], [101.3026936, 14.7522091], [101.30258, 14.7521574], [101.3024604, 14.7521126], [101.302182, 14.7519738], [101.3019884, 14.751887], [101.3019408, 14.7518602], [101.3018728, 14.7518166], [101.3018462, 14.7517887], [101.3018007, 14.7517313], [101.3017567, 14.751659], [101.3016521, 14.7514872], [101.3016376, 14.7514453], [101.301623, 14.7513931], [101.3016155, 14.7513477], [101.3016136, 14.7512761], [101.3016189, 14.751226], [101.3016325, 14.7511793], [101.3016765, 14.7510299], [101.3016899, 14.7509718], [101.3016918, 14.7509343], [101.3016866, 14.7508832], [101.3016827, 14.7508479], [101.3016683, 14.7508049], [101.3016443, 14.7507483], [101.3015649, 14.7506399], [101.3015541, 14.7506161], [101.3015469, 14.7505923], [101.3015443, 14.7505696], [101.3015416, 14.7505344], [101.3015446, 14.7504855], [101.3015462, 14.7504682], [101.3015572, 14.7503548], [101.3015705, 14.7502895], [101.3016245, 14.7500934], [101.3016756, 14.7499058], [101.3017349, 14.7497049], [101.3017713, 14.7495868], [101.3018223, 14.7494414], [101.3018674, 14.7493087], [101.3019236, 14.7491598], [101.3019938, 14.7490014], [101.3020136, 14.7489679], [101.3020592, 14.748891], [101.302067, 14.7488778], [101.3022099, 14.7486334], [101.3022426, 14.7485794], [101.3022577, 14.7485569], [101.3022823, 14.7485201], [101.3023011, 14.7484739], [101.3023359, 14.7483661], [101.3023867, 14.7481942], [101.3024433, 14.7479191], [101.3024498, 14.7478704], [101.3024527, 14.7478056], [101.3024518, 14.7477203], [101.3024453, 14.7476036], [101.3024405, 14.7475669], [101.3024347, 14.7475116], [101.3024116, 14.7474027], [101.3023998, 14.7473593], [101.30238, 14.7473134], [101.3022926, 14.7471487], [101.302264, 14.7470913], [101.3022592, 14.7470784], [101.3022463, 14.747043], [101.3022158, 14.7469524], [101.3021992, 14.746891], [101.3021461, 14.7466938], [101.3021392, 14.7466333], [101.3021289, 14.7465454], [101.302128, 14.7464588], [101.3021277, 14.7464232], [101.3021259, 14.7463675], [101.3021357, 14.7463015], [101.3021706, 14.7461704], [101.3021943, 14.7460974], [101.3022297, 14.7460209], [101.3023344, 14.7458664], [101.302354, 14.7458355], [101.3023921, 14.7457919], [101.3025967, 14.7455926], [101.3027693, 14.7454445], [101.30282, 14.7453985], [101.3029191, 14.7453221], [101.3030627, 14.7452305], [101.3031529, 14.745181], [101.3032452, 14.7451455], [101.3032687, 14.7451331], [101.3032974, 14.7451137], [101.3033124, 14.7451007], [101.3033663, 14.7450504], [101.3034093, 14.7449899], [101.3034509, 14.744929], [101.3034736, 14.7448843], [101.3034854, 14.7448511], [101.3034982, 14.7448026], [101.303505, 14.7447542], [101.3035053, 14.7445934], [101.3035017, 14.744555], [101.3034932, 14.7444862], [101.3034722, 14.7444031], [101.3034048, 14.744221], [101.3033267, 14.7440529], [101.3032957, 14.7439862], [101.303267, 14.7439052], [101.3032315, 14.7437581], [101.3031848, 14.7434661], [101.3031781, 14.7433963], [101.3031495, 14.7430997], [101.3031447, 14.7429924], [101.3031424, 14.7428875], [101.3031521, 14.7427777], [101.3031754, 14.7426796], [101.3032069, 14.742572], [101.3032256, 14.7425034], [101.3032405, 14.7424254], [101.3032435, 14.7423629], [101.3032407, 14.742324], [101.3032304, 14.7422663], [101.303219, 14.7422228], [101.3031941, 14.7421582], [101.3031767, 14.7421171], [101.3031409, 14.7420549], [101.3029361, 14.7418187], [101.3027642, 14.7416046], [101.3027396, 14.7415719], [101.3027001, 14.7415027], [101.302674, 14.7414428], [101.3026522, 14.7413298], [101.3026471, 14.7413075], [101.302636, 14.7412828], [101.302589, 14.7411972], [101.3025436, 14.7411446], [101.3025082, 14.7411131], [101.3024679, 14.741084], [101.3024338, 14.7410737], [101.3023804, 14.7410672], [101.3023307, 14.7410653], [101.3022617, 14.7410684], [101.3022121, 14.7410759], [101.3017783, 14.7411834], [101.3014328, 14.7412638], [101.3012598, 14.7413146], [101.3011196, 14.7413558], [101.3008581, 14.7414493], [101.3007766, 14.7414746], [101.3007208, 14.7414851], [101.3006854, 14.7414881], [101.3006377, 14.7414906], [101.3005886, 14.7414891], [101.3005552, 14.7414855], [101.3005114, 14.7414753], [101.3004594, 14.7414526], [101.3003962, 14.7414088], [101.3003694, 14.7413865], [101.3003548, 14.7413627], [101.3003444, 14.741339], [101.3003365, 14.7413052], [101.300337, 14.7412071], [101.3003377, 14.7411758], [101.3003421, 14.7411528], [101.300347, 14.7411369], [101.3003637, 14.7411138], [101.3003844, 14.7410927], [101.3004138, 14.7410685], [101.3004529, 14.7410448], [101.3005022, 14.7410209], [101.3005399, 14.7410036], [101.3005622, 14.7409865], [101.3005799, 14.7409719], [101.3005935, 14.7409518], [101.3006076, 14.7409238], [101.3006564, 14.7408069], [101.3007232, 14.7406918], [101.3007302, 14.7406724], [101.3007352, 14.7406478], [101.3007454, 14.7405854], [101.3007591, 14.7404884], [101.3007636, 14.7404565], [101.3007694, 14.7404328], [101.3007777, 14.7404151], [101.3008028, 14.7403783], [101.3009372, 14.7402543], [101.3009588, 14.7402293], [101.3009754, 14.740202], [101.3009897, 14.7401759], [101.3009943, 14.7401476], [101.3009976, 14.7401169], [101.3009899, 14.7400804], [101.3009702, 14.7400487], [101.3009322, 14.7400043], [101.3009015, 14.7399728], [101.3006946, 14.7397708], [101.3004228, 14.7395046], [101.3003237, 14.7394071], [101.3001817, 14.7392672], [101.3000149, 14.7390911], [101.2999604, 14.7390377], [101.2998881, 14.7389669], [101.2998654, 14.7389413], [101.2998338, 14.7389204], [101.2997865, 14.7388937], [101.2997536, 14.7388794], [101.2995982, 14.7388248], [101.2995716, 14.7388155], [101.2993472, 14.7387302], [101.2993095, 14.7387113], [101.2992492, 14.7386814], [101.2992265, 14.7386644], [101.2991859, 14.7386283], [101.2991494, 14.7385882], [101.2991403, 14.7385704], [101.2991298, 14.7385426], [101.2991235, 14.7385208], [101.2991197, 14.738491], [101.2991192, 14.7384439], [101.2991244, 14.738414], [101.2991422, 14.7383554], [101.2991923, 14.7382264], [101.2992101, 14.7381932], [101.2992376, 14.7381505], [101.2994196, 14.737872], [101.2994728, 14.7377784], [101.2994783, 14.7377679], [101.2994797, 14.7377529], [101.299478, 14.737739], [101.2994716, 14.7377157], [101.2994653, 14.7376989], [101.2994585, 14.737683], [101.2994414, 14.7376578], [101.299414, 14.7376282], [101.2993811, 14.7376084], [101.2993564, 14.7375977], [101.2992916, 14.7375718], [101.2992642, 14.7375588], [101.299234, 14.7375388], [101.2991883, 14.737498], [101.2990714, 14.7373937], [101.2990453, 14.737378], [101.298957, 14.7373384], [101.2989227, 14.7373215], [101.2989035, 14.7373084], [101.298876, 14.7372829], [101.2988478, 14.7372632], [101.2987861, 14.7372335], [101.2985926, 14.7371576], [101.298561, 14.7371508], [101.2985198, 14.7371454], [101.2984264, 14.737138], [101.2983403, 14.7371318], [101.2981106, 14.7371331], [101.2980628, 14.7371334], [101.2979781, 14.7371448], [101.2978801, 14.7371588], [101.2978641, 14.7371626], [101.2975827, 14.7372291], [101.2972745, 14.7372753], [101.2970784, 14.7372978], [101.2968904, 14.7373097], [101.2968133, 14.7373031], [101.2967846, 14.7372994], [101.2967637, 14.7372941], [101.296747, 14.7372898], [101.2967114, 14.7372736], [101.296662, 14.7372429], [101.2966235, 14.7372121], [101.2965531, 14.7371291], [101.2963163, 14.7368157], [101.2962575, 14.7367562], [101.2962319, 14.7367387], [101.2961972, 14.7367258], [101.2961644, 14.7367191], [101.2961226, 14.736716], [101.2960626, 14.7367165], [101.296, 14.736726], [101.2958553, 14.736747], [101.2956343, 14.7367792], [101.2955879, 14.7367787], [101.2955543, 14.7367755], [101.2954687, 14.7367675], [101.295396, 14.7367603], [101.2950974, 14.7367161], [101.2950546, 14.7367097], [101.2947762, 14.7366789], [101.2947226, 14.7366785], [101.2946972, 14.7366832], [101.29466, 14.7366933], [101.2946202, 14.7367123], [101.2945544, 14.7367634], [101.2945221, 14.7368035], [101.2944765, 14.7368711], [101.2944649, 14.7368912], [101.2943908, 14.7370197], [101.2943495, 14.7370643], [101.294307, 14.7370931], [101.2942645, 14.7371138], [101.2942293, 14.7371292], [101.2941767, 14.7371421], [101.2941313, 14.7371479], [101.2940477, 14.7371513], [101.2939777, 14.7371494], [101.2939322, 14.7371445], [101.2938849, 14.7371362], [101.2938293, 14.7371208], [101.2937453, 14.7370854], [101.2935708, 14.7370013], [101.2935471, 14.7369874], [101.2935177, 14.736962], [101.2934599, 14.7369104], [101.2934147, 14.7368663], [101.2933534, 14.7368065], [101.2933245, 14.7367899], [101.2932989, 14.7367792], [101.2932019, 14.7367518], [101.2931881, 14.736748], [101.2931681, 14.7367387], [101.2931568, 14.7367314], [101.2931454, 14.7367225], [101.2931239, 14.7367032], [101.2931006, 14.7366763], [101.2930869, 14.7366422], [101.2930793, 14.7366116], [101.2930741, 14.7365572], [101.2930672, 14.7364962], [101.2930571, 14.7364597], [101.2930362, 14.7364304], [101.2929909, 14.7363849], [101.2928907, 14.7363289], [101.2928483, 14.7363147], [101.2927929, 14.7363007], [101.2927636, 14.7362983], [101.2927261, 14.736298], [101.2925945, 14.7362953], [101.292572, 14.7362929], [101.2925433, 14.7362852], [101.2925022, 14.7362724], [101.2923134, 14.7362033], [101.2922853, 14.7361942], [101.2922539, 14.7361873], [101.2921973, 14.7361825], [101.2920449, 14.7361706], [101.2919686, 14.7361725], [101.2919263, 14.7361777], [101.2918755, 14.7361923], [101.2918261, 14.7362199], [101.2917889, 14.7362486], [101.2917493, 14.7362914], [101.29171, 14.7363531], [101.2916822, 14.7364109], [101.2916756, 14.7364249], [101.2914462, 14.7369143], [101.2912879, 14.7372303], [101.2912078, 14.7373827], [101.2911697, 14.7374552], [101.2911289, 14.7375697], [101.2909437, 14.7380896], [101.2908599, 14.7383055], [101.2908084, 14.7384218], [101.2907709, 14.7384877], [101.290726, 14.7385421], [101.2906928, 14.7385813], [101.2906415, 14.7386252], [101.2904021, 14.7387691], [101.2901854, 14.7388994], [101.2898085, 14.7391234], [101.2894922, 14.7393152], [101.2893398, 14.7394157], [101.2892308, 14.7394986], [101.289117, 14.7395878], [101.2890546, 14.7396419], [101.2889746, 14.7397228], [101.288914, 14.7397973], [101.2888902, 14.7398353], [101.2888601, 14.7398922], [101.2888397, 14.7399585], [101.288834, 14.7400246], [101.2888389, 14.7401849], [101.2888459, 14.7403971], [101.2888615, 14.7406517], [101.2888573, 14.7407146], [101.2888532, 14.740787], [101.2888355, 14.7409397], [101.288833, 14.7410183], [101.2888326, 14.7411331], [101.2888367, 14.7413705], [101.2888447, 14.7415167], [101.288841, 14.741622], [101.2888388, 14.7417243], [101.2888362, 14.7417825], [101.2888284, 14.7418199], [101.2888179, 14.7418634], [101.2887957, 14.7419122], [101.2887067, 14.7420847], [101.2886283, 14.7422367], [101.2885881, 14.7423106], [101.288487, 14.7424637], [101.2883956, 14.7425849], [101.2882977, 14.7427008], [101.2882259, 14.7427811], [101.2882008, 14.7428132], [101.2881856, 14.7428434], [101.2881151, 14.7429697], [101.288084, 14.7430337], [101.2880663, 14.7430764], [101.2880494, 14.7431163], [101.2880322, 14.7432032], [101.2880218, 14.7432599], [101.2879795, 14.7435601], [101.2879535, 14.7436807], [101.2879376, 14.7437224], [101.2878932, 14.7438201], [101.2878655, 14.7438673], [101.2877976, 14.7439785], [101.2877358, 14.744072], [101.2876999, 14.7441122], [101.2876567, 14.7441542], [101.287518, 14.7442696], [101.287434, 14.7443355], [101.287397, 14.7443642], [101.2873696, 14.7443809], [101.2873376, 14.7443991], [101.287306, 14.7444119], [101.2872611, 14.7444243], [101.2872188, 14.7444361], [101.2871974, 14.7444458], [101.2871843, 14.7444579], [101.287156, 14.744493], [101.2871445, 14.744515], [101.2871406, 14.7445359], [101.287132, 14.7445897], [101.2871243, 14.7448181], [101.2871139, 14.7449536], [101.2870749, 14.7451432], [101.2870537, 14.7452885], [101.2870443, 14.7453461], [101.2870403, 14.7453974], [101.2870496, 14.7455848], [101.2870607, 14.7456917], [101.2870931, 14.7458365], [101.2871074, 14.7459], [101.2871151, 14.7459459], [101.2871101, 14.7459831], [101.2870994, 14.7460089], [101.2870869, 14.7460302], [101.2870407, 14.7460699], [101.2869858, 14.7460983], [101.2869308, 14.7461192], [101.286889, 14.7461276], [101.2868619, 14.7461308], [101.286798, 14.746132], [101.2867637, 14.7461308], [101.2867325, 14.7461271], [101.2867064, 14.7461209], [101.2866838, 14.7461142], [101.2866602, 14.7461025], [101.286637, 14.7460868], [101.286565, 14.7459579], [101.2862824, 14.7456765], [101.2856333, 14.7455053], [101.2836002, 14.7456194], [101.2825005, 14.7451681], [101.282302, 14.7447842], [101.2823879, 14.7441254], [101.2823235, 14.7435547], [101.2825541, 14.7423148], [101.2823825, 14.7413084], [101.2824308, 14.7405925], [101.2824307, 14.7404304], [101.28243, 14.7392475], [101.2824288, 14.7373765], [101.2821456, 14.7345929], [101.2818649, 14.7331428], [101.2821555, 14.732473], [101.2823731, 14.7315504], [101.2823571, 14.7310627], [101.2817187, 14.7302015], [101.2816828, 14.7298082], [101.2822755, 14.7294877], [101.2823897, 14.7291236], [101.2820782, 14.7283158], [101.2820287, 14.7275833], [101.2816323, 14.7270014], [101.2809669, 14.7261731], [101.2806059, 14.7260019], [101.2794946, 14.7262005], [101.2791831, 14.7265154], [101.2789566, 14.7266044], [101.2787443, 14.7264469], [101.2787797, 14.7260841], [101.2785673, 14.7258239], [101.2781143, 14.7258787], [101.2777604, 14.7264469], [101.2776613, 14.7274327], [101.2773711, 14.7275833], [101.2762598, 14.7272342], [101.2757501, 14.7262689], [101.2753183, 14.7259198], [101.2750281, 14.7255501], [101.2744194, 14.7254337], [101.2742495, 14.7256459], [101.2744406, 14.7260909], [101.2743557, 14.7265907], [101.273931, 14.7267687], [101.2732939, 14.7266386], [101.2720906, 14.7266523], [101.2713261, 14.7262621], [101.2711492, 14.7264811], [101.2711492, 14.7268508], [101.2710501, 14.7270425], [101.2701794, 14.7274396], [101.2701228, 14.7276244], [101.2704555, 14.7279051], [101.270505, 14.7282679], [101.2703847, 14.7283364], [101.2696627, 14.7281721], [101.2692522, 14.7282131], [101.268693, 14.7284801], [101.2679686, 14.7286631], [101.2675395, 14.728331], [101.2673088, 14.7283518], [101.2671586, 14.7286216], [101.2672176, 14.7295658], [101.2669279, 14.7300587], [101.2669172, 14.7306605], [101.2667509, 14.7308473], [101.2665685, 14.7308213], [101.2661769, 14.7306449], [101.2657049, 14.7307072], [101.2649914, 14.7305982], [101.2648305, 14.7307279], [101.2650987, 14.7311585], [101.2650504, 14.7313038], [101.2645783, 14.7315736], [101.2638434, 14.7318745], [101.2635859, 14.7324607], [101.2635645, 14.7332234], [101.2634947, 14.7333998], [101.2629851, 14.7334672], [101.2627598, 14.7333894], [101.262674, 14.733047], [101.2625077, 14.7329225], [101.2619068, 14.7328239], [101.261821, 14.7326164], [101.2619712, 14.7323414], [101.2618478, 14.732191], [101.2615152, 14.7321339], [101.261247, 14.7319886], [101.2610646, 14.7319886], [101.2609466, 14.7322273], [101.260775, 14.7324452], [101.2604531, 14.7324452], [101.2603994, 14.7323777], [101.2602975, 14.7317811], [101.2603351, 14.7310444], [101.260142, 14.7308576], [101.2596967, 14.7308213], [101.259289, 14.7305827], [101.2590476, 14.7301365], [101.2587848, 14.7301105], [101.2579776, 14.7305246], [101.2578138, 14.7306086], [101.2576636, 14.7306034], [101.2575402, 14.7303077], [101.257251, 14.7302206], [101.2566564, 14.7303986], [101.2565006, 14.7307272], [101.2565502, 14.7309873], [101.2568333, 14.7311927], [101.2567555, 14.7313364], [101.2559415, 14.7316171], [101.2556158, 14.731357], [101.2554318, 14.7313296], [101.2553186, 14.7315966], [101.2555451, 14.7323496], [101.2553327, 14.7326576], [101.2550283, 14.7327398], [101.2547948, 14.7325892], [101.2541648, 14.732507], [101.2539737, 14.7322264], [101.254094, 14.7316308], [101.2539949, 14.7314597], [101.2535985, 14.7314323], [101.2530393, 14.7318088], [101.2526429, 14.7317266], [101.251928, 14.7319525], [101.251567, 14.7317814], [101.2513759, 14.7320347], [101.2514608, 14.732466], [101.2512131, 14.7326508], [101.2509441, 14.732596], [101.2504982, 14.7321031], [101.2501655, 14.7321511], [101.2499531, 14.7326919], [101.2500098, 14.7329589], [101.2502858, 14.733041], [101.2504345, 14.7333764], [101.2503849, 14.7338625], [101.2496063, 14.7341637], [101.2494259, 14.7345944], [101.2493186, 14.7346411], [101.2491684, 14.7351599], [101.2489914, 14.7351599], [101.2486588, 14.734802], [101.2483584, 14.7348123], [101.2480419, 14.7347501], [101.2480419, 14.7345426], [101.2482297, 14.7344647], [101.248501, 14.7340571], [101.2484515, 14.7338517], [101.2481259, 14.7337491], [101.2478427, 14.7335916], [101.247687, 14.7332014], [101.2477578, 14.7325237], [101.2475667, 14.7318939], [101.2472269, 14.7316817], [101.2469541, 14.7313456], [101.246153, 14.7311072], [101.2456231, 14.7312621], [101.2454567, 14.7315422], [101.2456013, 14.7318482], [101.2454164, 14.732319], [101.2451946, 14.7323428], [101.2449235, 14.7325931], [101.2447694, 14.732611], [101.2446154, 14.7323786], [101.2447694, 14.7319197], [101.2445168, 14.7316515], [101.244184, 14.7316455], [101.2437773, 14.7319674], [101.2433275, 14.7319018], [101.2429824, 14.7321879], [101.2430009, 14.732468], [101.243272, 14.7328076], [101.2432535, 14.7329924], [101.2426435, 14.7334274], [101.2423231, 14.7334155], [101.2414111, 14.7330997], [101.2411276, 14.7330997], [101.2405607, 14.7337612], [101.2403389, 14.7338386], [101.2401848, 14.7337135], [101.2402464, 14.7334632], [101.2401479, 14.7332606], [101.2399137, 14.7332189], [101.2398336, 14.7330877], [101.2399507, 14.7329209], [101.2397904, 14.7326646], [101.2393529, 14.7326706], [101.2387367, 14.732897], [101.2384163, 14.7327719], [101.2380219, 14.7328374], [101.237874, 14.73276], [101.2378063, 14.7325871], [101.2375844, 14.7325454], [101.2373934, 14.7326408], [101.237264, 14.7329447], [101.2366263, 14.7338211], [101.2358123, 14.7342387], [101.2351328, 14.7343756], [101.2340993, 14.7347384], [101.2338303, 14.7348069], [101.2336746, 14.7346289], [101.2336746, 14.7344509], [101.2339931, 14.734355], [101.2341701, 14.7342934], [101.2342126, 14.7340675], [101.2338799, 14.7337252], [101.2336251, 14.733691], [101.2335189, 14.7338827], [101.233349, 14.7339169], [101.2328394, 14.7336979], [101.2327119, 14.7334925], [101.2327898, 14.7333008], [101.232811, 14.7331023], [101.2326695, 14.7330338], [101.2325704, 14.7328148], [101.2330234, 14.732452], [101.2328606, 14.732096], [101.2327049, 14.7320275], [101.232627, 14.7321097], [101.2323934, 14.7321644], [101.2319333, 14.7319659], [101.2316289, 14.7320686], [101.2308786, 14.7331297], [101.2309707, 14.7338964], [101.2307158, 14.7341771], [101.2305672, 14.7341771], [101.2305247, 14.733958], [101.2303265, 14.7338485], [101.2300151, 14.7339991], [101.2300009, 14.734266], [101.2302203, 14.7349848], [101.230115, 14.7358515], [101.2299004, 14.7361057], [101.2296161, 14.7360694], [101.2294498, 14.7355298], [101.2292406, 14.7353586], [101.2288919, 14.7355039], [101.2284198, 14.7363599], [101.2281627, 14.7364657], [101.2276242, 14.7365001], [101.22733, 14.7366085], [101.2269191, 14.7371415], [101.2265361, 14.7374305], [101.2263909, 14.7377812], [101.2264415, 14.7380509], [101.226758, 14.7385853], [101.2268546, 14.7390522], [101.2266722, 14.7394153], [101.2262216, 14.7397992], [101.2250307, 14.7400275], [101.2244835, 14.7401883], [101.2244137, 14.7403544], [101.2245371, 14.7404685], [101.2249663, 14.7404789], [101.2252989, 14.7405671], [101.2254008, 14.7408057], [101.2253525, 14.7411273], [101.2247926, 14.7414231], [101.2241542, 14.7415684], [101.2240309, 14.7417396], [101.2240631, 14.7427564], [101.2239751, 14.7429227], [101.2238375, 14.742925], [101.2237034, 14.7428134], [101.2235317, 14.7427823], [101.2233326, 14.7428204], [101.2228335, 14.7432077], [101.2217243, 14.7439765], [101.2202454, 14.7448644], [101.2197832, 14.744918], [101.2194258, 14.7451325], [101.2193087, 14.745651], [101.2191362, 14.7458], [101.2186247, 14.7457761], [101.21852, 14.7455974], [101.2186309, 14.7453292], [101.2184769, 14.7452041], [101.2181872, 14.7451981], [101.2179592, 14.7454424], [101.2177436, 14.7461396], [101.2175525, 14.7464078], [101.2167638, 14.7466223], [101.2160613, 14.7467415], [101.2159504, 14.7469501], [101.216012, 14.7471289], [101.2166837, 14.7472302], [101.2168747, 14.7473315], [101.2168254, 14.7475698], [101.2168747, 14.7476771], [101.2170781, 14.7477486], [101.2171643, 14.7478976], [101.2171582, 14.748416], [101.2172506, 14.7487914], [101.2171582, 14.749], [101.2168316, 14.748994], [101.2165604, 14.7491251], [101.2166221, 14.7493873], [101.2170349, 14.7494469], [101.2170411, 14.7495959], [101.2168069, 14.7499058], [101.216086, 14.7502454], [101.2157717, 14.7506268], [101.2158148, 14.7509427], [101.2164742, 14.7511751], [101.2164125, 14.7514611], [101.2158087, 14.7515743], [101.2155992, 14.7519616], [101.2156423, 14.7529925], [101.2155129, 14.7535884], [101.2151925, 14.7538089], [101.2149028, 14.7537374], [101.2147056, 14.7534395], [101.2145146, 14.7533739], [101.2141511, 14.7535467], [101.2138491, 14.7541188], [101.2138075, 14.7545829], [101.2135319, 14.7548042], [101.2131397, 14.7548403], [101.2123318, 14.7544971], [101.2121496, 14.7542623], [101.2118694, 14.7541539], [101.2111409, 14.7542849], [101.2108092, 14.7545975], [101.210935, 14.7548844], [101.2115192, 14.755314], [101.2116573, 14.7558727], [101.2117104, 14.7560875], [101.2116374, 14.7562808], [101.2111377, 14.7563215], [101.2108141, 14.7562347], [101.2098784, 14.7553132], [101.2089232, 14.7545805], [101.2088383, 14.7543033], [101.2088595, 14.7541014], [101.2094152, 14.7540055], [101.2094757, 14.7538231], [101.2088806, 14.7525767], [101.2085192, 14.7512099], [101.2082727, 14.7510252], [101.2080077, 14.7510013], [101.2070711, 14.7513052], [101.2058387, 14.7519429], [101.2055059, 14.7523123], [101.2049637, 14.752646], [101.2044185, 14.7529104], [101.2042971, 14.7530865], [101.2043625, 14.753371], [101.2045026, 14.7534297], [101.2048295, 14.7533213], [101.2050723, 14.753502], [101.205021, 14.7538], [101.2045773, 14.7540484], [101.2038862, 14.7542065], [101.2035312, 14.7541116], [101.2030629, 14.753699], [101.2026028, 14.7534799], [101.2020011, 14.7536442], [101.2011234, 14.7543561], [101.2009464, 14.7547394], [101.2008091, 14.7553915], [101.2006828, 14.7556239], [101.2003829, 14.7557042], [101.2001888, 14.7554583], [101.2002607, 14.7552364], [101.2000943, 14.754712], [101.1998478, 14.7546047], [101.1994843, 14.7546405], [101.1993918, 14.7548193], [101.1994522, 14.7555965], [101.1993354, 14.7557907], [101.1989886, 14.7558666], [101.198109, 14.755726], [101.1980006, 14.7553601], [101.1973318, 14.7547102], [101.1967751, 14.7541642], [101.1966779, 14.7537776], [101.1967944, 14.7531845], [101.19713, 14.7526612], [101.1980072, 14.7517177], [101.1983113, 14.7514755], [101.1984346, 14.7507204], [101.1982148, 14.750291], [101.198189, 14.7502405], [101.1979265, 14.7497918], [101.1975628, 14.7492155], [101.1974911, 14.7491506], [101.197357, 14.7491273], [101.1972114, 14.7491513], [101.197041, 14.7492173], [101.1959749, 14.7502349], [101.1955988, 14.7505072], [101.1951131, 14.7508215], [101.1948055, 14.7509897], [101.1944461, 14.7511207], [101.1940652, 14.7511894], [101.1935341, 14.7511764], [101.1931331, 14.7510662], [101.192832, 14.75085], [101.1925659, 14.7504942], [101.192354, 14.7500481], [101.1921823, 14.7495514], [101.1920944, 14.749068], [101.19199, 14.748807], [101.1918107, 14.7488062], [101.1913347, 14.7488952], [101.1907973, 14.7490702], [101.18992, 14.7494663], [101.1894708, 14.7496743], [101.1891135, 14.7496028], [101.1887774, 14.7493822], [101.1885625, 14.7489242], [101.1885274, 14.7485074], [101.1887851, 14.7473935], [101.1888081, 14.7470263], [101.1887464, 14.7466839], [101.1885774, 14.7463389], [101.1882985, 14.7460432], [101.1882099, 14.7459265], [101.1881784, 14.7458279], [101.1882274, 14.7456995], [101.1882824, 14.7456087], [101.1883844, 14.7454919], [101.1905853, 14.7442102], [101.1913966, 14.7435947], [101.1928712, 14.7419232], [101.1937041, 14.7411502], [101.1939493, 14.7405784], [101.1940633, 14.740126], [101.1938114, 14.7393872], [101.1931632, 14.7375804], [101.1931412, 14.7371702], [101.1929491, 14.7366338], [101.1926482, 14.7360658], [101.1925417, 14.7356246], [101.1924722, 14.7353366], [101.1911193, 14.7342524], [101.1906145, 14.7336923], [101.1906725, 14.733517], [101.191034, 14.7332261], [101.1922103, 14.7328874], [101.1932231, 14.7323906], [101.1935015, 14.7319658], [101.193927, 14.7317799], [101.1940302, 14.7314928], [101.1937425, 14.7304833], [101.1933811, 14.7297929], [101.193021, 14.7294127], [101.192819, 14.7290546], [101.1927488, 14.7286093], [101.1926252, 14.728388], [101.1924868, 14.7279909], [101.1921501, 14.7275886], [101.1915132, 14.7269181], [101.1911636, 14.726386], [101.1909192, 14.7260464], [101.1907413, 14.7258204], [101.1906211, 14.7255163], [101.1906366, 14.7252283], [101.1907259, 14.7250072], [101.1909135, 14.7246834], [101.1911537, 14.7245675], [101.1913092, 14.7244171], [101.1913455, 14.7242692], [101.1913173, 14.7241395], [101.1912046, 14.7240331], [101.1910608, 14.7239737], [101.1906172, 14.7238853], [101.1902457, 14.7239125], [101.1899024, 14.7240189], [101.1892024, 14.7243783], [101.1890974, 14.7245503], [101.1889719, 14.7247561], [101.1886898, 14.7250262], [101.1883762, 14.7253095], [101.1881416, 14.7254158], [101.1879136, 14.7254794], [101.1876534, 14.7254975], [101.18742, 14.7254495], [101.1872434, 14.7253452], [101.1870767, 14.7251888], [101.1869507, 14.7249852], [101.1868829, 14.724771], [101.1866235, 14.7237465], [101.1865095, 14.7235215], [101.1861906, 14.7228225], [101.1859593, 14.722631], [101.1855533, 14.722624], [101.1853892, 14.7224788], [101.1853032, 14.7222629], [101.1850734, 14.7219732], [101.1850537, 14.7219229], [101.1850654, 14.7218756], [101.1853164, 14.7217522], [101.1860575, 14.7211666], [101.1862486, 14.7210943], [101.186659, 14.7210533], [101.1874746, 14.7203766], [101.1876427, 14.7201354], [101.1877175, 14.7198086], [101.1877298, 14.7192495], [101.1878049, 14.7190796], [101.1878546, 14.7188163], [101.1878347, 14.7186523], [101.1877667, 14.7184474], [101.1878029, 14.7180073], [101.1876367, 14.7176495], [101.1876419, 14.7172766], [101.1876938, 14.7171232], [101.1878563, 14.7169427], [101.1885455, 14.716469], [101.189252, 14.7150469], [101.1892922, 14.714864], [101.1892822, 14.7146969], [101.1889174, 14.7140647], [101.1885376, 14.7137349], [101.1881314, 14.7134683], [101.1877873, 14.7130671], [101.1865745, 14.7116383], [101.1864905, 14.7113724], [101.1867262, 14.7110709], [101.1873933, 14.7105382], [101.1874296, 14.7105032], [101.187505, 14.7104306], [101.1881762, 14.7098787], [101.1884527, 14.7097261], [101.1886995, 14.7096651], [101.1891018, 14.7096158], [101.1895992, 14.7095766], [101.1897589, 14.7095678], [101.1899936, 14.7095548], [101.1903447, 14.7095146], [101.190438, 14.7095052], [101.1907888, 14.7094542], [101.1911324, 14.7091655], [101.1911623, 14.7089848], [101.1909372, 14.7086345], [101.1908836, 14.7083919], [101.1909686, 14.7076132], [101.1912244, 14.7071413], [101.1915135, 14.7067514], [101.191582, 14.7065911], [101.1918994, 14.706434], [101.1920911, 14.7063781], [101.1923969, 14.7063444], [101.1930205, 14.7063677], [101.1940236, 14.7062432], [101.1941537, 14.7061991], [101.1942905, 14.7061122], [101.1944357, 14.7059045], [101.1952007, 14.7053794], [101.1952297, 14.7051857], [101.1948933, 14.7046917], [101.1947961, 14.7045192], [101.1946942, 14.7044271], [101.1945546, 14.704392], [101.1942879, 14.7044024], [101.1941215, 14.7043584], [101.1940184, 14.7043098], [101.1937493, 14.7038682], [101.1937941, 14.7036324], [101.1939781, 14.7035555], [101.1947686, 14.7037715], [101.1950986, 14.7036461], [101.1955416, 14.7033038], [101.1959657, 14.7031064], [101.1961756, 14.7026039], [101.1960463, 14.7023671], [101.1953941, 14.7023497], [101.1950986, 14.7018722], [101.1949581, 14.7014679], [101.1950554, 14.7011403], [101.1952476, 14.7009214], [101.1959994, 14.7004851], [101.1963344, 14.700328], [101.1967489, 14.6998859], [101.1968241, 14.6994115], [101.1967381, 14.6991154], [101.1963613, 14.69862], [101.1964164, 14.6979876], [101.1962552, 14.6975785], [101.1960318, 14.6974286], [101.1958985, 14.6972125], [101.1959454, 14.6969755], [101.1961111, 14.6968117], [101.1961147, 14.6965921], [101.1960282, 14.6964632], [101.1960538, 14.6962139], [101.1961651, 14.6959059], [101.196452, 14.6956051], [101.1969268, 14.6954749], [101.1972333, 14.6957064], [101.1971862, 14.6958853], [101.1973738, 14.6960175], [101.1976485, 14.6958852], [101.1978802, 14.6957006], [101.1983006, 14.6950758], [101.198401, 14.6949731], [101.1985257, 14.6948797], [101.1987403, 14.6948291], [101.1988422, 14.6947954], [101.1989321, 14.6947253], [101.1989589, 14.6945995], [101.1989021, 14.6941468], [101.1988508, 14.693765], [101.1988449, 14.6936291], [101.1988758, 14.6935111], [101.1989777, 14.6934501], [101.1991654, 14.6934268], [101.1993223, 14.6933632], [101.199425, 14.6933038], [101.1994685, 14.6931855], [101.1994711, 14.6930658], [101.1993071, 14.6928972], [101.1990474, 14.6928287], [101.1988811, 14.6927353], [101.1987124, 14.6926194], [101.1985579, 14.692389], [101.1985123, 14.6922605], [101.1985002, 14.6921256], [101.1985338, 14.6919998], [101.1986304, 14.6918905], [101.1988127, 14.6918182], [101.1990072, 14.6917935], [101.1993905, 14.6918283], [101.1996268, 14.6917935], [101.1998363, 14.6916673], [101.2003102, 14.6905231], [101.2010792, 14.689404], [101.2011972, 14.6891367], [101.2012535, 14.6888124], [101.2011999, 14.6881183], [101.2012065, 14.6878891], [101.201098, 14.6873109], [101.2013901, 14.6865012], [101.2011659, 14.6858976], [101.2010987, 14.6851929], [101.2008256, 14.6847551], [101.2008249, 14.6845279], [101.2009587, 14.6843441], [101.2013436, 14.6841332], [101.2020396, 14.6838079], [101.2031219, 14.6837713], [101.2037577, 14.6834821], [101.2039128, 14.6832478], [101.2035516, 14.6827561], [101.2031895, 14.682283], [101.2028419, 14.6820947], [101.2026035, 14.6821166], [101.2023083, 14.6819958], [101.2022478, 14.6817432], [101.2022172, 14.6815445], [101.2013849, 14.6801838], [101.2011795, 14.6798577], [101.2011579, 14.6787487], [101.2013818, 14.678437], [101.2015083, 14.6770921], [101.2017335, 14.676444], [101.2020234, 14.675554], [101.2019263, 14.6751947], [101.2015938, 14.6750212], [101.200996, 14.6751043], [101.2007345, 14.6748332], [101.2005691, 14.6738423], [101.2004319, 14.6733911], [101.2004132, 14.6730514], [101.2002021, 14.6724847], [101.2005178, 14.6717636], [101.2005267, 14.6711562], [101.2005022, 14.6706985], [101.200444, 14.6703135], [101.1999548, 14.6697871], [101.1994515, 14.6693321], [101.1994658, 14.6691317], [101.1996478, 14.6690146], [101.2000834, 14.6689858], [101.2002183, 14.6688256], [101.2003673, 14.6677659], [101.2004358, 14.6674513], [101.2004856, 14.6673357], [101.2005951, 14.6670818], [101.200561, 14.6666367], [101.2005585, 14.6665912], [101.20055, 14.6664328], [101.2005185, 14.6658489], [101.200129, 14.6652782], [101.19978, 14.6650083], [101.1992963, 14.6644378], [101.199095, 14.6641428], [101.1990347, 14.6638779], [101.1992491, 14.6634649], [101.1996257, 14.6632313], [101.199977, 14.663458], [101.2007704, 14.6641178], [101.2010914, 14.6641292], [101.2013927, 14.664007], [101.2015639, 14.6637818], [101.20181, 14.6634581], [101.2021181, 14.6630891], [101.2026484, 14.6625577], [101.202733, 14.6619513], [101.2025745, 14.6615016], [101.202274, 14.660953], [101.2025388, 14.6600135], [101.2037991, 14.658271], [101.2040553, 14.6577824], [101.2044965, 14.6571409], [101.2046568, 14.6565852], [101.2049105, 14.6559474], [101.2050179, 14.6555008], [101.2050588, 14.6553306], [101.2050922, 14.6547784], [101.2051932, 14.6541632], [101.2053479, 14.6538962], [101.2054554, 14.6534623], [101.2054109, 14.6530463], [101.205081, 14.6527737], [101.2046029, 14.6528132], [101.2043545, 14.6528957], [101.2039284, 14.6528789], [101.2036016, 14.6527222], [101.2035638, 14.652161], [101.2039249, 14.6514908], [101.2039834, 14.6510706], [101.2040378, 14.6507582], [101.2041431, 14.6500595], [101.2043955, 14.6496505], [101.2049515, 14.6492621], [101.2053104, 14.6488422], [101.2060211, 14.6484252], [101.2063424, 14.648074], [101.2060872, 14.6472621], [101.2058702, 14.6467604], [101.2055086, 14.6466842], [101.2052017, 14.6465764], [101.205208, 14.6463669], [101.2056515, 14.6462205], [101.2057034, 14.6461042], [101.2054035, 14.6460131], [101.2052291, 14.6458911], [101.2052564, 14.6455942], [101.2052727, 14.645455], [101.2050851, 14.645099], [101.2049255, 14.6446449], [101.2048879, 14.6444191], [101.2048678, 14.64424], [101.204908, 14.6439922], [101.2051318, 14.6435347], [101.205465, 14.6431446], [101.2055475, 14.6429544], [101.2055139, 14.6425904], [101.2055855, 14.6423178], [101.2056525, 14.6420606], [101.2053875, 14.6415163], [101.205417, 14.6410389], [101.2054526, 14.6402961], [101.2053176, 14.6396898], [101.2054671, 14.63924], [101.2057195, 14.6390669], [101.2063598, 14.6389596], [101.2067802, 14.6389188], [101.2069224, 14.6388124], [101.2069707, 14.6387021], [101.2069505, 14.6384997], [101.2065676, 14.6377865], [101.2063208, 14.6370053], [101.2063144, 14.6366189], [101.2066278, 14.6358823], [101.206726, 14.635532], [101.2065006, 14.6348173], [101.2067121, 14.6342804], [101.2071179, 14.6340354], [101.2075341, 14.6336596], [101.2081653, 14.6333911], [101.2083352, 14.6327435], [101.2081826, 14.6319214], [101.2081445, 14.6313945], [101.2081329, 14.6312519], [101.2081746, 14.6309743], [101.2082408, 14.6308011], [101.2083414, 14.6305779], [101.2083341, 14.6304346], [101.2081869, 14.6301902], [101.2080741, 14.6299861], [101.2079368, 14.6299363], [101.2074587, 14.6299292], [101.2070517, 14.6298722], [101.2066544, 14.6296919], [101.2059775, 14.6296254], [101.2058451, 14.6293739], [101.2058991, 14.6292031], [101.2061051, 14.6290085], [101.2067574, 14.6290227], [101.2068506, 14.628757], [101.2068309, 14.6285339], [101.2066469, 14.6283103], [101.2063674, 14.6275747], [101.2061761, 14.6275225], [101.2058573, 14.6275747], [101.2055728, 14.6277978], [101.2053276, 14.6278073], [101.2052192, 14.6277386], [101.2051706, 14.627589], [101.2049303, 14.6264737], [101.2049523, 14.6259985], [101.2050529, 14.6255198], [101.2052442, 14.6252066], [101.205533, 14.6247034], [101.2055719, 14.6245659], [101.2055531, 14.6244296], [101.2054431, 14.6243258], [101.2050284, 14.6241578], [101.2045527, 14.6240202], [101.2039739, 14.6237402], [101.2039148, 14.623608], [101.2039787, 14.6235018], [101.2040661, 14.6234535], [101.204415, 14.6233721], [101.204562, 14.6232592], [101.2046278, 14.6230905], [101.2047109, 14.6227012], [101.2046908, 14.6225364], [101.2045958, 14.622465], [101.2042348, 14.6224209], [101.2041007, 14.6223365], [101.204039, 14.6222275], [101.2040283, 14.6220176], [101.2043099, 14.6206915], [101.204558, 14.6202197], [101.2050666, 14.6196868], [101.2050372, 14.619097], [101.2048018, 14.6187757], [101.2043057, 14.6181086], [101.2042889, 14.6173723], [101.204415, 14.6171323], [101.204642, 14.616754], [101.2045201, 14.6164652], [101.2043856, 14.6160991], [101.2044293, 14.6159298], [101.2045551, 14.6155764], [101.2048188, 14.6152584], [101.2051596, 14.6150818], [101.2054152, 14.6147323], [101.2055857, 14.6142965], [101.2057456, 14.6141196], [101.2060738, 14.6140444], [101.2064532, 14.6140551], [101.2067661, 14.6142239], [101.2069959, 14.614441], [101.207306, 14.6144651], [101.2074943, 14.6142614], [101.2076023, 14.6140471], [101.207702, 14.6135407], [101.2078709, 14.6132968], [101.2079263, 14.6130798], [101.2077242, 14.6129298], [101.2075331, 14.6128199], [101.2073311, 14.6125587], [101.2072342, 14.6123229], [101.2070625, 14.6120576], [101.2067524, 14.6119022], [101.2063481, 14.6117521], [101.2058243, 14.6115487], [101.2056011, 14.6113062], [101.2055972, 14.6111357], [101.2058165, 14.6110675], [101.2059614, 14.6109614], [101.2060749, 14.6106431], [101.2060593, 14.610393], [101.2058596, 14.6101997], [101.2054836, 14.6100822], [101.2052918, 14.60987], [101.2047279, 14.6091159], [101.2044547, 14.60883], [101.2043998, 14.6086574], [101.2043689, 14.6084303], [101.2043971, 14.608246], [101.2044772, 14.6081042], [101.2049134, 14.6076373], [101.2049416, 14.6074868], [101.2049443, 14.6073155], [101.2049121, 14.6071805], [101.2047029, 14.6068937], [101.2046613, 14.6067756], [101.2046371, 14.6066134], [101.2046965, 14.6063459], [101.204908, 14.6061526], [101.2052173, 14.6060314], [101.2064268, 14.6061761], [101.2065958, 14.6061858], [101.2067487, 14.606165], [101.2068627, 14.6061235], [101.206978, 14.6060664], [101.2070659, 14.6059314], [101.2071713, 14.6054801], [101.2071713, 14.6051467], [101.2069402, 14.6048776], [101.206811, 14.6046616], [101.2068345, 14.6044949], [101.2070146, 14.6044039], [101.2077313, 14.6040212], [101.2079701, 14.6038317], [101.2080445, 14.6036385], [101.2081033, 14.6033429], [101.2080015, 14.6029601], [101.2079388, 14.6027972], [101.2079975, 14.6025092], [101.2081581, 14.6025054], [101.2084596, 14.6023955], [101.2087142, 14.6018953], [101.2088356, 14.6015163], [101.2092193, 14.6011526], [101.2093995, 14.6009328], [101.2096892, 14.6003833], [101.2099751, 14.5998982], [101.210261, 14.5995723], [101.2105233, 14.5993071], [101.2105038, 14.5991214], [101.210355, 14.5989357], [101.2101239, 14.5989205], [101.2099242, 14.5987273], [101.209701, 14.5984885], [101.2095365, 14.5979314], [101.2095365, 14.5974881], [101.2096579, 14.5969613], [101.2096501, 14.5968476], [101.2093721, 14.5967453], [101.209048, 14.5965426], [101.2089354, 14.5964426], [101.2088512, 14.5962868], [101.2087651, 14.5960416], [101.2086633, 14.5957903], [101.2085612, 14.5956172], [101.2085129, 14.5954628], [101.2085317, 14.5953356], [101.2086363, 14.5951721], [101.208926, 14.5950579], [101.2092935, 14.5950228], [101.2095751, 14.5950436], [101.2098916, 14.5951137], [101.2102443, 14.5952344], [101.210586, 14.5953735], [101.2109149, 14.5955857], [101.2112517, 14.5956084], [101.2115141, 14.5954], [101.2116198, 14.5952143], [101.2116042, 14.5949642], [101.211565, 14.5944905], [101.2116707, 14.5939069], [101.2115767, 14.5936075], [101.2114123, 14.5934332], [101.2112909, 14.5932058], [101.2113261, 14.593077], [101.2115767, 14.5928951], [101.2118744, 14.5928117], [101.2123247, 14.5925843], [101.2126341, 14.5926108], [101.2131118, 14.5925957], [101.2136366, 14.5923569], [101.2140086, 14.59205], [101.2144237, 14.5919211], [101.2149602, 14.5915573], [101.2152539, 14.5912428], [101.2154144, 14.5909244], [101.2153596, 14.5904507], [101.2153674, 14.5901968], [101.2155554, 14.5898861], [101.2155945, 14.5893062], [101.2155671, 14.5883398], [101.215387, 14.5874644], [101.2153087, 14.5869755], [101.2151434, 14.5867706], [101.2149635, 14.5865777], [101.2146312, 14.5864249], [101.2142906, 14.5864276], [101.2140283, 14.5865228], [101.2138482, 14.5865872], [101.2136015, 14.5865683], [101.2131551, 14.5864356], [101.2128261, 14.586159], [101.2124893, 14.5857611], [101.2120194, 14.5853745], [101.2109936, 14.5847909], [101.2107548, 14.5846585], [101.2106911, 14.5843905], [101.2106108, 14.5842618], [101.2104669, 14.5841466], [101.21011, 14.5840738], [101.2098692, 14.5840701], [101.2097967, 14.5841591], [101.2096088, 14.5842065], [101.2094208, 14.584144], [101.2091819, 14.5840056], [101.2089705, 14.5837991], [101.2087551, 14.5835319], [101.2086141, 14.5833386], [101.2083752, 14.5832192], [101.2081657, 14.5830279], [101.2080052, 14.5827038], [101.2078896, 14.582503], [101.207827, 14.582448], [101.2078779, 14.5822642], [101.2081657, 14.5819307], [101.2083929, 14.5815896], [101.2083302, 14.5807786], [101.2082597, 14.5806573], [101.2076919, 14.5806535], [101.2076136, 14.5808089], [101.2076292, 14.5812106], [101.2075235, 14.5813471], [101.2071554, 14.5813546], [101.20685, 14.5811424], [101.2067677, 14.5808695], [101.2067481, 14.5805929], [101.2066032, 14.5803162], [101.2063017, 14.5800888], [101.2058083, 14.5800168], [101.205495, 14.580104], [101.2052248, 14.5800737], [101.2050604, 14.5799827], [101.2050838, 14.5798311], [101.2051896, 14.5796075], [101.2054794, 14.5791035], [101.2056086, 14.5788041], [101.2058201, 14.5783152], [101.2060393, 14.5780195], [101.2061764, 14.5776822], [101.2064074, 14.5774548], [101.206615, 14.577091], [101.2064819, 14.5769167], [101.2058631, 14.5768068], [101.205636, 14.5765718], [101.2053736, 14.5763937], [101.204888, 14.5763368], [101.204657, 14.5762345], [101.204191, 14.5759578], [101.2040539, 14.575522], [101.2037563, 14.5750407], [101.2035684, 14.5748019], [101.2035331, 14.5745063], [101.203447, 14.5742599], [101.2028557, 14.5739529], [101.2027421, 14.5737862], [101.2027734, 14.5734868], [101.2029301, 14.5732442], [101.2029849, 14.5730737], [101.2028596, 14.5728084], [101.2027225, 14.5722816], [101.2028165, 14.5718798], [101.2030201, 14.5716372], [101.2029692, 14.5713265], [101.2028126, 14.5711445], [101.2023427, 14.5709854], [101.2019706, 14.5708413], [101.2015915, 14.5711129], [101.2011141, 14.5711856], [101.2006634, 14.5708481], [101.2004006, 14.570817], [101.2000626, 14.5704328], [101.1998963, 14.5694775], [101.1998427, 14.5689946], [101.1996335, 14.5683976], [101.1999392, 14.5678576], [101.1998695, 14.5674942], [101.2006581, 14.5671723], [101.2008297, 14.5669698], [101.2013018, 14.5662014], [101.2013018, 14.5654433], [101.2012106, 14.5650228], [101.2006152, 14.5648462], [101.1998856, 14.5648359], [101.1992472, 14.5652616], [101.198625, 14.5651526], [101.1980134, 14.5649553], [101.1975253, 14.5644516], [101.1972302, 14.5639272], [101.1969137, 14.5629511], [101.1965704, 14.5619335], [101.1959159, 14.5616739], [101.1953688, 14.561705], [101.1949396, 14.5618504], [101.1942851, 14.561705], [101.1938345, 14.5614454], [101.1937809, 14.5612378], [101.1942422, 14.5604797], [101.194253, 14.5600228], [101.1941242, 14.5595763], [101.1935019, 14.5586209], [101.1934376, 14.5580082], [101.1935878, 14.5572398], [101.1944353, 14.5562637], [101.1949611, 14.5554017], [101.1950469, 14.5546125], [101.1947679, 14.5536156], [101.1942744, 14.5533145], [101.1941501, 14.5533284], [101.1939995, 14.5533578], [101.1938276, 14.5534084], [101.1934633, 14.5536218], [101.1923696, 14.5541778], [101.191296, 14.5545798], [101.1911239, 14.5546164], [101.1909231, 14.5546532], [101.1908297, 14.5546541], [101.1907072, 14.5546133], [101.190654, 14.5545828], [101.1905627, 14.5545307], [101.1903816, 14.5543854], [101.18908, 14.5527951], [101.1889706, 14.5526352], [101.1889262, 14.5524957], [101.1887624, 14.5519164], [101.1886665, 14.5516654], [101.1885885, 14.5515433], [101.1885341, 14.5514861], [101.1884194, 14.5513738], [101.1878708, 14.5510211], [101.1877552, 14.5509767], [101.187629, 14.550954], [101.1874293, 14.5509383], [101.1872945, 14.5509505], [101.1870981, 14.5510052], [101.1870731, 14.5510177], [101.186837, 14.5511787], [101.1865303, 14.5514125], [101.1859599, 14.5518446], [101.1857808, 14.5518953], [101.1856586, 14.5518964], [101.1854285, 14.5518706], [101.1852267, 14.5518025], [101.1849232, 14.5516234], [101.1848974, 14.551602], [101.1846407, 14.5513881], [101.1843144, 14.5510903], [101.1834257, 14.549839], [101.1833312, 14.5496889], [101.1829659, 14.5491085], [101.1824036, 14.5481831], [101.1823135, 14.5480632], [101.1822147, 14.5479609], [101.1817511, 14.5476238], [101.1817277, 14.5476068], [101.1814438, 14.5474003], [101.1814064, 14.5473543], [101.1813902, 14.5473257], [101.1813748, 14.5472896], [101.1813631, 14.547205], [101.1813622, 14.5471184], [101.1813972, 14.5469764], [101.1815499, 14.5464751], [101.1815732, 14.5463975], [101.1815781, 14.5463811], [101.1815827, 14.5463209], [101.1815792, 14.546252], [101.1815385, 14.5461327], [101.1814015, 14.545768], [101.1813949, 14.5457182], [101.1814007, 14.5456814], [101.1814323, 14.5455872], [101.1814501, 14.545556], [101.1814883, 14.5454964], [101.1815801, 14.5454317], [101.1817327, 14.5453358], [101.1823134, 14.5451284], [101.1823754, 14.5451068], [101.1824433, 14.5450737], [101.1825671, 14.5449721], [101.1825828, 14.5449569], [101.1827516, 14.5447933], [101.1827811, 14.544751], [101.1828011, 14.5447043], [101.1828074, 14.54466], [101.1828047, 14.5446135], [101.1827976, 14.5445826], [101.1827769, 14.5445419], [101.1827424, 14.5445144], [101.1826783, 14.5444752], [101.1825714, 14.5444197], [101.1825398, 14.5444033], [101.1824547, 14.5443751], [101.1823459, 14.5443667], [101.1822804, 14.5443724], [101.1822348, 14.5443843], [101.1817508, 14.5446033], [101.1816594, 14.5446353], [101.1815898, 14.5446458], [101.1815681, 14.5446473], [101.1815134, 14.5446512], [101.1813787, 14.5446316], [101.1813101, 14.5446112], [101.1812252, 14.5445605], [101.1811189, 14.5444682], [101.1810723, 14.5444056], [101.1810532, 14.5443686], [101.1810367, 14.5443366], [101.1810212, 14.5442732], [101.1810149, 14.5442083], [101.1810138, 14.5440957]]]}}]}